<?xml version="1.0" encoding="UTF-8"?><ImplementationGuide xmlns="http://hl7.org/fhir"><id value="ecr.fhir.us.anonymized-eicr"/><text><status value="extensions"/><div xmlns="http://www.w3.org/1999/xhtml"><h2>EICRAnonymized</h2><p>The official URL for this implementation guide is: </p><pre>http://fhir.org/fhir/us/anonymized-eicr/ImplementationGuide/ecr.fhir.us.anonymized-eicr</pre></div></text><url value="http://fhir.org/fhir/us/anonymized-eicr/ImplementationGuide/ecr.fhir.us.anonymized-eicr"/><version value="1.0.0"/><name value="EICRAnonymized"/><title value="CDC FHIR® Implementation Guide: Anonymized Electronic Initial Case Reporting (eICR)"/><status value="active"/><date value="2024-06-21T11:31:43+10:00"/><publisher value="APHL"/><jurisdiction><coding><system value="urn:iso:std:iso:3166"/><code value="US"/></coding></jurisdiction><packageId value="ecr.fhir.us.anonymized-eicr"/><license value="CC0-1.0"/><fhirVersion value="4.0.1"/><dependsOn id="hl7tx"><extension url="http://hl7.org/fhir/tools/StructureDefinition/implementationguide-dependency-comment"><valueMarkdown value="Automatically added as a dependency - all IGs depend on HL7 Terminology"/></extension><uri value="http://terminology.hl7.org/ImplementationGuide/hl7.terminology"/><packageId value="hl7.terminology.r4"/><version value="5.5.0"/></dependsOn><dependsOn id="hl7ext"><extension url="http://hl7.org/fhir/tools/StructureDefinition/implementationguide-dependency-comment"><valueMarkdown value="Automatically added as a dependency - all IGs depend on the HL7 Extension Pack"/></extension><uri value="http://hl7.org/fhir/extensions/ImplementationGuide/hl7.fhir.uv.extensions"/><packageId value="hl7.fhir.uv.extensions.r4"/><version value="5.1.0"/></dependsOn><dependsOn id="hl7fhirusecr"><uri value="http://hl7.org/fhir/us/ecr/ImplementationGuide/hl7.fhir.us.ecr"/><packageId value="hl7.fhir.us.ecr"/><version value="2.1.1"/></dependsOn><dependsOn id="usnlmvsac"><uri value="http://fhir.org/packages/us.nlm.vsac/ImplementationGuide/us.nlm.vsac"/><packageId value="us.nlm.vsac"/><version value="0.18.0"/></dependsOn><dependsOn id="hl7fhiruscore"><uri value="http://hl7.org/fhir/us/core/ImplementationGuide/hl7.fhir.us.core"/><packageId value="hl7.fhir.us.core"/><version value="4.0.0"/></dependsOn><dependsOn id="hl7fhirusodh"><uri value="http://hl7.org/fhir/us/odh/ImplementationGuide/hl7.fhir.us.odh"/><packageId value="hl7.fhir.us.odh"/><version value="1.1.0"/></dependsOn><definition><extension url="http://hl7.org/fhir/tools/StructureDefinition/ig-parameter"><extension url="code"><valueString value="copyrightyear"/></extension><extension url="value"><valueString value="2024+"/></extension></extension><extension url="http://hl7.org/fhir/tools/StructureDefinition/ig-parameter"><extension url="code"><valueString value="releaselabel"/></extension><extension url="value"><valueString value="ci-build"/></extension></extension><extension url="http://hl7.org/fhir/tools/StructureDefinition/ig-parameter"><extension url="code"><valueString value="show-inherited-invariants"/></extension><extension url="value"><valueString value="true"/></extension></extension><extension url="http://hl7.org/fhir/tools/StructureDefinition/ig-parameter"><extension url="code"><valueString value="autoload-resources"/></extension><extension url="value"><valueString value="true"/></extension></extension><extension url="http://hl7.org/fhir/tools/StructureDefinition/ig-parameter"><extension url="code"><valueString value="path-liquid"/></extension><extension url="value"><valueString value="template/liquid"/></extension></extension><extension url="http://hl7.org/fhir/tools/StructureDefinition/ig-parameter"><extension url="code"><valueString value="path-liquid"/></extension><extension url="value"><valueString value="input/liquid"/></extension></extension><extension url="http://hl7.org/fhir/tools/StructureDefinition/ig-parameter"><extension url="code"><valueString value="path-qa"/></extension><extension url="value"><valueString value="temp/qa"/></extension></extension><extension url="http://hl7.org/fhir/tools/StructureDefinition/ig-parameter"><extension url="code"><valueString value="path-temp"/></extension><extension url="value"><valueString value="temp/pages"/></extension></extension><extension url="http://hl7.org/fhir/tools/StructureDefinition/ig-parameter"><extension url="code"><valueString value="path-output"/></extension><extension url="value"><valueString value="output"/></extension></extension><extension url="http://hl7.org/fhir/tools/StructureDefinition/ig-parameter"><extension url="code"><valueString value="path-suppressed-warnings"/></extension><extension url="value"><valueString value="input/ignoreWarnings.txt"/></extension></extension><extension url="http://hl7.org/fhir/tools/StructureDefinition/ig-parameter"><extension url="code"><valueString value="path-history"/></extension><extension url="value"><valueString value="http://fhir.org/fhir/us/anonymized-eicr/history.html"/></extension></extension><extension url="http://hl7.org/fhir/tools/StructureDefinition/ig-parameter"><extension url="code"><valueString value="template-html"/></extension><extension url="value"><valueString value="template-page.html"/></extension></extension><extension url="http://hl7.org/fhir/tools/StructureDefinition/ig-parameter"><extension url="code"><valueString value="template-md"/></extension><extension url="value"><valueString value="template-page-md.html"/></extension></extension><extension url="http://hl7.org/fhir/tools/StructureDefinition/ig-parameter"><extension url="code"><valueString value="apply-contact"/></extension><extension url="value"><valueString value="true"/></extension></extension><extension url="http://hl7.org/fhir/tools/StructureDefinition/ig-parameter"><extension url="code"><valueString value="apply-context"/></extension><extension url="value"><valueString value="true"/></extension></extension><extension url="http://hl7.org/fhir/tools/StructureDefinition/ig-parameter"><extension url="code"><valueString value="apply-copyright"/></extension><extension url="value"><valueString value="true"/></extension></extension><extension url="http://hl7.org/fhir/tools/StructureDefinition/ig-parameter"><extension url="code"><valueString value="apply-jurisdiction"/></extension><extension url="value"><valueString value="true"/></extension></extension><extension url="http://hl7.org/fhir/tools/StructureDefinition/ig-parameter"><extension url="code"><valueString value="apply-license"/></extension><extension url="value"><valueString value="true"/></extension></extension><extension url="http://hl7.org/fhir/tools/StructureDefinition/ig-parameter"><extension url="code"><valueString value="apply-publisher"/></extension><extension url="value"><valueString value="true"/></extension></extension><extension url="http://hl7.org/fhir/tools/StructureDefinition/ig-parameter"><extension url="code"><valueString value="apply-version"/></extension><extension url="value"><valueString value="true"/></extension></extension><extension url="http://hl7.org/fhir/tools/StructureDefinition/ig-parameter"><extension url="code"><valueString value="apply-wg"/></extension><extension url="value"><valueString value="true"/></extension></extension><extension url="http://hl7.org/fhir/tools/StructureDefinition/ig-parameter"><extension url="code"><valueString value="active-tables"/></extension><extension url="value"><valueString value="true"/></extension></extension><extension url="http://hl7.org/fhir/tools/StructureDefinition/ig-parameter"><extension url="code"><valueString value="fmm-definition"/></extension><extension url="value"><valueString value="http://hl7.org/fhir/versions.html#maturity"/></extension></extension><extension url="http://hl7.org/fhir/tools/StructureDefinition/ig-parameter"><extension url="code"><valueString value="propagate-status"/></extension><extension url="value"><valueString value="true"/></extension></extension><extension url="http://hl7.org/fhir/tools/StructureDefinition/ig-parameter"><extension url="code"><valueString value="excludelogbinaryformat"/></extension><extension url="value"><valueString value="true"/></extension></extension><extension url="http://hl7.org/fhir/tools/StructureDefinition/ig-parameter"><extension url="code"><valueString value="tabbed-snapshots"/></extension><extension url="value"><valueString value="true"/></extension></extension><extension url="http://hl7.org/fhir/tools/StructureDefinition/ig-internal-dependency"><valueCode value="hl7.fhir.uv.tools#0.1.0"/></extension><extension url="http://hl7.org/fhir/tools/StructureDefinition/ig-parameter"><extension url="code"><valueCode value="copyrightyear"/></extension><extension url="value"><valueString value="2024+"/></extension></extension><extension url="http://hl7.org/fhir/tools/StructureDefinition/ig-parameter"><extension url="code"><valueCode value="releaselabel"/></extension><extension url="value"><valueString value="ci-build"/></extension></extension><extension url="http://hl7.org/fhir/tools/StructureDefinition/ig-parameter"><extension url="code"><valueCode value="show-inherited-invariants"/></extension><extension url="value"><valueString value="true"/></extension></extension><extension url="http://hl7.org/fhir/tools/StructureDefinition/ig-parameter"><extension url="code"><valueCode value="autoload-resources"/></extension><extension url="value"><valueString value="true"/></extension></extension><extension url="http://hl7.org/fhir/tools/StructureDefinition/ig-parameter"><extension url="code"><valueCode value="path-liquid"/></extension><extension url="value"><valueString value="template/liquid"/></extension></extension><extension url="http://hl7.org/fhir/tools/StructureDefinition/ig-parameter"><extension url="code"><valueCode value="path-liquid"/></extension><extension url="value"><valueString value="input/liquid"/></extension></extension><extension url="http://hl7.org/fhir/tools/StructureDefinition/ig-parameter"><extension url="code"><valueCode value="path-qa"/></extension><extension url="value"><valueString value="temp/qa"/></extension></extension><extension url="http://hl7.org/fhir/tools/StructureDefinition/ig-parameter"><extension url="code"><valueCode value="path-temp"/></extension><extension url="value"><valueString value="temp/pages"/></extension></extension><extension url="http://hl7.org/fhir/tools/StructureDefinition/ig-parameter"><extension url="code"><valueCode value="path-output"/></extension><extension url="value"><valueString value="output"/></extension></extension><extension url="http://hl7.org/fhir/tools/StructureDefinition/ig-parameter"><extension url="code"><valueCode value="path-suppressed-warnings"/></extension><extension url="value"><valueString value="input/ignoreWarnings.txt"/></extension></extension><extension url="http://hl7.org/fhir/tools/StructureDefinition/ig-parameter"><extension url="code"><valueCode value="path-history"/></extension><extension url="value"><valueString value="http://fhir.org/fhir/us/anonymized-eicr/history.html"/></extension></extension><extension url="http://hl7.org/fhir/tools/StructureDefinition/ig-parameter"><extension url="code"><valueCode value="template-html"/></extension><extension url="value"><valueString value="template-page.html"/></extension></extension><extension url="http://hl7.org/fhir/tools/StructureDefinition/ig-parameter"><extension url="code"><valueCode value="template-md"/></extension><extension url="value"><valueString value="template-page-md.html"/></extension></extension><extension url="http://hl7.org/fhir/tools/StructureDefinition/ig-parameter"><extension url="code"><valueCode value="apply-contact"/></extension><extension url="value"><valueString value="true"/></extension></extension><extension url="http://hl7.org/fhir/tools/StructureDefinition/ig-parameter"><extension url="code"><valueCode value="apply-context"/></extension><extension url="value"><valueString value="true"/></extension></extension><extension url="http://hl7.org/fhir/tools/StructureDefinition/ig-parameter"><extension url="code"><valueCode value="apply-copyright"/></extension><extension url="value"><valueString value="true"/></extension></extension><extension url="http://hl7.org/fhir/tools/StructureDefinition/ig-parameter"><extension url="code"><valueCode value="apply-jurisdiction"/></extension><extension url="value"><valueString value="true"/></extension></extension><extension url="http://hl7.org/fhir/tools/StructureDefinition/ig-parameter"><extension url="code"><valueCode value="apply-license"/></extension><extension url="value"><valueString value="true"/></extension></extension><extension url="http://hl7.org/fhir/tools/StructureDefinition/ig-parameter"><extension url="code"><valueCode value="apply-publisher"/></extension><extension url="value"><valueString value="true"/></extension></extension><extension url="http://hl7.org/fhir/tools/StructureDefinition/ig-parameter"><extension url="code"><valueCode value="apply-version"/></extension><extension url="value"><valueString value="true"/></extension></extension><extension url="http://hl7.org/fhir/tools/StructureDefinition/ig-parameter"><extension url="code"><valueCode value="apply-wg"/></extension><extension url="value"><valueString value="true"/></extension></extension><extension url="http://hl7.org/fhir/tools/StructureDefinition/ig-parameter"><extension url="code"><valueCode value="active-tables"/></extension><extension url="value"><valueString value="true"/></extension></extension><extension url="http://hl7.org/fhir/tools/StructureDefinition/ig-parameter"><extension url="code"><valueCode value="fmm-definition"/></extension><extension url="value"><valueString value="http://hl7.org/fhir/versions.html#maturity"/></extension></extension><extension url="http://hl7.org/fhir/tools/StructureDefinition/ig-parameter"><extension url="code"><valueCode value="propagate-status"/></extension><extension url="value"><valueString value="true"/></extension></extension><extension url="http://hl7.org/fhir/tools/StructureDefinition/ig-parameter"><extension url="code"><valueCode value="excludelogbinaryformat"/></extension><extension url="value"><valueString value="true"/></extension></extension><extension url="http://hl7.org/fhir/tools/StructureDefinition/ig-parameter"><extension url="code"><valueCode value="tabbed-snapshots"/></extension><extension url="value"><valueString value="true"/></extension></extension><extension url="http://hl7.org/fhir/tools/StructureDefinition/ig-parameter"><extension url="code"><valueCode value="copyrightyear"/></extension><extension url="value"><valueString value="2024+"/></extension></extension><extension url="http://hl7.org/fhir/tools/StructureDefinition/ig-parameter"><extension url="code"><valueCode value="releaselabel"/></extension><extension url="value"><valueString value="ci-build"/></extension></extension><extension url="http://hl7.org/fhir/tools/StructureDefinition/ig-parameter"><extension url="code"><valueCode value="show-inherited-invariants"/></extension><extension url="value"><valueString value="true"/></extension></extension><extension url="http://hl7.org/fhir/tools/StructureDefinition/ig-parameter"><extension url="code"><valueCode value="autoload-resources"/></extension><extension url="value"><valueString value="true"/></extension></extension><extension url="http://hl7.org/fhir/tools/StructureDefinition/ig-parameter"><extension url="code"><valueCode value="path-liquid"/></extension><extension url="value"><valueString value="template/liquid"/></extension></extension><extension url="http://hl7.org/fhir/tools/StructureDefinition/ig-parameter"><extension url="code"><valueCode value="path-liquid"/></extension><extension url="value"><valueString value="input/liquid"/></extension></extension><extension url="http://hl7.org/fhir/tools/StructureDefinition/ig-parameter"><extension url="code"><valueCode value="path-qa"/></extension><extension url="value"><valueString value="temp/qa"/></extension></extension><extension url="http://hl7.org/fhir/tools/StructureDefinition/ig-parameter"><extension url="code"><valueCode value="path-temp"/></extension><extension url="value"><valueString value="temp/pages"/></extension></extension><extension url="http://hl7.org/fhir/tools/StructureDefinition/ig-parameter"><extension url="code"><valueCode value="path-output"/></extension><extension url="value"><valueString value="output"/></extension></extension><extension url="http://hl7.org/fhir/tools/StructureDefinition/ig-parameter"><extension url="code"><valueCode value="path-suppressed-warnings"/></extension><extension url="value"><valueString value="input/ignoreWarnings.txt"/></extension></extension><extension url="http://hl7.org/fhir/tools/StructureDefinition/ig-parameter"><extension url="code"><valueCode value="path-history"/></extension><extension url="value"><valueString value="http://fhir.org/fhir/us/anonymized-eicr/history.html"/></extension></extension><extension url="http://hl7.org/fhir/tools/StructureDefinition/ig-parameter"><extension url="code"><valueCode value="template-html"/></extension><extension url="value"><valueString value="template-page.html"/></extension></extension><extension url="http://hl7.org/fhir/tools/StructureDefinition/ig-parameter"><extension url="code"><valueCode value="template-md"/></extension><extension url="value"><valueString value="template-page-md.html"/></extension></extension><extension url="http://hl7.org/fhir/tools/StructureDefinition/ig-parameter"><extension url="code"><valueCode value="apply-contact"/></extension><extension url="value"><valueString value="true"/></extension></extension><extension url="http://hl7.org/fhir/tools/StructureDefinition/ig-parameter"><extension url="code"><valueCode value="apply-context"/></extension><extension url="value"><valueString value="true"/></extension></extension><extension url="http://hl7.org/fhir/tools/StructureDefinition/ig-parameter"><extension url="code"><valueCode value="apply-copyright"/></extension><extension url="value"><valueString value="true"/></extension></extension><extension url="http://hl7.org/fhir/tools/StructureDefinition/ig-parameter"><extension url="code"><valueCode value="apply-jurisdiction"/></extension><extension url="value"><valueString value="true"/></extension></extension><extension url="http://hl7.org/fhir/tools/StructureDefinition/ig-parameter"><extension url="code"><valueCode value="apply-license"/></extension><extension url="value"><valueString value="true"/></extension></extension><extension url="http://hl7.org/fhir/tools/StructureDefinition/ig-parameter"><extension url="code"><valueCode value="apply-publisher"/></extension><extension url="value"><valueString value="true"/></extension></extension><extension url="http://hl7.org/fhir/tools/StructureDefinition/ig-parameter"><extension url="code"><valueCode value="apply-version"/></extension><extension url="value"><valueString value="true"/></extension></extension><extension url="http://hl7.org/fhir/tools/StructureDefinition/ig-parameter"><extension url="code"><valueCode value="apply-wg"/></extension><extension url="value"><valueString value="true"/></extension></extension><extension url="http://hl7.org/fhir/tools/StructureDefinition/ig-parameter"><extension url="code"><valueCode value="active-tables"/></extension><extension url="value"><valueString value="true"/></extension></extension><extension url="http://hl7.org/fhir/tools/StructureDefinition/ig-parameter"><extension url="code"><valueCode value="fmm-definition"/></extension><extension url="value"><valueString value="http://hl7.org/fhir/versions.html#maturity"/></extension></extension><extension url="http://hl7.org/fhir/tools/StructureDefinition/ig-parameter"><extension url="code"><valueCode value="propagate-status"/></extension><extension url="value"><valueString value="true"/></extension></extension><extension url="http://hl7.org/fhir/tools/StructureDefinition/ig-parameter"><extension url="code"><valueCode value="excludelogbinaryformat"/></extension><extension url="value"><valueString value="true"/></extension></extension><extension url="http://hl7.org/fhir/tools/StructureDefinition/ig-parameter"><extension url="code"><valueCode value="tabbed-snapshots"/></extension><extension url="value"><valueString value="true"/></extension></extension><grouping id="-str-profile"><name value="Structures: Resource Profiles"/><description value="These define constraints on FHIR resources for systems conforming to this implementation guide."/></grouping><grouping id="-ex-example"><name value="Example: Example Instances"/><description value="These are example instances that show what data produced and consumed by systems conforming with this implementation guide might look like."/></grouping><resource><extension url="http://hl7.org/fhir/tools/StructureDefinition/resource-sort"><valueInteger value="999999999"/></extension><extension url="http://hl7.org/fhir/StructureDefinition/implementationguide-page"><valueUri value="StructureDefinition-eicr-anon-caculated-age.html"/></extension><reference><reference value="StructureDefinition/eicr-anon-caculated-age"/></reference><name value="eICR Anonymized Calculated Age"/><description value="This Observation profile represents the patient's age, calculated by subtracting the date of birth from the current date."/><exampleBoolean value="false"/><groupingId value="-str-profile"/></resource><resource><extension url="http://hl7.org/fhir/tools/StructureDefinition/resource-sort"><valueInteger value="999999999"/></extension><extension url="http://hl7.org/fhir/StructureDefinition/implementationguide-page"><valueUri value="StructureDefinition-eicr-anon-composition.html"/></extension><reference><reference value="StructureDefinition/eicr-anon-composition"/></reference><name value="eICR Anonymized Composition"/><description value="This Composition profile represents an anonymized eICR Composition."/><exampleBoolean value="false"/><groupingId value="-str-profile"/></resource><resource><extension url="http://hl7.org/fhir/tools/StructureDefinition/resource-sort"><valueInteger value="999999999"/></extension><extension url="http://hl7.org/fhir/StructureDefinition/implementationguide-page"><valueUri value="StructureDefinition-eicr-anon-document-bundle.html"/></extension><reference><reference value="StructureDefinition/eicr-anon-document-bundle"/></reference><name value="eICR Anonymized Document Bundle"/><description value="This Composition profile represents an anonymized eICR Document Bundle.&#xD;&#xA;&#xD;&#xA;It is based on the **eICR Document Bundle** profile with further constraints to require masking the contained eICR Composition.&#xD;&#xA;&#xD;&#xA;It also adds invariants (constraints) to check that any required anonymized profiles are present in the Bundle entries."/><exampleBoolean value="false"/><groupingId value="-str-profile"/></resource><resource><extension url="http://hl7.org/fhir/tools/StructureDefinition/resource-sort"><valueInteger value="999999999"/></extension><extension url="http://hl7.org/fhir/StructureDefinition/implementationguide-page"><valueUri value="StructureDefinition-eicr-anon-encounter.html"/></extension><reference><reference value="StructureDefinition/eicr-anon-encounter"/></reference><name value="eICR Anonymized Encounter"/><description value="This Encounter profile represents an anonymized eICR Encounter.&#xD;&#xA;&#xD;&#xA;It is based on the **eICR Encounter** profile with further constraints to require masking of some data elements."/><exampleBoolean value="false"/><groupingId value="-str-profile"/></resource><resource><extension url="http://hl7.org/fhir/tools/StructureDefinition/resource-sort"><valueInteger value="999999999"/></extension><extension url="http://hl7.org/fhir/StructureDefinition/implementationguide-page"><valueUri value="StructureDefinition-eicr-anon-immunization.html"/></extension><reference><reference value="StructureDefinition/eicr-anon-immunization"/></reference><name value="eICR Anonymized Immunization"/><description value="This Immunization profile represents an anonymized eICR Immunization.&#xD;&#xA;&#xD;&#xA;It is based on the **US Core Immunization** profile with further constraints to require removal of performer."/><exampleBoolean value="false"/><groupingId value="-str-profile"/></resource><resource><extension url="http://hl7.org/fhir/tools/StructureDefinition/resource-sort"><valueInteger value="999999999"/></extension><extension url="http://hl7.org/fhir/StructureDefinition/implementationguide-page"><valueUri value="StructureDefinition-eicr-anon-location.html"/></extension><reference><reference value="StructureDefinition/eicr-anon-location"/></reference><name value="eICR Anonymized Location"/><description value="This Location profile represents an anonymized eCR Location.&#xD;&#xA;&#xD;&#xA;It is based on the **US Public Health Location** profile with further constraints to require masking of some data elements."/><exampleBoolean value="false"/><groupingId value="-str-profile"/></resource><resource><extension url="http://hl7.org/fhir/tools/StructureDefinition/resource-sort"><valueInteger value="999999999"/></extension><extension url="http://hl7.org/fhir/StructureDefinition/implementationguide-page"><valueUri value="StructureDefinition-eicr-anon-org-tele.html"/></extension><reference><reference value="StructureDefinition/eicr-anon-org-tele"/></reference><name value="eICR Anonymized Organization - Telecom"/><description value="This Organization profile represents an anonymized eCR Organization - Telecom.&#xD;&#xA;&#xD;&#xA;It is based on the **US Public Health Organization** profile with further constraints to require masking of telecom."/><exampleBoolean value="false"/><groupingId value="-str-profile"/></resource><resource><extension url="http://hl7.org/fhir/tools/StructureDefinition/resource-sort"><valueInteger value="999999999"/></extension><extension url="http://hl7.org/fhir/StructureDefinition/implementationguide-page"><valueUri value="StructureDefinition-eicr-anon-org-tele-addr.html"/></extension><reference><reference value="StructureDefinition/eicr-anon-org-tele-addr"/></reference><name value="eICR Anonymized Organization - Telecom, Address"/><description value="This Organization profile represents an anonymized eCR Organization.&#xD;&#xA;&#xD;&#xA;It is based on the **EICRAnonymizedOrgTele** profile with further constraints to require masking of address."/><exampleBoolean value="false"/><groupingId value="-str-profile"/></resource><resource><extension url="http://hl7.org/fhir/tools/StructureDefinition/resource-sort"><valueInteger value="999999999"/></extension><extension url="http://hl7.org/fhir/StructureDefinition/implementationguide-page"><valueUri value="StructureDefinition-eicr-anon-org-tele-addr-name.html"/></extension><reference><reference value="StructureDefinition/eicr-anon-org-tele-addr-name"/></reference><name value="eICR Anonymized Organization - Telecom, Address, Name"/><description value="This Organization profile represents an anonymized eCR Organization.&#xD;&#xA;&#xD;&#xA;It is based on the **EICRAnonymizedOrgTeleAddr** profile with further constraints to require masking of name."/><exampleBoolean value="false"/><groupingId value="-str-profile"/></resource><resource><extension url="http://hl7.org/fhir/tools/StructureDefinition/resource-sort"><valueInteger value="999999999"/></extension><extension url="http://hl7.org/fhir/StructureDefinition/implementationguide-page"><valueUri value="StructureDefinition-eicr-anon-past-or-present-job.html"/></extension><reference><reference value="StructureDefinition/eicr-anon-past-or-present-job"/></reference><name value="eICR Anonymized Past or Present Job"/><description value="This Past or Present Job profile represents an anonymized eICR Past or Present Job.&#xD;&#xA;&#xD;&#xA;It is based on the **Occupational Data for Health Past Or Present Job** profile with further constraints to require masking of some data elements."/><exampleBoolean value="false"/><groupingId value="-str-profile"/></resource><resource><extension url="http://hl7.org/fhir/tools/StructureDefinition/resource-sort"><valueInteger value="999999999"/></extension><extension url="http://hl7.org/fhir/StructureDefinition/implementationguide-page"><valueUri value="StructureDefinition-eicr-anon-patient.html"/></extension><reference><reference value="StructureDefinition/eicr-anon-patient"/></reference><name value="eICR Anonymized Patient"/><description value="This Patient profile represents an anonymized eICR Patient.&#xD;&#xA;&#xD;&#xA;It is based on the **US Public Health Patient** profile with further constraints to require masking of some data elements."/><exampleBoolean value="false"/><groupingId value="-str-profile"/></resource><resource><extension url="http://hl7.org/fhir/tools/StructureDefinition/resource-sort"><valueInteger value="999999999"/></extension><extension url="http://hl7.org/fhir/StructureDefinition/implementationguide-page"><valueUri value="StructureDefinition-eicr-anon-practitioner.html"/></extension><reference><reference value="StructureDefinition/eicr-anon-practitioner"/></reference><name value="eICR Anonymized Practitioner"/><description value="This Practitioner profile represents an anonymized eCR Practitioner.&#xD;&#xA;&#xD;&#xA;It is based on the **US Core Practitioner** profile with further constraints to require masking of some data elements."/><exampleBoolean value="false"/><groupingId value="-str-profile"/></resource><resource><extension url="http://hl7.org/fhir/tools/StructureDefinition/resource-sort"><valueInteger value="999999999"/></extension><extension url="http://hl7.org/fhir/StructureDefinition/implementationguide-page"><valueUri value="StructureDefinition-eicr-anon-practitionerrole.html"/></extension><reference><reference value="StructureDefinition/eicr-anon-practitionerrole"/></reference><name value="eICR Anonymized PractitionerRole"/><description value="This PractitionerRole profile represents an anonymized eCR PractitionerRole.&#xD;&#xA;&#xD;&#xA;It is based on the **US Public Health PractitionerRole** profile with further constraints to require masking of some data elements."/><exampleBoolean value="false"/><groupingId value="-str-profile"/></resource><resource><extension url="http://hl7.org/fhir/tools/StructureDefinition/resource-sort"><valueInteger value="999999999"/></extension><extension url="http://hl7.org/fhir/StructureDefinition/implementationguide-page"><valueUri value="StructureDefinition-eicr-anon-relatedperson.html"/></extension><reference><reference value="StructureDefinition/eicr-anon-relatedperson"/></reference><name value="eICR Anonymized RelatedPerson"/><description value="This RelatedPerson profile represents an anonymized eCR RelatedPerson.&#xD;&#xA;&#xD;&#xA;It is based on the **RelatedPerson** resource with further constraints to require masking of some data elements."/><exampleBoolean value="false"/><groupingId value="-str-profile"/></resource><resource><extension url="http://hl7.org/fhir/tools/StructureDefinition/resource-sort"><valueInteger value="999999999"/></extension><extension url="http://hl7.org/fhir/StructureDefinition/implementationguide-page"><valueUri value="Observation-observation-calculated-age-anon.html"/></extension><reference><reference value="Observation/observation-calculated-age-anon"/></reference><name value="Calculated Age Observation Example: anonymized"/><description value="Example of Calculated Age Observation (anonymized)"/><exampleCanonical value="http://fhir.org/fhir/us/anonymized-eicr/StructureDefinition/eicr-anon-caculated-age"/><groupingId value="-ex-example"/></resource><resource><extension url="http://hl7.org/fhir/tools/StructureDefinition/resource-sort"><valueInteger value="999999999"/></extension><extension url="http://hl7.org/fhir/StructureDefinition/implementationguide-page"><valueUri value="Observation-observation-country-of-nationality-anon.html"/></extension><reference><reference value="Observation/observation-country-of-nationality-anon"/></reference><name value="Country of Nationality Observation Example: anonymized"/><description value="Example of Country of Nationality Observation (anonymized)"/><exampleBoolean value="true"/><groupingId value="-ex-example"/></resource><resource><extension url="http://hl7.org/fhir/tools/StructureDefinition/resource-sort"><valueInteger value="999999999"/></extension><extension url="http://hl7.org/fhir/StructureDefinition/implementationguide-page"><valueUri value="Observation-observation-country-of-residence-anon.html"/></extension><reference><reference value="Observation/observation-country-of-residence-anon"/></reference><name value="Country of Residence Observation Example: anonymized"/><description value="Example of Country of Residence Observation (anonymized)"/><exampleBoolean value="true"/><groupingId value="-ex-example"/></resource><resource><extension url="http://hl7.org/fhir/tools/StructureDefinition/resource-sort"><valueInteger value="999999999"/></extension><extension url="http://hl7.org/fhir/StructureDefinition/implementationguide-page"><valueUri value="Device-device-ecmo-anon.html"/></extension><reference><reference value="Device/device-ecmo-anon"/></reference><name value="Device Example: ECMO, anonymized"/><description value="Example of Device Profile (anonymized, ECMO)"/><exampleBoolean value="true"/><groupingId value="-ex-example"/></resource><resource><extension url="http://hl7.org/fhir/tools/StructureDefinition/resource-sort"><valueInteger value="999999999"/></extension><extension url="http://hl7.org/fhir/StructureDefinition/implementationguide-page"><valueUri value="Observation-observation-disability-status-anon.html"/></extension><reference><reference value="Observation/observation-disability-status-anon"/></reference><name value="Disability Status Example: anonymized"/><description value="Example of Disability Status Profile (anonymized)"/><exampleBoolean value="true"/><groupingId value="-ex-example"/></resource><resource><extension url="http://hl7.org/fhir/tools/StructureDefinition/resource-sort"><valueInteger value="999999999"/></extension><extension url="http://hl7.org/fhir/StructureDefinition/implementationguide-page"><valueUri value="Location-location-city-football-stadium-anon.html"/></extension><reference><reference value="Location/location-city-football-stadium-anon"/></reference><name value="Location Example: City Football Stadium"/><description value="Example of Location resource (anonymized, City Football Stadium)"/><exampleBoolean value="true"/><groupingId value="-ex-example"/></resource><resource><extension url="http://hl7.org/fhir/tools/StructureDefinition/resource-sort"><valueInteger value="999999999"/></extension><extension url="http://hl7.org/fhir/StructureDefinition/implementationguide-page"><valueUri value="MedicationAdministration-medicationadministration-azithromycin-anon.html"/></extension><reference><reference value="MedicationAdministration/medicationadministration-azithromycin-anon"/></reference><name value="MedicationAdministration Example: anonymized, azithromycin"/><description value="Example of MedicationAdministration resource (anonymized, azithromycin)"/><exampleBoolean value="true"/><groupingId value="-ex-example"/></resource><resource><extension url="http://hl7.org/fhir/tools/StructureDefinition/resource-sort"><valueInteger value="999999999"/></extension><extension url="http://hl7.org/fhir/StructureDefinition/implementationguide-page"><valueUri value="MedicationAdministration-medicationadministration-naloxone-response-anon.html"/></extension><reference><reference value="MedicationAdministration/medicationadministration-naloxone-response-anon"/></reference><name value="MedicationAdministration Example: anonymized, naloxone response"/><description value="Example of MedicationAdministration resource with Therapeutic Medication Response extension (anonymized: naloxone response)"/><exampleBoolean value="true"/><groupingId value="-ex-example"/></resource><resource><extension url="http://hl7.org/fhir/tools/StructureDefinition/resource-sort"><valueInteger value="999999999"/></extension><extension url="http://hl7.org/fhir/StructureDefinition/implementationguide-page"><valueUri value="Observation-observation-odh-usual-work-anon.html"/></extension><reference><reference value="Observation/observation-odh-usual-work-anon"/></reference><name value="ODH Usual Work Example: observation-odh-usual-work-anonymized"/><description value="Example of ODH Usual Work profile (anonymized)"/><exampleBoolean value="true"/><groupingId value="-ex-example"/></resource><resource><extension url="http://hl7.org/fhir/tools/StructureDefinition/resource-sort"><valueInteger value="999999999"/></extension><extension url="http://hl7.org/fhir/StructureDefinition/implementationguide-page"><valueUri value="DocumentReference-documentreference-add-reporting-needs-pdf.html"/></extension><reference><reference value="DocumentReference/documentreference-add-reporting-needs-pdf"/></reference><name value="RR DocumentReference example: Additional reporting needs"/><description value="Example of RR DocumentReference profile: Additional reporting needs"/><exampleBoolean value="true"/><groupingId value="-ex-example"/></resource><resource><extension url="http://hl7.org/fhir/tools/StructureDefinition/resource-sort"><valueInteger value="999999999"/></extension><extension url="http://hl7.org/fhir/StructureDefinition/implementationguide-page"><valueUri value="DocumentReference-documentreference-zika-follow-up-pdf.html"/></extension><reference><reference value="DocumentReference/documentreference-zika-follow-up-pdf"/></reference><name value="RR DocumentReference example: Zika follow-up"/><description value="Example of RR DocumentReference profile: Zika follow-up"/><exampleBoolean value="true"/><groupingId value="-ex-example"/></resource><resource><extension url="http://hl7.org/fhir/tools/StructureDefinition/resource-sort"><valueInteger value="999999999"/></extension><extension url="http://hl7.org/fhir/StructureDefinition/implementationguide-page"><valueUri value="DocumentReference-documentreference-zika-info-pdf.html"/></extension><reference><reference value="DocumentReference/documentreference-zika-info-pdf"/></reference><name value="RR DocumentReference example: Zika info"/><description value="Example of RR DocumentReference profile: Zika info"/><exampleBoolean value="true"/><groupingId value="-ex-example"/></resource><resource><extension url="http://hl7.org/fhir/tools/StructureDefinition/resource-sort"><valueInteger value="999999999"/></extension><extension url="http://hl7.org/fhir/StructureDefinition/implementationguide-page"><valueUri value="Observation-observation-rr-relevant-reportable-condition-anon.html"/></extension><reference><reference value="Observation/observation-rr-relevant-reportable-condition-anon"/></reference><name value="RR Relevant Reportable Condition Observation Example - anonymized"/><description value="Example of RR Relevant Reportable Condition Observation profile - anonymized"/><exampleBoolean value="true"/><groupingId value="-ex-example"/></resource><resource><extension url="http://hl7.org/fhir/tools/StructureDefinition/resource-sort"><valueInteger value="999999999"/></extension><extension url="http://hl7.org/fhir/StructureDefinition/implementationguide-page"><valueUri value="Observation-observation-rr-reportability-information-anon.html"/></extension><reference><reference value="Observation/observation-rr-reportability-information-anon"/></reference><name value="RR Reportability Information Observation Example - anonymized"/><description value="Example of RR Reportability Information Observation profile - anonymized"/><exampleBoolean value="true"/><groupingId value="-ex-example"/></resource><resource><extension url="http://hl7.org/fhir/tools/StructureDefinition/resource-sort"><valueInteger value="999999999"/></extension><extension url="http://hl7.org/fhir/StructureDefinition/implementationguide-page"><valueUri value="Organization-organization-rr-responsible-agency-haw.html"/></extension><reference><reference value="Organization/organization-rr-responsible-agency-haw"/></reference><name value="RR Responsible Agency Organization Example: Health Authority West Responsible Agency"/><description value="Example of RR Responsible Agency Organization profile (Health Authority West Responsible Agency)"/><exampleBoolean value="true"/><groupingId value="-ex-example"/></resource><resource><extension url="http://hl7.org/fhir/tools/StructureDefinition/resource-sort"><valueInteger value="999999999"/></extension><extension url="http://hl7.org/fhir/StructureDefinition/implementationguide-page"><valueUri value="Organization-organization-rr-routing-entity-haw.html"/></extension><reference><reference value="Organization/organization-rr-routing-entity-haw"/></reference><name value="RR Routing Entity Organization Example: Health Authority West Routing Entity"/><description value="Example of RR Routing Entity Organization Example profile (Health Authority West Routing Entity)"/><exampleBoolean value="true"/><groupingId value="-ex-example"/></resource><resource><extension url="http://hl7.org/fhir/tools/StructureDefinition/resource-sort"><valueInteger value="999999999"/></extension><extension url="http://hl7.org/fhir/StructureDefinition/implementationguide-page"><valueUri value="Organization-organization-rr-rules-authoring-agency-haw.html"/></extension><reference><reference value="Organization/organization-rr-rules-authoring-agency-haw"/></reference><name value="RR Rules Authoring Agency Organization Example: Health Authority West Rules Authoring Agency"/><description value="Example of RR Rules Authoring Agency profile (Health Authority West Rules Authoring Agency)"/><exampleBoolean value="true"/><groupingId value="-ex-example"/></resource><resource><extension url="http://hl7.org/fhir/tools/StructureDefinition/resource-sort"><valueInteger value="999999999"/></extension><extension url="http://hl7.org/fhir/StructureDefinition/implementationguide-page"><valueUri value="Observation-observation-travel-history-201801-anon.html"/></extension><reference><reference value="Observation/observation-travel-history-201801-anon"/></reference><name value="Travel History Observation Example: observation-travel-history-anonymized-201801"/><description value="Example of Travel History Observation profile (anonymized, January 2018)"/><exampleBoolean value="true"/><groupingId value="-ex-example"/></resource><resource><extension url="http://hl7.org/fhir/tools/StructureDefinition/resource-sort"><valueInteger value="999999999"/></extension><extension url="http://hl7.org/fhir/StructureDefinition/implementationguide-page"><valueUri value="Observation-observation-lab-result-lymphocytes-anon.html"/></extension><reference><reference value="Observation/observation-lab-result-lymphocytes-anon"/></reference><name value="US Core Lab Result Observation Example: observation-lab-result-lymphocytes-anon"/><description value="Example of US Core Lab Result profile (anonymized, lymphocytes)"/><exampleBoolean value="true"/><groupingId value="-ex-example"/></resource><resource><extension url="http://hl7.org/fhir/tools/StructureDefinition/resource-sort"><valueInteger value="999999999"/></extension><extension url="http://hl7.org/fhir/StructureDefinition/implementationguide-page"><valueUri value="Observation-observation-blood-pressure-anon.html"/></extension><reference><reference value="Observation/observation-blood-pressure-anon"/></reference><name value="US Core Vital Sign Observation example"/><description value="Example of US Core Vital Sign Observation profile."/><exampleBoolean value="true"/><groupingId value="-ex-example"/></resource><resource><extension url="http://hl7.org/fhir/tools/StructureDefinition/resource-sort"><valueInteger value="999999999"/></extension><extension url="http://hl7.org/fhir/StructureDefinition/implementationguide-page"><valueUri value="Organization-organization-acme-laboratory.html"/></extension><reference><reference value="Organization/organization-acme-laboratory"/></reference><name value="US PH Organization Example: Acme Labs"/><description value="Example of US Public Health Organization profile: Acme Labs"/><exampleBoolean value="true"/><groupingId value="-ex-example"/></resource><resource><extension url="http://hl7.org/fhir/tools/StructureDefinition/resource-sort"><valueInteger value="999999999"/></extension><extension url="http://hl7.org/fhir/StructureDefinition/implementationguide-page"><valueUri value="Condition-condition-common-cold-anon.html"/></extension><reference><reference value="Condition/condition-common-cold-anon"/></reference><name value="US Public Health Condition example: anonymized - common cold"/><description value="Example of US Public Health Condition profile (anonymized, common cold)"/><exampleBoolean value="true"/><groupingId value="-ex-example"/></resource><resource><extension url="http://hl7.org/fhir/tools/StructureDefinition/resource-sort"><valueInteger value="999999999"/></extension><extension url="http://hl7.org/fhir/StructureDefinition/implementationguide-page"><valueUri value="Observation-observation-emergency-outbreak-info-anon.html"/></extension><reference><reference value="Observation/observation-emergency-outbreak-info-anon"/></reference><name value="US Public Health Emergency Outbreak Information Example: anonymized"/><description value="Example of Emergency Outbreak Information profile (anonymized)"/><exampleBoolean value="true"/><groupingId value="-ex-example"/></resource><resource><extension url="http://hl7.org/fhir/tools/StructureDefinition/resource-sort"><valueInteger value="999999999"/></extension><extension url="http://hl7.org/fhir/StructureDefinition/implementationguide-page"><valueUri value="Observation-observation-exposure-contact-info-football-game-anon.html"/></extension><reference><reference value="Observation/observation-exposure-contact-info-football-game-anon"/></reference><name value="US Public Health Exposure Contact Information Example: Football Game"/><description value="Example of US Public Health Exposure Contact Information (Football Game)"/><exampleBoolean value="true"/><groupingId value="-ex-example"/></resource><resource><extension url="http://hl7.org/fhir/tools/StructureDefinition/resource-sort"><valueInteger value="999999999"/></extension><extension url="http://hl7.org/fhir/StructureDefinition/implementationguide-page"><valueUri value="Observation-observation-pregnancy-status-anon.html"/></extension><reference><reference value="Observation/observation-pregnancy-status-anon"/></reference><name value="US Public Health Pregnancy Status Observation Example: anonymized"/><description value="Example of US Public Health Pregnancy Status Observation profile (anonymized)"/><exampleBoolean value="true"/><groupingId value="-ex-example"/></resource><resource><extension url="http://hl7.org/fhir/tools/StructureDefinition/resource-sort"><valueInteger value="999999999"/></extension><extension url="http://hl7.org/fhir/StructureDefinition/implementationguide-page"><valueUri value="Composition-composition-zika-anon.html"/></extension><reference><reference value="Composition/composition-zika-anon"/></reference><name value="eICR Anonymized Composition Example: Initial Public Health Case Report - Anonymized, Zika"/><description value="Example of eICR Anonymized Composition profile (anonymized, Zika)"/><exampleCanonical value="http://fhir.org/fhir/us/anonymized-eicr/StructureDefinition/eicr-anon-composition"/><groupingId value="-ex-example"/></resource><resource><extension url="http://hl7.org/fhir/tools/StructureDefinition/resource-sort"><valueInteger value="999999999"/></extension><extension url="http://hl7.org/fhir/StructureDefinition/implementationguide-page"><valueUri value="Bundle-bundle-document-zika-anon.html"/></extension><reference><reference value="Bundle/bundle-document-zika-anon"/></reference><name value="eICR Anonymized Document Bundle Example: bundle-eicr-document-zika-anon"/><description value="Example of eICR Anonymized Document Bundle profile (anonymized, Zika)"/><exampleCanonical value="http://fhir.org/fhir/us/anonymized-eicr/StructureDefinition/eicr-anon-document-bundle"/><groupingId value="-ex-example"/></resource><resource><extension url="http://hl7.org/fhir/tools/StructureDefinition/resource-sort"><valueInteger value="999999999"/></extension><extension url="http://hl7.org/fhir/StructureDefinition/implementationguide-page"><valueUri value="Encounter-encounter-outpatient-anon.html"/></extension><reference><reference value="Encounter/encounter-outpatient-anon"/></reference><name value="eICR Anonymized Encounter Example: encounter-outpatient-anon"/><description value="Example of eICR Anonymized Encounter profile (anonymized, outpatient)"/><exampleCanonical value="http://fhir.org/fhir/us/anonymized-eicr/StructureDefinition/eicr-anon-encounter"/><groupingId value="-ex-example"/></resource><resource><extension url="http://hl7.org/fhir/tools/StructureDefinition/resource-sort"><valueInteger value="999999999"/></extension><extension url="http://hl7.org/fhir/StructureDefinition/implementationguide-page"><valueUri value="Immunization-immunization-pneumo-anon.html"/></extension><reference><reference value="Immunization/immunization-pneumo-anon"/></reference><name value="eICR Anonymized Immunization Example: immunization-ecr-pneumo-anonymized"/><description value="Example of eICR Anonymized Immunization profile (anonymized, pneumo)"/><exampleCanonical value="http://fhir.org/fhir/us/anonymized-eicr/StructureDefinition/eicr-anon-immunization"/><groupingId value="-ex-example"/></resource><resource><extension url="http://hl7.org/fhir/tools/StructureDefinition/resource-sort"><valueInteger value="999999999"/></extension><extension url="http://hl7.org/fhir/StructureDefinition/implementationguide-page"><valueUri value="Location-location-salem-medical-center-anon.html"/></extension><reference><reference value="Location/location-salem-medical-center-anon"/></reference><name value="eICR Anonymized Location Example: Anonymized telecom, Clinic Bldg A, Salem Medical Center"/><description value="Example of US Public Health profile (anonymized telecom, Salem Medical Center)"/><exampleCanonical value="http://fhir.org/fhir/us/anonymized-eicr/StructureDefinition/eicr-anon-location"/><groupingId value="-ex-example"/></resource><resource><extension url="http://hl7.org/fhir/tools/StructureDefinition/resource-sort"><valueInteger value="999999999"/></extension><extension url="http://hl7.org/fhir/StructureDefinition/implementationguide-page"><valueUri value="Organization-organization-salem-medical-center-anon.html"/></extension><reference><reference value="Organization/organization-salem-medical-center-anon"/></reference><name value="eICR Anonymized Organization Example: Salem Medical Center"/><description value="Example of eICR Anonymized Organization profile (anonymized, Salem Medical Center)"/><exampleCanonical value="http://fhir.org/fhir/us/anonymized-eicr/StructureDefinition/eicr-anon-org-tele-addr"/><groupingId value="-ex-example"/></resource><resource><extension url="http://hl7.org/fhir/tools/StructureDefinition/resource-sort"><valueInteger value="999999999"/></extension><extension url="http://hl7.org/fhir/StructureDefinition/implementationguide-page"><valueUri value="Organization-organization-name-tele-addr-anon.html"/></extension><reference><reference value="Organization/organization-name-tele-addr-anon"/></reference><name value="eICR Anonymized Organization Name Telecom Address Example: anonymized (name, telecom, address) Organization"/><description value="Example of eICR Anonymized Organization Name Telecom Address profile (anonymized name, telecom, address)"/><exampleCanonical value="http://fhir.org/fhir/us/anonymized-eicr/StructureDefinition/eicr-anon-org-tele-addr-name"/><groupingId value="-ex-example"/></resource><resource><extension url="http://hl7.org/fhir/tools/StructureDefinition/resource-sort"><valueInteger value="999999999"/></extension><extension url="http://hl7.org/fhir/StructureDefinition/implementationguide-page"><valueUri value="Organization-organization-telecom-anon.html"/></extension><reference><reference value="Organization/organization-telecom-anon"/></reference><name value="eICR Anonymized Organization Telecom Example: anonymized (telecom only) Organization"/><description value="Example of eICR Anonymized Organization Telecom profile (anonymized (telecom only), Telecom Anonymized Organization)"/><exampleCanonical value="http://fhir.org/fhir/us/anonymized-eicr/StructureDefinition/eicr-anon-org-tele"/><groupingId value="-ex-example"/></resource><resource><extension url="http://hl7.org/fhir/tools/StructureDefinition/resource-sort"><valueInteger value="999999999"/></extension><extension url="http://hl7.org/fhir/StructureDefinition/implementationguide-page"><valueUri value="Observation-observation-past-or-present-job-anon.html"/></extension><reference><reference value="Observation/observation-past-or-present-job-anon"/></reference><name value="eICR Anonymized Past or Present Job Example: anonymized"/><description value="Example of eICR Anonymized Past or Present Job profile (anonymized)"/><exampleCanonical value="http://fhir.org/fhir/us/anonymized-eicr/StructureDefinition/eicr-anon-past-or-present-job"/><groupingId value="-ex-example"/></resource><resource><extension url="http://hl7.org/fhir/tools/StructureDefinition/resource-sort"><valueInteger value="999999999"/></extension><extension url="http://hl7.org/fhir/StructureDefinition/implementationguide-page"><valueUri value="Patient-patient-anon.html"/></extension><reference><reference value="Patient/patient-anon"/></reference><name value="eICR Anonymized Patient Example: Anonymized"/><description value="Example of eICR Anonymized Patient profile (anonymized)"/><exampleCanonical value="http://fhir.org/fhir/us/anonymized-eicr/StructureDefinition/eicr-anon-patient"/><groupingId value="-ex-example"/></resource><resource><extension url="http://hl7.org/fhir/tools/StructureDefinition/resource-sort"><valueInteger value="999999999"/></extension><extension url="http://hl7.org/fhir/StructureDefinition/implementationguide-page"><valueUri value="Practitioner-practitioner-anon.html"/></extension><reference><reference value="Practitioner/practitioner-anon"/></reference><name value="eICR Anonymized Practitioner Example: Anonymized"/><description value="Example of eICR Anonymized Practitioner (anonymized)"/><exampleCanonical value="http://fhir.org/fhir/us/anonymized-eicr/StructureDefinition/eicr-anon-practitioner"/><groupingId value="-ex-example"/></resource><resource><extension url="http://hl7.org/fhir/tools/StructureDefinition/resource-sort"><valueInteger value="999999999"/></extension><extension url="http://hl7.org/fhir/StructureDefinition/implementationguide-page"><valueUri value="PractitionerRole-practitionerrole-anon.html"/></extension><reference><reference value="PractitionerRole/practitionerrole-anon"/></reference><name value="eICR Anonymized PractitionerRole Example: anonymized"/><description value="Example of eICR Anonymized PractitionerRole profile (anonymized)"/><exampleCanonical value="http://fhir.org/fhir/us/anonymized-eicr/StructureDefinition/eicr-anon-practitionerrole"/><groupingId value="-ex-example"/></resource><resource><extension url="http://hl7.org/fhir/tools/StructureDefinition/resource-sort"><valueInteger value="999999999"/></extension><extension url="http://hl7.org/fhir/StructureDefinition/implementationguide-page"><valueUri value="RelatedPerson-relatedperson-anon.html"/></extension><reference><reference value="RelatedPerson/relatedperson-anon"/></reference><name value="eICR Anonymized RelatedPerson Example: Anonymized"/><description value="Example of eICR Anonymized RelatedPerson profile (anonymized)"/><exampleCanonical value="http://fhir.org/fhir/us/anonymized-eicr/StructureDefinition/eicr-anon-relatedperson"/><groupingId value="-ex-example"/></resource><resource><extension url="http://hl7.org/fhir/tools/StructureDefinition/resource-sort"><valueInteger value="999999999"/></extension><extension url="http://hl7.org/fhir/StructureDefinition/implementationguide-page"><valueUri value="Condition-condition-zika-anon.html"/></extension><reference><reference value="Condition/condition-zika-anon"/></reference><name value="eICR Condition example: anonymized - zika"/><description value="Example of eICR Condition profile (anonymized, zika)"/><exampleBoolean value="true"/><groupingId value="-ex-example"/></resource><resource><extension url="http://hl7.org/fhir/tools/StructureDefinition/resource-sort"><valueInteger value="999999999"/></extension><extension url="http://hl7.org/fhir/StructureDefinition/implementationguide-page"><valueUri value="Patient-patient-anon-not.html"/></extension><reference><reference value="Patient/patient-anon-not"/></reference><name value="eICR NOT Anonymized Patient Example: NOT Anonymized"/><description value="Example of US Public Health Patient (NOT anonymized)"/><exampleBoolean value="true"/><groupingId value="-ex-example"/></resource><resource><extension url="http://hl7.org/fhir/tools/StructureDefinition/resource-sort"><valueInteger value="999999999"/></extension><extension url="http://hl7.org/fhir/StructureDefinition/implementationguide-page"><valueUri value="Procedure-procedure-ecmo-anon.html"/></extension><reference><reference value="Procedure/procedure-ecmo-anon"/></reference><name value="eICR Procedure Example: ECMO"/><description value="Example of eICR Procedure (anonymized, ECMO)"/><exampleBoolean value="true"/><groupingId value="-ex-example"/></resource><resource><extension url="http://hl7.org/fhir/tools/StructureDefinition/resource-sort"><valueInteger value="999999999"/></extension><extension url="http://hl7.org/fhir/StructureDefinition/implementationguide-page"><valueUri value="ServiceRequest-servicerequest-zika-anon.html"/></extension><reference><reference value="ServiceRequest/servicerequest-zika-anon"/></reference><name value="eICR ServiceRequest Example"/><description value="Example of eICR ServiceRequest profile (anonymized, Zika RT-PCR)"/><exampleBoolean value="true"/><groupingId value="-ex-example"/></resource><resource><extension url="http://hl7.org/fhir/tools/StructureDefinition/resource-sort"><valueInteger value="999999999"/></extension><extension url="http://hl7.org/fhir/StructureDefinition/implementationguide-page"><valueUri value="Observation-observation-vaccine-credential-assertion-anon.html"/></extension><reference><reference value="Observation/observation-vaccine-credential-assertion-anon"/></reference><name value="eICR Vaccine Credential Patient Assertion Observation Example: anonymized"/><description value="Example of eICR Vaccine Credential Patient Assertion Observation (anonymized)"/><exampleBoolean value="true"/><groupingId value="-ex-example"/></resource><page><extension url="http://hl7.org/fhir/tools/StructureDefinition/ig-page-name"><valueUrl value="toc.html"/></extension><nameUrl value="toc.html"/><title value="Table of Contents"/><generation value="html"/><page><extension url="http://hl7.org/fhir/tools/StructureDefinition/ig-page-name"><valueUrl value="index.html"/></extension><nameUrl value="index.html"/><title value="Home Page"/><generation value="markdown"/></page><page><extension url="http://hl7.org/fhir/tools/StructureDefinition/ig-page-name"><valueUrl value="technical_guidance.html"/></extension><nameUrl value="technical_guidance.html"/><title value="Technical Guidance"/><generation value="markdown"/></page><page><extension url="http://hl7.org/fhir/tools/StructureDefinition/ig-page-name"><valueUrl value="downloads.html"/></extension><nameUrl value="downloads.html"/><title value="Downloads"/><generation value="markdown"/></page><page><extension url="http://hl7.org/fhir/tools/StructureDefinition/ig-page-name"><valueUrl value="getting_started.html"/></extension><nameUrl value="getting_started.html"/><title value="Getting Started"/><generation value="markdown"/></page><page><extension url="http://hl7.org/fhir/tools/StructureDefinition/ig-page-name"><valueUrl value="artifacts.html"/></extension><nameUrl value="artifacts.html"/><title value="Artifacts Summary"/><generation value="html"/><page><extension url="http://hl7.org/fhir/tools/StructureDefinition/ig-page-name"><valueUrl value="StructureDefinition-eicr-anon-caculated-age.html"/></extension><nameUrl value="StructureDefinition-eicr-anon-caculated-age.html"/><title value="eICR Anonymized Calculated Age"/><generation value="generated"/></page><page><extension url="http://hl7.org/fhir/tools/StructureDefinition/ig-page-name"><valueUrl value="StructureDefinition-eicr-anon-composition.html"/></extension><nameUrl value="StructureDefinition-eicr-anon-composition.html"/><title value="eICR Anonymized Composition"/><generation value="generated"/></page><page><extension url="http://hl7.org/fhir/tools/StructureDefinition/ig-page-name"><valueUrl value="StructureDefinition-eicr-anon-document-bundle.html"/></extension><nameUrl value="StructureDefinition-eicr-anon-document-bundle.html"/><title value="eICR Anonymized Document Bundle"/><generation value="generated"/></page><page><extension url="http://hl7.org/fhir/tools/StructureDefinition/ig-page-name"><valueUrl value="StructureDefinition-eicr-anon-encounter.html"/></extension><nameUrl value="StructureDefinition-eicr-anon-encounter.html"/><title value="eICR Anonymized Encounter"/><generation value="generated"/></page><page><extension url="http://hl7.org/fhir/tools/StructureDefinition/ig-page-name"><valueUrl value="StructureDefinition-eicr-anon-immunization.html"/></extension><nameUrl value="StructureDefinition-eicr-anon-immunization.html"/><title value="eICR Anonymized Immunization"/><generation value="generated"/></page><page><extension url="http://hl7.org/fhir/tools/StructureDefinition/ig-page-name"><valueUrl value="StructureDefinition-eicr-anon-location.html"/></extension><nameUrl value="StructureDefinition-eicr-anon-location.html"/><title value="eICR Anonymized Location"/><generation value="generated"/></page><page><extension url="http://hl7.org/fhir/tools/StructureDefinition/ig-page-name"><valueUrl value="StructureDefinition-eicr-anon-org-tele.html"/></extension><nameUrl value="StructureDefinition-eicr-anon-org-tele.html"/><title value="eICR Anonymized Organization - Telecom"/><generation value="generated"/></page><page><extension url="http://hl7.org/fhir/tools/StructureDefinition/ig-page-name"><valueUrl value="StructureDefinition-eicr-anon-org-tele-addr.html"/></extension><nameUrl value="StructureDefinition-eicr-anon-org-tele-addr.html"/><title value="eICR Anonymized Organization - Telecom, Address"/><generation value="generated"/></page><page><extension url="http://hl7.org/fhir/tools/StructureDefinition/ig-page-name"><valueUrl value="StructureDefinition-eicr-anon-org-tele-addr-name.html"/></extension><nameUrl value="StructureDefinition-eicr-anon-org-tele-addr-name.html"/><title value="eICR Anonymized Organization - Telecom, Address, Name"/><generation value="generated"/></page><page><extension url="http://hl7.org/fhir/tools/StructureDefinition/ig-page-name"><valueUrl value="StructureDefinition-eicr-anon-past-or-present-job.html"/></extension><nameUrl value="StructureDefinition-eicr-anon-past-or-present-job.html"/><title value="eICR Anonymized Past or Present Job"/><generation value="generated"/></page><page><extension url="http://hl7.org/fhir/tools/StructureDefinition/ig-page-name"><valueUrl value="StructureDefinition-eicr-anon-patient.html"/></extension><nameUrl value="StructureDefinition-eicr-anon-patient.html"/><title value="eICR Anonymized Patient"/><generation value="generated"/></page><page><extension url="http://hl7.org/fhir/tools/StructureDefinition/ig-page-name"><valueUrl value="StructureDefinition-eicr-anon-practitioner.html"/></extension><nameUrl value="StructureDefinition-eicr-anon-practitioner.html"/><title value="eICR Anonymized Practitioner"/><generation value="generated"/></page><page><extension url="http://hl7.org/fhir/tools/StructureDefinition/ig-page-name"><valueUrl value="StructureDefinition-eicr-anon-practitionerrole.html"/></extension><nameUrl value="StructureDefinition-eicr-anon-practitionerrole.html"/><title value="eICR Anonymized PractitionerRole"/><generation value="generated"/></page><page><extension url="http://hl7.org/fhir/tools/StructureDefinition/ig-page-name"><valueUrl value="StructureDefinition-eicr-anon-relatedperson.html"/></extension><nameUrl value="StructureDefinition-eicr-anon-relatedperson.html"/><title value="eICR Anonymized RelatedPerson"/><generation value="generated"/></page><page><extension url="http://hl7.org/fhir/tools/StructureDefinition/ig-page-name"><valueUrl value="Observation-observation-calculated-age-anon.html"/></extension><nameUrl value="Observation-observation-calculated-age-anon.html"/><title value="Calculated Age Observation Example: anonymized"/><generation value="generated"/></page><page><extension url="http://hl7.org/fhir/tools/StructureDefinition/ig-page-name"><valueUrl value="Observation-observation-country-of-nationality-anon.html"/></extension><nameUrl value="Observation-observation-country-of-nationality-anon.html"/><title value="Country of Nationality Observation Example: anonymized"/><generation value="generated"/></page><page><extension url="http://hl7.org/fhir/tools/StructureDefinition/ig-page-name"><valueUrl value="Observation-observation-country-of-residence-anon.html"/></extension><nameUrl value="Observation-observation-country-of-residence-anon.html"/><title value="Country of Residence Observation Example: anonymized"/><generation value="generated"/></page><page><extension url="http://hl7.org/fhir/tools/StructureDefinition/ig-page-name"><valueUrl value="Device-device-ecmo-anon.html"/></extension><nameUrl value="Device-device-ecmo-anon.html"/><title value="Device Example: ECMO, anonymized"/><generation value="generated"/></page><page><extension url="http://hl7.org/fhir/tools/StructureDefinition/ig-page-name"><valueUrl value="Observation-observation-disability-status-anon.html"/></extension><nameUrl value="Observation-observation-disability-status-anon.html"/><title value="Disability Status Example: anonymized"/><generation value="generated"/></page><page><extension url="http://hl7.org/fhir/tools/StructureDefinition/ig-page-name"><valueUrl value="Composition-composition-zika-anon.html"/></extension><nameUrl value="Composition-composition-zika-anon.html"/><title value="eICR Anonymized Composition Example: Initial Public Health Case Report - Anonymized, Zika"/><generation value="generated"/></page><page><extension url="http://hl7.org/fhir/tools/StructureDefinition/ig-page-name"><valueUrl value="Bundle-bundle-document-zika-anon.html"/></extension><nameUrl value="Bundle-bundle-document-zika-anon.html"/><title value="eICR Anonymized Document Bundle Example: bundle-eicr-document-zika-anon"/><generation value="generated"/></page><page><extension url="http://hl7.org/fhir/tools/StructureDefinition/ig-page-name"><valueUrl value="Encounter-encounter-outpatient-anon.html"/></extension><nameUrl value="Encounter-encounter-outpatient-anon.html"/><title value="eICR Anonymized Encounter Example: encounter-outpatient-anon"/><generation value="generated"/></page><page><extension url="http://hl7.org/fhir/tools/StructureDefinition/ig-page-name"><valueUrl value="Immunization-immunization-pneumo-anon.html"/></extension><nameUrl value="Immunization-immunization-pneumo-anon.html"/><title value="eICR Anonymized Immunization Example: immunization-ecr-pneumo-anonymized"/><generation value="generated"/></page><page><extension url="http://hl7.org/fhir/tools/StructureDefinition/ig-page-name"><valueUrl value="Location-location-salem-medical-center-anon.html"/></extension><nameUrl value="Location-location-salem-medical-center-anon.html"/><title value="eICR Anonymized Location Example: Anonymized telecom, Clinic Bldg A, Salem Medical Center"/><generation value="generated"/></page><page><extension url="http://hl7.org/fhir/tools/StructureDefinition/ig-page-name"><valueUrl value="Organization-organization-salem-medical-center-anon.html"/></extension><nameUrl value="Organization-organization-salem-medical-center-anon.html"/><title value="eICR Anonymized Organization Example: Salem Medical Center"/><generation value="generated"/></page><page><extension url="http://hl7.org/fhir/tools/StructureDefinition/ig-page-name"><valueUrl value="Organization-organization-name-tele-addr-anon.html"/></extension><nameUrl value="Organization-organization-name-tele-addr-anon.html"/><title value="eICR Anonymized Organization Name Telecom Address Example: anonymized (name, telecom, address) Organization"/><generation value="generated"/></page><page><extension url="http://hl7.org/fhir/tools/StructureDefinition/ig-page-name"><valueUrl value="Organization-organization-telecom-anon.html"/></extension><nameUrl value="Organization-organization-telecom-anon.html"/><title value="eICR Anonymized Organization Telecom Example: anonymized (telecom only) Organization"/><generation value="generated"/></page><page><extension url="http://hl7.org/fhir/tools/StructureDefinition/ig-page-name"><valueUrl value="Observation-observation-past-or-present-job-anon.html"/></extension><nameUrl value="Observation-observation-past-or-present-job-anon.html"/><title value="eICR Anonymized Past or Present Job Example: anonymized"/><generation value="generated"/></page><page><extension url="http://hl7.org/fhir/tools/StructureDefinition/ig-page-name"><valueUrl value="Patient-patient-anon.html"/></extension><nameUrl value="Patient-patient-anon.html"/><title value="eICR Anonymized Patient Example: Anonymized"/><generation value="generated"/></page><page><extension url="http://hl7.org/fhir/tools/StructureDefinition/ig-page-name"><valueUrl value="Practitioner-practitioner-anon.html"/></extension><nameUrl value="Practitioner-practitioner-anon.html"/><title value="eICR Anonymized Practitioner Example: Anonymized"/><generation value="generated"/></page><page><extension url="http://hl7.org/fhir/tools/StructureDefinition/ig-page-name"><valueUrl value="PractitionerRole-practitionerrole-anon.html"/></extension><nameUrl value="PractitionerRole-practitionerrole-anon.html"/><title value="eICR Anonymized PractitionerRole Example: anonymized"/><generation value="generated"/></page><page><extension url="http://hl7.org/fhir/tools/StructureDefinition/ig-page-name"><valueUrl value="RelatedPerson-relatedperson-anon.html"/></extension><nameUrl value="RelatedPerson-relatedperson-anon.html"/><title value="eICR Anonymized RelatedPerson Example: Anonymized"/><generation value="generated"/></page><page><extension url="http://hl7.org/fhir/tools/StructureDefinition/ig-page-name"><valueUrl value="Condition-condition-zika-anon.html"/></extension><nameUrl value="Condition-condition-zika-anon.html"/><title value="eICR Condition example: anonymized - zika"/><generation value="generated"/></page><page><extension url="http://hl7.org/fhir/tools/StructureDefinition/ig-page-name"><valueUrl value="Patient-patient-anon-not.html"/></extension><nameUrl value="Patient-patient-anon-not.html"/><title value="eICR NOT Anonymized Patient Example: NOT Anonymized"/><generation value="generated"/></page><page><extension url="http://hl7.org/fhir/tools/StructureDefinition/ig-page-name"><valueUrl value="Procedure-procedure-ecmo-anon.html"/></extension><nameUrl value="Procedure-procedure-ecmo-anon.html"/><title value="eICR Procedure Example: ECMO"/><generation value="generated"/></page><page><extension url="http://hl7.org/fhir/tools/StructureDefinition/ig-page-name"><valueUrl value="ServiceRequest-servicerequest-zika-anon.html"/></extension><nameUrl value="ServiceRequest-servicerequest-zika-anon.html"/><title value="eICR ServiceRequest Example"/><generation value="generated"/></page><page><extension url="http://hl7.org/fhir/tools/StructureDefinition/ig-page-name"><valueUrl value="Observation-observation-vaccine-credential-assertion-anon.html"/></extension><nameUrl value="Observation-observation-vaccine-credential-assertion-anon.html"/><title value="eICR Vaccine Credential Patient Assertion Observation Example: anonymized"/><generation value="generated"/></page><page><extension url="http://hl7.org/fhir/tools/StructureDefinition/ig-page-name"><valueUrl value="Location-location-city-football-stadium-anon.html"/></extension><nameUrl value="Location-location-city-football-stadium-anon.html"/><title value="Location Example: City Football Stadium"/><generation value="generated"/></page><page><extension url="http://hl7.org/fhir/tools/StructureDefinition/ig-page-name"><valueUrl value="MedicationAdministration-medicationadministration-azithromycin-anon.html"/></extension><nameUrl value="MedicationAdministration-medicationadministration-azithromycin-anon.html"/><title value="MedicationAdministration Example: anonymized, azithromycin"/><generation value="generated"/></page><page><extension url="http://hl7.org/fhir/tools/StructureDefinition/ig-page-name"><valueUrl value="MedicationAdministration-medicationadministration-naloxone-response-anon.html"/></extension><nameUrl value="MedicationAdministration-medicationadministration-naloxone-response-anon.html"/><title value="MedicationAdministration Example: anonymized, naloxone response"/><generation value="generated"/></page><page><extension url="http://hl7.org/fhir/tools/StructureDefinition/ig-page-name"><valueUrl value="Observation-observation-odh-usual-work-anon.html"/></extension><nameUrl value="Observation-observation-odh-usual-work-anon.html"/><title value="ODH Usual Work Example: observation-odh-usual-work-anonymized"/><generation value="generated"/></page><page><extension url="http://hl7.org/fhir/tools/StructureDefinition/ig-page-name"><valueUrl value="DocumentReference-documentreference-add-reporting-needs-pdf.html"/></extension><nameUrl value="DocumentReference-documentreference-add-reporting-needs-pdf.html"/><title value="RR DocumentReference example: Additional reporting needs"/><generation value="generated"/></page><page><extension url="http://hl7.org/fhir/tools/StructureDefinition/ig-page-name"><valueUrl value="DocumentReference-documentreference-zika-follow-up-pdf.html"/></extension><nameUrl value="DocumentReference-documentreference-zika-follow-up-pdf.html"/><title value="RR DocumentReference example: Zika follow-up"/><generation value="generated"/></page><page><extension url="http://hl7.org/fhir/tools/StructureDefinition/ig-page-name"><valueUrl value="DocumentReference-documentreference-zika-info-pdf.html"/></extension><nameUrl value="DocumentReference-documentreference-zika-info-pdf.html"/><title value="RR DocumentReference example: Zika info"/><generation value="generated"/></page><page><extension url="http://hl7.org/fhir/tools/StructureDefinition/ig-page-name"><valueUrl value="Observation-observation-rr-relevant-reportable-condition-anon.html"/></extension><nameUrl value="Observation-observation-rr-relevant-reportable-condition-anon.html"/><title value="RR Relevant Reportable Condition Observation Example - anonymized"/><generation value="generated"/></page><page><extension url="http://hl7.org/fhir/tools/StructureDefinition/ig-page-name"><valueUrl value="Observation-observation-rr-reportability-information-anon.html"/></extension><nameUrl value="Observation-observation-rr-reportability-information-anon.html"/><title value="RR Reportability Information Observation Example - anonymized"/><generation value="generated"/></page><page><extension url="http://hl7.org/fhir/tools/StructureDefinition/ig-page-name"><valueUrl value="Organization-organization-rr-responsible-agency-haw.html"/></extension><nameUrl value="Organization-organization-rr-responsible-agency-haw.html"/><title value="RR Responsible Agency Organization Example: Health Authority West Responsible Agency"/><generation value="generated"/></page><page><extension url="http://hl7.org/fhir/tools/StructureDefinition/ig-page-name"><valueUrl value="Organization-organization-rr-routing-entity-haw.html"/></extension><nameUrl value="Organization-organization-rr-routing-entity-haw.html"/><title value="RR Routing Entity Organization Example: Health Authority West Routing Entity"/><generation value="generated"/></page><page><extension url="http://hl7.org/fhir/tools/StructureDefinition/ig-page-name"><valueUrl value="Organization-organization-rr-rules-authoring-agency-haw.html"/></extension><nameUrl value="Organization-organization-rr-rules-authoring-agency-haw.html"/><title value="RR Rules Authoring Agency Organization Example: Health Authority West Rules Authoring Agency"/><generation value="generated"/></page><page><extension url="http://hl7.org/fhir/tools/StructureDefinition/ig-page-name"><valueUrl value="Observation-observation-travel-history-201801-anon.html"/></extension><nameUrl value="Observation-observation-travel-history-201801-anon.html"/><title value="Travel History Observation Example: observation-travel-history-anonymized-201801"/><generation value="generated"/></page><page><extension url="http://hl7.org/fhir/tools/StructureDefinition/ig-page-name"><valueUrl value="Observation-observation-lab-result-lymphocytes-anon.html"/></extension><nameUrl value="Observation-observation-lab-result-lymphocytes-anon.html"/><title value="US Core Lab Result Observation Example: observation-lab-result-lymphocytes-anon"/><generation value="generated"/></page><page><extension url="http://hl7.org/fhir/tools/StructureDefinition/ig-page-name"><valueUrl value="Observation-observation-blood-pressure-anon.html"/></extension><nameUrl value="Observation-observation-blood-pressure-anon.html"/><title value="US Core Vital Sign Observation example"/><generation value="generated"/></page><page><extension url="http://hl7.org/fhir/tools/StructureDefinition/ig-page-name"><valueUrl value="Organization-organization-acme-laboratory.html"/></extension><nameUrl value="Organization-organization-acme-laboratory.html"/><title value="US PH Organization Example: Acme Labs"/><generation value="generated"/></page><page><extension url="http://hl7.org/fhir/tools/StructureDefinition/ig-page-name"><valueUrl value="Condition-condition-common-cold-anon.html"/></extension><nameUrl value="Condition-condition-common-cold-anon.html"/><title value="US Public Health Condition example: anonymized - common cold"/><generation value="generated"/></page><page><extension url="http://hl7.org/fhir/tools/StructureDefinition/ig-page-name"><valueUrl value="Observation-observation-emergency-outbreak-info-anon.html"/></extension><nameUrl value="Observation-observation-emergency-outbreak-info-anon.html"/><title value="US Public Health Emergency Outbreak Information Example: anonymized"/><generation value="generated"/></page><page><extension url="http://hl7.org/fhir/tools/StructureDefinition/ig-page-name"><valueUrl value="Observation-observation-exposure-contact-info-football-game-anon.html"/></extension><nameUrl value="Observation-observation-exposure-contact-info-football-game-anon.html"/><title value="US Public Health Exposure Contact Information Example: Football Game"/><generation value="generated"/></page><page><extension url="http://hl7.org/fhir/tools/StructureDefinition/ig-page-name"><valueUrl value="Observation-observation-pregnancy-status-anon.html"/></extension><nameUrl value="Observation-observation-pregnancy-status-anon.html"/><title value="US Public Health Pregnancy Status Observation Example: anonymized"/><generation value="generated"/></page></page></page><parameter><code value="path-resource"/><value value="input/capabilities"/></parameter><parameter><code value="path-resource"/><value value="input/examples"/></parameter><parameter><code value="path-resource"/><value value="input/extensions"/></parameter><parameter><code value="path-resource"/><value value="input/models"/></parameter><parameter><code value="path-resource"/><value value="input/operations"/></parameter><parameter><code value="path-resource"/><value value="input/profiles"/></parameter><parameter><code value="path-resource"/><value value="input/resources"/></parameter><parameter><code value="path-resource"/><value value="input/vocabulary"/></parameter><parameter><code value="path-resource"/><value value="input/maps"/></parameter><parameter><code value="path-resource"/><value value="input/testing"/></parameter><parameter><code value="path-resource"/><value value="input/history"/></parameter><parameter><code value="path-resource"/><value value="fsh-generated/resources"/></parameter><parameter><code value="path-pages"/><value value="template/config"/></parameter><parameter><code value="path-pages"/><value value="input/images"/></parameter><parameter><code value="path-tx-cache"/><value value="input-cache/txcache"/></parameter></definition></ImplementationGuide>