<?xml version="1.0" encoding="UTF-8"?>

<Composition xmlns="http://hl7.org/fhir">
  <id value="composition-zika-anon"/>
  <meta>
    <profile value="http://fhir.org/fhir/us/anonymized-eicr/StructureDefinition/eicr-anon-composition"/>
  </meta>
  <text>
    <extension url="http://hl7.org/fhir/StructureDefinition/data-absent-reason">
      <valueCode value="masked"/>
    </extension>
    <status value="empty"/><div xmlns="http://www.w3.org/1999/xhtml"><p>MASKED</p></div>
  </text>
  <extension url="http://hl7.org/fhir/StructureDefinition/composition-clinicaldocument-versionNumber">
    <valueString value="1"/>
  </extension>
  <identifier>
    <value value="c03eab8c-11e8-4d0c-ad2a-b385395e27db"/>
  </identifier>
  <status value="final"/>
  <type>
    <coding>
      <system value="http://loinc.org"/>
      <code value="55751-2"/>
      <display value="Public Health Case Report"/>
    </coding>
  </type>
  <subject>
    <reference value="Patient/patient-anon"/>
  </subject>
  <encounter>
    <reference value="Encounter/encounter-outpatient-anon"/>
  </encounter>
  <date value="2024-06-02T22:13:23Z"/>
  <author>
    <reference value="PractitionerRole/practitionerrole-anon"/>
  </author>
  <title value="Initial Public Health Case Report - Zika Example"/>
  <custodian>
    <reference value="Organization/organization-custodian"/>
  </custodian>
  <relatesTo>
    <code value="transforms"/>
    <targetIdentifier>
      <system value="urn:ietf:rfc:3986"/>
      <value value="urn:uuid:58fecd25-973e-4397-af68-1b7683758955"/>
    </targetIdentifier>
  </relatesTo>
  <section>
    <title value="Reason for Visit Section"/>
    <code>
      <coding>
        <system value="http://loinc.org"/>
        <code value="29299-5"/>
        <display value="Reason for visit Narrative"/>
      </coding>
    </code>
    <text>
      <extension url="http://hl7.org/fhir/StructureDefinition/data-absent-reason">
        <valueCode value="masked"/>
      </extension>
      <status value="empty"/><div xmlns="http://www.w3.org/1999/xhtml"><p>MASKED</p></div>
    </text>
  </section>
  <section>
    <title value="Chief Complaint"/>
    <code>
      <coding>
        <system value="http://loinc.org"/>
        <code value="10154-3"/>
        <display value="Chief complaint Narrative - Reported"/>
      </coding>
    </code>
    <text>
      <extension url="http://hl7.org/fhir/StructureDefinition/data-absent-reason">
        <valueCode value="masked"/>
      </extension>
      <status value="empty"/><div xmlns="http://www.w3.org/1999/xhtml"><p>MASKED</p></div>
    </text>
  </section>
  <section>
    <title value="History of Present Illness Section"/>
    <code>
      <coding>
        <system value="http://loinc.org"/>
        <code value="10164-2"/>
        <display value="History of Present illness Narrative"/>
      </coding>
    </code>
    <text>
      <extension url="http://hl7.org/fhir/StructureDefinition/data-absent-reason">
        <valueCode value="masked"/>
      </extension>
      <status value="empty"/><div xmlns="http://www.w3.org/1999/xhtml"><p>MASKED</p></div>
    </text>
  </section>
  <section>
    <title value="Problems Section"/>
    <code>
      <coding>
        <system value="http://loinc.org"/>
        <code value="11450-4"/>
        <display value="Problem list - Reported"/>
      </coding>
    </code>
    <text>
      <extension url="http://hl7.org/fhir/StructureDefinition/data-absent-reason">
        <valueCode value="masked"/>
      </extension>
      <status value="empty"/><div xmlns="http://www.w3.org/1999/xhtml"><p>MASKED</p></div>
    </text>
    <entry>
      <reference value="Condition/condition-common-cold-anon"/>
    </entry>
  </section>
  <section>
    <title value="Medications Administered Section"/>
    <code>
      <coding>
        <system value="http://loinc.org"/>
        <code value="29549-3"/>
        <display value="Medication administered Narrative"/>
      </coding>
    </code>
    <text>
      <extension url="http://hl7.org/fhir/StructureDefinition/data-absent-reason">
        <valueCode value="masked"/>
      </extension>
      <status value="empty"/><div xmlns="http://www.w3.org/1999/xhtml"><p>MASKED</p></div>
    </text>
    <entry>
      <reference value="MedicationAdministration/medicationadministration-azithromycin-anon"/>
    </entry>
  </section>
  <section>
    <title value="Results Section"/>
    <code>
      <coding>
        <system value="http://loinc.org"/>
        <code value="30954-2"/>
        <display value="Relevant diagnostic tests/laboratory data Narrative"/>
      </coding>
    </code>
    <text>
      <extension url="http://hl7.org/fhir/StructureDefinition/data-absent-reason">
        <valueCode value="masked"/>
      </extension>
      <status value="empty"/><div xmlns="http://www.w3.org/1999/xhtml"><p>MASKED</p></div>
    </text>
    <entry>
      <reference value="Observation/observation-lab-result-lymphocytes-anon"/>
    </entry>
  </section>
  <section>
    <title value="Social History Section"/>
    <code>
      <coding>
        <system value="http://loinc.org"/>
        <code value="29762-2"/>
        <display value="Social history Narrative"/>
      </coding>
    </code>
    <text>
      <extension url="http://hl7.org/fhir/StructureDefinition/data-absent-reason">
        <valueCode value="masked"/>
      </extension>
      <status value="empty"/><div xmlns="http://www.w3.org/1999/xhtml"><p>MASKED</p></div>
    </text>
    <entry>
      <reference value="Observation/observation-travel-history-201801-anon"/>
    </entry>
    <entry>
      <reference value="Observation/observation-odh-usual-work-anon"/>
    </entry>
    <entry>
      <reference value="Observation/observation-past-or-present-job-anon"/>
    </entry>
    <entry>
      <reference value="Observation/observation-disability-status-anon"/>
    </entry>
    <entry>
      <reference value="Observation/observation-country-of-nationality-anon"/>
    </entry>
    <entry>
      <reference value="Observation/observation-country-of-residence-anon"/>
    </entry>
    <entry>
      <reference value="Observation/observation-calculated-age-anon"/>
    </entry>
  </section>
  <section>
    <title value="Admission Medications Section"/>
    <code>
      <coding>
        <system value="http://loinc.org"/>
        <code value="42346-7"/>
        <display value="Medications on admission (narrative)"/>
      </coding>
    </code>
    <text>
      <extension url="http://hl7.org/fhir/StructureDefinition/data-absent-reason">
        <valueCode value="masked"/>
      </extension>
      <status value="empty"/><div xmlns="http://www.w3.org/1999/xhtml"><p>MASKED</p></div>
    </text>
    <entry>
      <reference value="MedicationAdministration/medicationadministration-naloxone-response-anon"/>
    </entry>
  </section>
  <section>
    <title value="Medications Section"/>
    <code>
      <coding>
        <system value="http://loinc.org"/>
        <code value="10160-0"/>
        <display value="History of Medication use Narrative"/>
      </coding>
    </code>
    <text>
      <extension url="http://hl7.org/fhir/StructureDefinition/data-absent-reason">
        <valueCode value="masked"/>
      </extension>
      <status value="empty"/><div xmlns="http://www.w3.org/1999/xhtml"><p>MASKED</p></div>
    </text>
    <entry>
      <reference value="MedicationAdministration/medicationadministration-azithromycin-anon"/>
    </entry>
  </section>
  <section>
    <title value="Plan of Treatment Section"/>
    <code>
      <coding>
        <system value="http://loinc.org"/>
        <code value="18776-5"/>
        <display value="Plan of care note"/>
      </coding>
    </code>
    <text>
      <extension url="http://hl7.org/fhir/StructureDefinition/data-absent-reason">
        <valueCode value="masked"/>
      </extension>
      <status value="empty"/><div xmlns="http://www.w3.org/1999/xhtml"><p>MASKED</p></div>
    </text>
    <entry>
      <extension url="http://hl7.org/fhir/us/ecr/StructureDefinition/eicr-trigger-code-flag-extension">
        <extension url="triggerCodeValueSet">
          <valueOid value="urn:oid:2.16.840.1.114222.4.11.7508"/>
        </extension>
        <extension url="triggerCodeValueSetVersion">
          <valueString value="19/05/2018"/>
        </extension>
        <extension url="triggerCode">
          <valueCoding>
            <system value="http://snomed.info/sct"/>
            <code value="3928002"/>
            <display value="Zika virus disease (disorder)"/>
          </valueCoding>
        </extension>
      </extension>
      <reference value="ServiceRequest/servicerequest-zika-anon"/>
    </entry>
  </section>
  <section>
    <title value="Immunizations Section"/>
    <code>
      <coding>
        <system value="http://loinc.org"/>
        <code value="11369-6"/>
        <display value="History of Immunization Narrative"/>
      </coding>
    </code>
    <text>
      <extension url="http://hl7.org/fhir/StructureDefinition/data-absent-reason">
        <valueCode value="masked"/>
      </extension>
      <status value="empty"/><div xmlns="http://www.w3.org/1999/xhtml"><p>MASKED</p></div>
    </text>
    <entry>
      <reference value="Immunization/immunization-pneumo-anon"/>
    </entry>
    <entry>
      <reference value="Observation/observation-vaccine-credential-assertion-anon"/>
    </entry>
  </section>
  <section>
    <title value="Procedures Section"/>
    <code>
      <coding>
        <system value="http://loinc.org"/>
        <code value="47519-4"/>
        <display value="History of Procedures Document"/>
      </coding>
    </code>
    <text>
      <extension url="http://hl7.org/fhir/StructureDefinition/data-absent-reason">
        <valueCode value="masked"/>
      </extension>
      <status value="empty"/><div xmlns="http://www.w3.org/1999/xhtml"><p>MASKED</p></div>
    </text>
    <entry>
      <reference value="Procedure/procedure-ecmo-anon"/>
    </entry>
  </section>
  <section>
    <title value="Vital Signs Section"/>
    <code>
      <coding>
        <system value="http://loinc.org"/>
        <code value="8716-3"/>
        <display value="Vital signs"/>
      </coding>
    </code>
    <text>
      <extension url="http://hl7.org/fhir/StructureDefinition/data-absent-reason">
        <valueCode value="masked"/>
      </extension>
      <status value="empty"/><div xmlns="http://www.w3.org/1999/xhtml"><p>MASKED</p></div>
    </text>
    <entry>
      <reference value="Observation/observation-blood-pressure-anon"/>
    </entry>
  </section>
  <section>
    <title value="Pregnancy Section"/>
    <code>
      <coding>
        <system value="http://loinc.org"/>
        <code value="90767-5"/>
        <display value="Pregnancy summary Document"/>
      </coding>
    </code>
    <text>
      <extension url="http://hl7.org/fhir/StructureDefinition/data-absent-reason">
        <valueCode value="masked"/>
      </extension>
      <status value="empty"/><div xmlns="http://www.w3.org/1999/xhtml"><p>MASKED</p></div>
    </text>
    <entry>
      <reference value="Observation/observation-pregnancy-status-anon"/>
    </entry>
  </section>
  <section>
    <title value="Emergency Outbreak Information Section"/>
    <code>
      <coding>
        <system value="http://loinc.org"/>
        <code value="83910-0"/>
        <display value="Public health Note"/>
      </coding>
    </code>
    <text>
      <extension url="http://hl7.org/fhir/StructureDefinition/data-absent-reason">
        <valueCode value="masked"/>
      </extension>
      <status value="empty"/><div xmlns="http://www.w3.org/1999/xhtml"><p>MASKED</p></div>
    </text>
    <entry>
      <reference value="Observation/observation-emergency-outbreak-info-anon"/>
    </entry>
  </section>
  <section>
    <title value="Past Medical History Section"/>
    <code>
      <coding>
        <system value="http://loinc.org"/>
        <code value="11348-0"/>
        <display value="History of Past illness Narrative"/>
      </coding>
    </code>
    <text>
      <extension url="http://hl7.org/fhir/StructureDefinition/data-absent-reason">
        <valueCode value="masked"/>
      </extension>
      <status value="empty"/><div xmlns="http://www.w3.org/1999/xhtml"><p>MASKED</p></div>
    </text>
  </section>
  <section>
    <title value="Review of Systems Section"/>
    <code>
      <coding>
        <system value="http://loinc.org"/>
        <code value="10187-3"/>
        <display value="Review of systems Narrative - Reported"/>
      </coding>
    </code>
    <text>
      <extension url="http://hl7.org/fhir/StructureDefinition/data-absent-reason">
        <valueCode value="masked"/>
      </extension>
      <status value="empty"/><div xmlns="http://www.w3.org/1999/xhtml"><p>MASKED</p></div>
    </text>
  </section>
  <section>
    <title value="Reportability Response Information Section"/>
    <code>
      <coding>
        <system value="http://loinc.org"/>
        <code value="88085-6"/>
        <display value="Reportability response report Document Public health"/>
      </coding>
    </code>
    <text>
      <extension url="http://hl7.org/fhir/StructureDefinition/data-absent-reason">
        <valueCode value="masked"/>
      </extension>
      <status value="empty"/><div xmlns="http://www.w3.org/1999/xhtml"><p>MASKED</p></div>
    </text>
    <entry>
      <reference value="Observation/observation-rr-relevant-reportable-condition-anon"/>
    </entry>
  </section>
</Composition>