<?xml version="1.0" encoding="UTF-8"?>

<Composition xmlns="http://hl7.org/fhir">
  <id value="composition-zika-anon"/>
  <meta>
    <profile value="http://fhir.org/fhir/us/anonymized-eicr/StructureDefinition/eicr-anon-composition"/>
  </meta>
  <text>
    <status value="extensions"/><div xmlns="http://www.w3.org/1999/xhtml"><p><b>Generated Narrative: Composition </b><a name="composition-zika-anon"> </a><a name="hccomposition-zika-anon"> </a></p><div style="display: inline-block; background-color: #d9e0e7; padding: 6px; margin: 4px; border: 1px solid #8da1b4; border-radius: 5px; line-height: 60%"><p style="margin-bottom: 0px">ResourceComposition &quot;composition-zika-anon&quot; </p><p style="margin-bottom: 0px">Profile: <a href="StructureDefinition-eicr-anon-composition.html">eICR Anonymized Composition</a></p></div><p><b>Composition Version Number</b>: 1</p><p><b>identifier</b>: c03eab8c-11e8-4d0c-ad2a-b385395e27db</p><p><b>status</b>: final</p><p><b>type</b>: Public Health Case Report <span style="background: LightGoldenRodYellow; margin: 4px; border: 1px solid khaki"> (<a href="https://loinc.org/">LOINC</a>#55751-2)</span></p><p><b>encounter</b>: <a href="Encounter-encounter-outpatient-anon.html">Encounter/encounter-outpatient-anon</a></p><p><b>date</b>: 2024-06-02 22:13:23+0000</p><p><b>author</b>: <a href="PractitionerRole-practitionerrole-anon.html">PractitionerRole/practitionerrole-anon</a></p><p><b>title</b>: Initial Public Health Case Report - Zika Example</p><p><b>custodian</b>: <a href="Organization-organization-telecom-anon.html">Organization/organization-telecom-anon</a> &quot;Telecom Anonymized Organization&quot;</p><h3>RelatesTos</h3><table class="grid"><tr><td style="display: none">-</td><td><b>Code</b></td><td><b>Target[x]</b></td></tr><tr><td style="display: none">*</td><td>transforms</td><td><a href="http://terminology.hl7.org/5.3.0/NamingSystem-uri.html" title="As defined by RFC 3986 (http://www.ietf.org/rfc/rfc3986.txt)(with many schemes defined in many RFCs). For OIDs and UUIDs, use the URN form (urn:oid:(note: lowercase) and urn:uuid:). See http://www.ietf.org/rfc/rfc3001.txt and http://www.ietf.org/rfc/rfc4122.txt 

This oid is used as an identifier II.root to indicate the the extension is an absolute URI (technically, an IRI). Typically, this is used for OIDs and GUIDs. Note that when this OID is used with OIDs and GUIDs, the II.extension should start with urn:oid or urn:uuid: 

Note that this OID is created to aid with interconversion between CDA and FHIR - FHIR uses urn:ietf:rfc:3986 as equivalent to this OID. URIs as identifiers appear more commonly in FHIR.

This OID may also be used in CD.codeSystem.">Uniform Resource Identifier (URI)</a>/urn:uuid:58fecd25-973e-4397-af68-1b7683758955</td></tr></table></div>
  </text>
  <extension url="http://hl7.org/fhir/StructureDefinition/composition-clinicaldocument-versionNumber">
    <valueString value="1"/>
  </extension>
  <identifier>
    <value value="c03eab8c-11e8-4d0c-ad2a-b385395e27db"/>
  </identifier>
  <status value="final"/>
  <type>
    <coding>
      <system value="http://loinc.org"/>
      <code value="55751-2"/>
      <display value="Public Health Case Report"/>
    </coding>
  </type>
  <subject>
    <reference value="Patient/patient-anon"/>
  </subject>
  <encounter>
    <reference value="Encounter/encounter-outpatient-anon"/>
  </encounter>
  <date value="2024-06-02T22:13:23Z"/>
  <author>
    <reference value="PractitionerRole/practitionerrole-anon"/>
  </author>
  <title value="Initial Public Health Case Report - Zika Example"/>
  <custodian>
    <reference value="Organization/organization-telecom-anon"/>
  </custodian>
  <relatesTo>
    <code value="transforms"/>
    <targetIdentifier>
      <system value="urn:ietf:rfc:3986"/>
      <value value="urn:uuid:58fecd25-973e-4397-af68-1b7683758955"/>
    </targetIdentifier>
  </relatesTo>
  <section>
    <title value="Reason for Visit Section"/>
    <code>
      <coding>
        <system value="http://loinc.org"/>
        <code value="29299-5"/>
        <display value="Reason for visit Narrative"/>
      </coding>
    </code>
    <text>
      <status value="generated"/><div xmlns="http://www.w3.org/1999/xhtml"><table xmlns:xsl="http://www.w3.org/1999/XSL/Transform"><tr><td style="font-weight: bold">title</td><td><div title="title">Reason for Visit Section</div></td></tr><tr><td style="font-weight: bold">code</td><td><ul style="list-style:none; padding-left:0; margin:0 0;"><li><ul style="list-style:none; padding-left:0; margin:0 0;"><li><div title="display">Reason for visit Narrative</div><div title="code">(29299-5)</div></li><li><div title="system"><a href="http://loinc.org">http://loinc.org</a></div></li></ul></li></ul></td></tr><tr><td colspan="2" lang="en-US" class="text-no-entries"><p>Reason for Visit: Bad cough</p></td></tr></table></div>
    </text>
  </section>
  <section>
    <title value="Chief Complaint"/>
    <code>
      <coding>
        <system value="http://loinc.org"/>
        <code value="10154-3"/>
        <display value="Chief complaint Narrative - Reported"/>
      </coding>
    </code>
    <text>
      <status value="generated"/><div xmlns="http://www.w3.org/1999/xhtml"><table xmlns:xsl="http://www.w3.org/1999/XSL/Transform"><tr><td style="font-weight: bold">title</td><td><div title="title">Chief complaint Narrative - Reported</div></td></tr><tr><td style="font-weight: bold">code</td><td><ul style="list-style:none; padding-left:0; margin:0 0;"><li><ul style="list-style:none; padding-left:0; margin:0 0;"><li><div title="display">Chief complaint Narrative - Reported</div><div title="code">(10154-3)</div></li><li><div title="system"><a href="http://loinc.org">http://loinc.org</a></div></li></ul></li></ul></td></tr><tr><td colspan="2" lang="en-US" class="text-no-entries"><p>Chief Complaint: Bad cough</p></td></tr></table></div>
    </text>
  </section>
  <section>
    <title value="History of Present Illness Section"/>
    <code>
      <coding>
        <system value="http://loinc.org"/>
        <code value="10164-2"/>
        <display value="History of Present illness Narrative"/>
      </coding>
    </code>
    <text>
      <extension url="http://hl7.org/fhir/StructureDefinition/data-absent-reason">
        <valueCode value="masked"/>
      </extension>
      <status value="empty"/><div xmlns="http://www.w3.org/1999/xhtml"><p>MASKED</p></div>
    </text>
  </section>
  <section>
    <title value="Problems Section"/>
    <code>
      <coding>
        <system value="http://loinc.org"/>
        <code value="11450-4"/>
        <display value="Problem list - Reported"/>
      </coding>
    </code>
    <text>
      <status value="generated"/><div xmlns="http://www.w3.org/1999/xhtml"><table xmlns:xsl="http://www.w3.org/1999/XSL/Transform"><tr><td style="font-weight: bold">title</td><td><div title="title">Problems Section</div></td></tr><tr><td style="font-weight: bold">code</td><td><ul style="list-style:none; padding-left:0; margin:0 0;"><li><ul style="list-style:none; padding-left:0; margin:0 0;"><li><div title="display">Problem list - Reported</div><div title="code">(11450-4)</div></li><li><div title="system"><a href="http://loinc.org">http://loinc.org</a></div></li></ul></li></ul></td></tr><tr><td style="font-weight: bold">entry</td><td><a href="Condition-condition-common-cold-anon.html">Common cold (disorder)</a></td></tr></table></div>
    </text>
    <entry>
      <reference value="Condition/condition-common-cold-anon"/>
    </entry>
  </section>
  <section>
    <title value="Medications Administered Section"/>
    <code>
      <coding>
        <system value="http://loinc.org"/>
        <code value="29549-3"/>
        <display value="Medication administered Narrative"/>
      </coding>
    </code>
    <text>
      <status value="generated"/><div xmlns="http://www.w3.org/1999/xhtml"><table xmlns:xsl="http://www.w3.org/1999/XSL/Transform"><tr><td style="font-weight: bold">title</td><td><div title="title">Medications Administered Section</div></td></tr><tr><td style="font-weight: bold">code</td><td><ul style="list-style:none; padding-left:0; margin:0 0;"><li><ul style="list-style:none; padding-left:0; margin:0 0;"><li><div title="display">Medication administered Narrative</div><div title="code">(29549-3)</div></li><li><div title="system"><a href="http://loinc.org">http://loinc.org</a></div></li></ul></li></ul></td></tr><tr><td style="font-weight: bold">entry</td><td><a href="MedicationAdministration-medicationadministration-azithromycin-anon.html">Azithromycin 500 MG Oral Tablet</a></td></tr></table></div>
    </text>
    <entry>
      <reference value="MedicationAdministration/medicationadministration-azithromycin-anon"/>
    </entry>
  </section>
  <section>
    <title value="Results Section"/>
    <code>
      <coding>
        <system value="http://loinc.org"/>
        <code value="30954-2"/>
        <display value="Relevant diagnostic tests/laboratory data Narrative"/>
      </coding>
    </code>
    <text>
      <status value="generated"/><div xmlns="http://www.w3.org/1999/xhtml"><table xmlns:xsl="http://www.w3.org/1999/XSL/Transform"><tr><td style="font-weight: bold">title</td><td><div title="title">Results Section</div></td></tr><tr><td style="font-weight: bold">code</td><td><ul style="list-style:none; padding-left:0; margin:0 0;"><li><ul style="list-style:none; padding-left:0; margin:0 0;"><li><div title="display">Relevant Dx tests/lab data</div><div title="code">(30954-2)</div></li><li><div title="system"><a href="http://loinc.org">http://loinc.org</a></div></li></ul></li></ul></td></tr><tr><td style="font-weight: bold">entry</td><td><a href="Observation-observation-lab-result-lymphocytes-anon.html">Lymphocytes [#/​volume] in Blood by Automated count - Interpretation: High</a></td></tr></table></div>
    </text>
    <entry>
      <reference value="Observation/observation-lab-result-lymphocytes-anon"/>
    </entry>
  </section>
  <section>
    <title value="Social History Section"/>
    <code>
      <coding>
        <system value="http://loinc.org"/>
        <code value="29762-2"/>
        <display value="Social history Narrative"/>
      </coding>
    </code>
    <text>
      <status value="generated"/><div xmlns="http://www.w3.org/1999/xhtml"><table xmlns:xsl="http://www.w3.org/1999/XSL/Transform"><tr><td style="font-weight: bold">title</td><td><div title="title">Social History Section</div></td></tr><tr><td style="font-weight: bold">code</td><td><ul style="list-style:none; padding-left:0; margin:0 0;"><li><ul style="list-style:none; padding-left:0; margin:0 0;"><li><div title="display">Social history Narrative</div><div title="code">(29762-2)</div></li><li><div title="system"><a href="http://loinc.org">http://loinc.org</a></div></li></ul></li></ul></td></tr><tr><td style="font-weight: bold">entry</td><td><a href="Observation-observation-travel-history-201801-anon.html">eICR Travel History: anonymized 2018-01</a></td></tr><tr><td style="font-weight: bold">entry</td><td><a href="Observation-observation-odh-usual-work-anon.html">ODH Usual Work: anonymized</a></td></tr><tr><td style="font-weight: bold">entry</td><td><a href="Observation-observation-past-or-present-job-anon.html">:eICR Anonymized Past or Present Job</a></td></tr><tr><td style="font-weight: bold">entry</td><td><a href="Observation-observation-disability-status-anon.html">:US Public Health Disability Status: anonymized</a></td></tr><tr><td style="font-weight: bold">entry</td><td><a href="Observation-observation-country-of-nationality-anon.html">:eICR Country of Nationality: anonymized</a></td></tr><tr><td style="font-weight: bold">entry</td><td><a href="Observation-observation-country-of-residence-anon.html">:eICR Country of Residence: anonymized</a></td></tr><tr><td style="font-weight: bold">entry</td><td><a href="Observation-observation-calculated-age-anon.html">:eICR Calculated Age: anonymized</a></td></tr></table></div>
    </text>
    <entry>
      <reference value="Observation/observation-travel-history-201801-anon"/>
    </entry>
    <entry>
      <reference value="Observation/observation-odh-usual-work-anon"/>
    </entry>
    <entry>
      <reference value="Observation/observation-past-or-present-job-anon"/>
    </entry>
    <entry>
      <reference value="Observation/observation-disability-status-anon"/>
    </entry>
    <entry>
      <reference value="Observation/observation-country-of-nationality-anon"/>
    </entry>
    <entry>
      <reference value="Observation/observation-country-of-residence-anon"/>
    </entry>
    <entry>
      <reference value="Observation/observation-calculated-age-anon"/>
    </entry>
  </section>
  <section>
    <title value="Admission Medications Section"/>
    <code>
      <coding>
        <system value="http://loinc.org"/>
        <code value="42346-7"/>
        <display value="Medications on admission (narrative)"/>
      </coding>
    </code>
    <text>
      <status value="generated"/><div xmlns="http://www.w3.org/1999/xhtml"><table><tr><td style="font-weight: bold">title</td><td><div title="title">Admission Medications Section</div></td></tr><tr><td style="font-weight: bold">code</td><td><ul style="list-style:none; padding-left:0; margin:0 0;"><li><ul style="list-style:none; padding-left:0; margin:0 0;"><li><div title="display">Medications on admission (narrative)</div><div title="code">(42346-7)</div></li><li><div title="system"><a href="http://loinc.org">http://loinc.org</a></div></li></ul></li></ul></td></tr><tr><td style="font-weight: bold">entry</td><td><a href="MedicationAdministration-medicationadministration-naloxone-response-anon.html">naloxone HCl 0.4 MG in 1 ML Injection</a></td></tr></table></div>
    </text>
    <entry>
      <reference value="MedicationAdministration/medicationadministration-naloxone-response-anon"/>
    </entry>
  </section>
  <section>
    <title value="Medications Section"/>
    <code>
      <coding>
        <system value="http://loinc.org"/>
        <code value="10160-0"/>
        <display value="History of Medication use Narrative"/>
      </coding>
    </code>
    <text>
      <status value="generated"/><div xmlns="http://www.w3.org/1999/xhtml"><table><tr><td style="font-weight: bold">title</td><td><div title="title">Medications Section</div></td></tr><tr><td style="font-weight: bold">code</td><td><ul style="list-style:none; padding-left:0; margin:0 0;"><li><ul style="list-style:none; padding-left:0; margin:0 0;"><li><div title="display">History of Medication use Narrative</div><div title="code">(10160-0)</div></li><li><div title="system"><a href="http://loinc.org">http://loinc.org</a></div></li></ul></li></ul></td></tr><tr><td style="font-weight: bold">entry</td><td><a href="MedicationAdministration-medicationadministration-azithromycin-anon.html">Azithromycin 500 MG Oral Tablet</a></td></tr></table></div>
    </text>
    <entry>
      <reference value="MedicationAdministration/medicationadministration-azithromycin-anon"/>
    </entry>
  </section>
  <section>
    <title value="Plan of Treatment Section"/>
    <code>
      <coding>
        <system value="http://loinc.org"/>
        <code value="18776-5"/>
        <display value="Plan of care note"/>
      </coding>
    </code>
    <text>
      <status value="generated"/><div xmlns="http://www.w3.org/1999/xhtml"><table xmlns:xsl="http://www.w3.org/1999/XSL/Transform"><tr><td style="font-weight: bold">title</td><td><div title="title">Plan of Treatment Section</div></td></tr><tr><td style="font-weight: bold">code</td><td><ul style="list-style:none; padding-left:0; margin:0 0;"><li><ul style="list-style:none; padding-left:0; margin:0 0;"><li><div title="display">Plan of care note</div><div title="code">(18776-5)</div></li><li><div title="system"><a href="http://loinc.org">http://loinc.org</a></div></li></ul></li></ul></td></tr><tr><td style="font-weight: bold">entry</td><td><ul style="list-style:none; padding-left:0; margin:0 0;"><li><b>Trigger code</b></li><li>Trigger Code:</li><li>Trigger Code Display:</li><li>Trigger Code System:</li><li>Trigger Code Value Set: urn:oid:2.16.840.1.114222.4.11.7508</li><li>Trigger Code Value Set Version: 19/05/2018</li></ul><a href="ServiceRequest-servicerequest-zika-anon.html">Request for Zika virus envelope (E) gene [Presence] in Serum by Probe and target amplification method</a></td></tr></table></div>
    </text>
    <entry>
      <extension url="http://hl7.org/fhir/us/ecr/StructureDefinition/eicr-trigger-code-flag-extension">
        <extension url="triggerCodeValueSet">
          <valueOid value="urn:oid:2.16.840.1.114222.4.11.7508"/>
        </extension>
        <extension url="triggerCodeValueSetVersion">
          <valueString value="19/05/2018"/>
        </extension>
        <extension url="triggerCode">
          <valueCoding>
            <system value="http://snomed.info/sct"/>
            <code value="3928002"/>
            <display value="Zika virus disease (disorder)"/>
          </valueCoding>
        </extension>
      </extension>
      <reference value="ServiceRequest/servicerequest-zika-anon"/>
    </entry>
  </section>
  <section>
    <title value="Immunizations Section"/>
    <code>
      <coding>
        <system value="http://loinc.org"/>
        <code value="11369-6"/>
        <display value="History of Immunization Narrative"/>
      </coding>
    </code>
    <text>
      <status value="generated"/><div xmlns="http://www.w3.org/1999/xhtml"><table><tr><td style="font-weight: bold">title</td><td><div title="title">Immunizations Section</div></td></tr><tr><td style="font-weight: bold">code</td><td><ul style="list-style:none; padding-left:0; margin:0 0;"><li><ul style="list-style:none; padding-left:0; margin:0 0;"><li><div title="display">History of Immunization Narrative</div><div title="code">(11369-6)</div></li><li><div title="system"><a href="http://loinc.org">http://loinc.org</a></div></li></ul></li></ul></td></tr><tr><td style="font-weight: bold">entry</td><td><a href="Immunization-immunization-pneumo-anon.html">pneumococcal polysaccharide vaccine</a></td></tr><tr><td style="font-weight: bold">entry</td><td><a href="Observation-observation-vaccine-credential-assertion-anon.html">Vaccine Credential Patient Assertion Observation Example</a></td></tr></table></div>
    </text>
    <entry>
      <reference value="Immunization/immunization-pneumo-anon"/>
    </entry>
    <entry>
      <reference value="Observation/observation-vaccine-credential-assertion-anon"/>
    </entry>
  </section>
  <section>
    <title value="Procedures Section"/>
    <code>
      <coding>
        <system value="http://loinc.org"/>
        <code value="47519-4"/>
        <display value="History of Procedures Document"/>
      </coding>
    </code>
    <text>
      <status value="generated"/><div xmlns="http://www.w3.org/1999/xhtml"><table><tr><td style="font-weight: bold">title</td><td><div title="title">Procedures Section</div></td></tr><tr><td style="font-weight: bold">code</td><td><ul style="list-style:none; padding-left:0; margin:0 0;"><li><ul style="list-style:none; padding-left:0; margin:0 0;"><li><div title="display">History of Procedures Document</div><div title="code">(47519-4)</div></li><li><div title="system"><a href="http://loinc.org">http://loinc.org</a></div></li></ul></li></ul></td></tr><tr><td style="font-weight: bold">entry</td><td><a href="Procedure-procedure-ecmo-anon.html">Extracorporeal membrane oxygenation (procedure)</a></td></tr></table></div>
    </text>
    <entry>
      <reference value="Procedure/procedure-ecmo-anon"/>
    </entry>
  </section>
  <section>
    <title value="Vital Signs Section"/>
    <code>
      <coding>
        <system value="http://loinc.org"/>
        <code value="8716-3"/>
        <display value="Vital signs"/>
      </coding>
    </code>
    <text>
      <status value="generated"/><div xmlns="http://www.w3.org/1999/xhtml"><table><tr><td style="font-weight: bold">title</td><td><div title="title">Vital Signs Section</div></td></tr><tr><td style="font-weight: bold">code</td><td><ul style="list-style:none; padding-left:0; margin:0 0;"><li><ul style="list-style:none; padding-left:0; margin:0 0;"><li><div title="display">Vital signs</div><div title="code">(8716-3)</div></li><li><div title="system"><a href="http://loinc.org">http://loinc.org</a></div></li></ul></li></ul></td></tr><tr><td style="font-weight: bold">entry</td><td><a href="Observation-observation-blood-pressure-anon.html">Blood pressure systolic and diastolic</a></td></tr></table></div>
    </text>
    <entry>
      <reference value="Observation/observation-blood-pressure-anon"/>
    </entry>
  </section>
  <section>
    <title value="Pregnancy Section"/>
    <code>
      <coding>
        <system value="http://loinc.org"/>
        <code value="90767-5"/>
        <display value="Pregnancy summary Document"/>
      </coding>
    </code>
    <text>
      <status value="generated"/><div xmlns="http://www.w3.org/1999/xhtml"><table xmlns:xsl="http://www.w3.org/1999/XSL/Transform"><tr><td style="font-weight: bold">title</td><td><div title="title">Pregnancy Section</div></td></tr><tr><td style="font-weight: bold">code</td><td><ul style="list-style:none; padding-left:0; margin:0 0;"><li><ul style="list-style:none; padding-left:0; margin:0 0;"><li><div title="display">Pregnancy summary Document</div><div title="code">(90767-5)</div></li><li><div title="system"><a href="http://loinc.org">http://loinc.org</a></div></li></ul></li></ul></td></tr><tr><td style="font-weight: bold">entry</td><td><a href="Observation-observation-pregnancy-status-anon.html">eICR Pregnancy Status: anonymized</a></td></tr></table></div>
    </text>
    <entry>
      <reference value="Observation/observation-pregnancy-status-anon"/>
    </entry>
  </section>
  <section>
    <title value="Emergency Outbreak Information Section"/>
    <code>
      <coding>
        <system value="http://loinc.org"/>
        <code value="83910-0"/>
        <display value="Public health Note"/>
      </coding>
    </code>
    <text>
      <status value="generated"/><div xmlns="http://www.w3.org/1999/xhtml"><table><tr><td style="font-weight: bold">title</td><td><div title="title">Emergency Outbreak Information Section</div></td></tr><tr><td style="font-weight: bold">code</td><td><ul style="list-style:none; padding-left:0; margin:0 0;"><li><ul style="list-style:none; padding-left:0; margin:0 0;"><li><div title="display">Public health Note</div><div title="code">(83910-0)</div></li><li><div title="system"><a href="http://loinc.org">http://loinc.org</a></div></li></ul></li></ul></td></tr><tr><td style="font-weight: bold">entry</td><td><a href="Observation-observation-emergency-outbreak-info-anon.html">US Public Health Emergency Outbreak Information Example</a></td></tr></table></div>
    </text>
    <entry>
      <reference value="Observation/observation-emergency-outbreak-info-anon"/>
    </entry>
  </section>
  <section>
    <title value="Past Medical History Section"/>
    <code>
      <coding>
        <system value="http://loinc.org"/>
        <code value="11348-0"/>
        <display value="History of Past illness Narrative"/>
      </coding>
    </code>
    <text>
      <extension url="http://hl7.org/fhir/StructureDefinition/data-absent-reason">
        <valueCode value="masked"/>
      </extension>
      <status value="empty"/><div xmlns="http://www.w3.org/1999/xhtml"><p>MASKED</p></div>
    </text>
  </section>
  <section>
    <title value="Review of Systems Section"/>
    <code>
      <coding>
        <system value="http://loinc.org"/>
        <code value="10187-3"/>
        <display value="Review of systems Narrative - Reported"/>
      </coding>
    </code>
    <text>
      <status value="generated"/><div xmlns="http://www.w3.org/1999/xhtml"><table xmlns:xsl="http://www.w3.org/1999/XSL/Transform"><tr><td style="font-weight: bold">title</td><td><div title="title">Review of Systems Section</div></td></tr><tr><td style="font-weight: bold">code</td><td><ul style="list-style:none; padding-left:0; margin:0 0;"><li><ul style="list-style:none; padding-left:0; margin:0 0;"><li><div title="display">Review of Systems Section Narrative</div><div title="code">(10187-3)</div></li><li><div title="system"><a href="http://loinc.org">http://loinc.org</a></div></li></ul></li></ul></td></tr><tr><td colspan="2" lang="en-US" class="text-no-entries"><p>Review of systems section text</p></td></tr></table></div>
    </text>
  </section>
  <section>
    <title value="Reportability Response Information Section"/>
    <code>
      <coding>
        <system value="http://loinc.org"/>
        <code value="88085-6"/>
        <display value="Reportability response report Document Public health"/>
      </coding>
    </code>
    <text>
      <status value="generated"/><div xmlns="http://www.w3.org/1999/xhtml"><table><tr><td style="font-weight: bold">title</td><td><div title="title">Reportability Response Information Section</div></td></tr><tr><td style="font-weight: bold">code</td><td><ul style="list-style:none; padding-left:0; margin:0 0;"><li><ul style="list-style:none; padding-left:0; margin:0 0;"><li><div title="display">Reportability response report Document Public health</div><div title="code">(88085-6)</div></li><li><div title="system"><a href="http://loinc.org">http://loinc.org</a></div></li></ul></li></ul></td></tr><tr><td style="font-weight: bold">entry</td><td><a href="Observation-observation-rr-relevant-reportable-condition-anon.html">RR Relevant Reportable Condition: anonymized</a></td></tr></table></div>
    </text>
    <entry>
      <reference value="Observation/observation-rr-relevant-reportable-condition-anon"/>
    </entry>
  </section>
</Composition>