<?xml version="1.0" encoding="UTF-8"?>

<Device xmlns="http://hl7.org/fhir">
  <id value="device-ecmo-anon"/>
  <text>
    <extension url="http://hl7.org/fhir/StructureDefinition/data-absent-reason">
      <valueCode value="masked"/>
    </extension>
    <status value="empty"/><div xmlns="http://www.w3.org/1999/xhtml"><p>MASKED</p></div>
  </text>
  <udiCarrier>
    <deviceIdentifier value="99863313444316"/>
    <carrierHRF value="(01)99863313444316(17)220101(10)M320(21)AC222"/>
    <entryType value="rfid"/>
  </udiCarrier>
  <status value="active"/>
  <manufacturer value="ACME Biomedical"/>
  <expirationDate value="2022-01-01"/>
  <lotNumber value="M320"/>
  <serialNumber value="AC222"/>
  <deviceName>
    <name value="ACME Extracorporeal membrane oxygenator"/>
    <type value="udi-label-name"/>
  </deviceName>
  <modelNumber value="4.0"/>
  <type>
    <coding>
      <system value="http://snomed.info/sct"/>
      <code value="469244005"/>
      <display value="Extracorporeal membrane oxygenator (physical object)"/>
    </coding>
    <text value="Extracorporeal membrane oxygenator (physical object)"/>
  </type>
  <patient>
    <reference value="Patient/patient-anon"/>
  </patient>
</Device>