<?xml version="1.0" encoding="UTF-8"?>

<Device xmlns="http://hl7.org/fhir">
  <id value="device-ecmo-anon"/>
  <text>
    <status value="generated"/><div xmlns="http://www.w3.org/1999/xhtml"><p><b>Generated Narrative: Device </b><a name="device-ecmo-anon"> </a><a name="hcdevice-ecmo-anon"> </a></p><div style="display: inline-block; background-color: #d9e0e7; padding: 6px; margin: 4px; border: 1px solid #8da1b4; border-radius: 5px; line-height: 60%"><p style="margin-bottom: 0px">ResourceDevice &quot;device-ecmo-anon&quot; </p></div><h3>UdiCarriers</h3><table class="grid"><tr><td style="display: none">-</td><td><b>DeviceIdentifier</b></td><td><b>CarrierHRF</b></td><td><b>EntryType</b></td></tr><tr><td style="display: none">*</td><td>99863313444316</td><td>(01)99863313444316(17)220101(10)M320(21)AC222</td><td>rfid</td></tr></table><p><b>status</b>: active</p><p><b>manufacturer</b>: ACME Biomedical</p><p><b>expirationDate</b>: 2022-01-01</p><p><b>lotNumber</b>: M320</p><p><b>serialNumber</b>: AC222</p><h3>DeviceNames</h3><table class="grid"><tr><td style="display: none">-</td><td><b>Name</b></td><td><b>Type</b></td></tr><tr><td style="display: none">*</td><td>ACME Extracorporeal membrane oxygenator</td><td>udi-label-name</td></tr></table><p><b>modelNumber</b>: 4.0</p><p><b>type</b>: Extracorporeal membrane oxygenator (physical object) <span style="background: LightGoldenRodYellow; margin: 4px; border: 1px solid khaki"> (<a href="https://browser.ihtsdotools.org/">SNOMED CT</a>#469244005)</span></p><p><b>patient</b>: <a href="Patient-patient-anon.html">Patient/patient-anon</a> &quot;&quot;</p></div>
  </text>
  <udiCarrier>
    <deviceIdentifier value="99863313444316"/>
    <carrierHRF value="(01)99863313444316(17)220101(10)M320(21)AC222"/>
    <entryType value="rfid"/>
  </udiCarrier>
  <status value="active"/>
  <manufacturer value="ACME Biomedical"/>
  <expirationDate value="2022-01-01"/>
  <lotNumber value="M320"/>
  <serialNumber value="AC222"/>
  <deviceName>
    <name value="ACME Extracorporeal membrane oxygenator"/>
    <type value="udi-label-name"/>
  </deviceName>
  <modelNumber value="4.0"/>
  <type>
    <coding>
      <system value="http://snomed.info/sct"/>
      <code value="469244005"/>
      <display value="Extracorporeal membrane oxygenator (physical object)"/>
    </coding>
    <text value="Extracorporeal membrane oxygenator (physical object)"/>
  </type>
  <patient>
    <reference value="Patient/patient-anon"/>
  </patient>
</Device>