<?xml version="1.0" encoding="UTF-8"?>

<DocumentReference xmlns="http://hl7.org/fhir">
  <id value="documentreference-add-reporting-needs-pdf"/>
  <meta>
    <profile value="http://hl7.org/fhir/us/ecr/StructureDefinition/rr-documentreference"/>
  </meta>
  <text>
    <status value="extensions"/><div xmlns="http://www.w3.org/1999/xhtml"><p><b>Generated Narrative: DocumentReference </b><a name="documentreference-add-reporting-needs-pdf"> </a><a name="hcdocumentreference-add-reporting-needs-pdf"> </a></p><div style="display: inline-block; background-color: #d9e0e7; padding: 6px; margin: 4px; border: 1px solid #8da1b4; border-radius: 5px; line-height: 60%"><p style="margin-bottom: 0px">ResourceDocumentReference &quot;documentreference-add-reporting-needs-pdf&quot; </p><p style="margin-bottom: 0px">Profile: <a href="http://hl7.org/fhir/us/ecr/STU2.1/StructureDefinition-rr-documentreference.html">RR DocumentReference</a></p></div><p><b>Reportability Response Priority Extension</b>: Action requested <span style="background: LightGoldenRodYellow; margin: 4px; border: 1px solid khaki"> (unknown#RRVS16)</span></p><p><b>status</b>: current</p><p><b>type</b>: Public health information <span style="background: LightGoldenRodYellow; margin: 4px; border: 1px solid khaki"> (<a href="https://loinc.org/">LOINC</a>#83910-0 &quot;Public health Note&quot;)</span></p><p><b>category</b>: Additional reporting needs <span style="background: LightGoldenRodYellow; margin: 4px; border: 1px solid khaki"> (unknown#RRVS8)</span></p><p><b>subject</b>: <a href="Patient-patient-anon.html">Patient/patient-anon</a> &quot;&quot;</p><p><b>description</b>: Additional information for the required reporting of Zika must be submitted to State Department of Health immediately. This additional information can be submitted here.</p><blockquote><p><b>content</b></p><h3>Attachments</h3><table class="grid"><tr><td style="display: none">-</td><td><b>ContentType</b></td><td><b>Url</b></td></tr><tr><td style="display: none">*</td><td>application/pdf</td><td><a href="http://statedepartmentofhealth.gov/epi/disease/zika/Supplemental_data_form.pdf">http://statedepartmentofhealth.gov/epi/disease/zika/Supplemental_data_form.pdf</a></td></tr></table></blockquote></div>
  </text>
  <extension url="http://hl7.org/fhir/us/ecr/StructureDefinition/rr-priority-extension">
    <valueCodeableConcept>
      <coding>
        <system value="urn:oid:2.16.840.1.114222.4.5.274"/>
        <code value="RRVS16"/>
        <display value="Action requested"/>
      </coding>
    </valueCodeableConcept>
  </extension>
  <status value="current"/>
  <type>
    <coding>
      <system value="http://loinc.org"/>
      <code value="83910-0"/>
      <display value="Public health Note"/>
    </coding>
    <text value="Public health information"/>
  </type>
  <category>
    <coding>
      <system value="urn:oid:2.16.840.1.114222.4.5.274"/>
      <code value="RRVS8"/>
      <display value="Additional reporting needs"/>
    </coding>
    <text value="Additional reporting needs"/>
  </category>
  <subject>
    <reference value="Patient/patient-anon"/>
  </subject>
  <description value="Additional information for the required reporting of Zika must be submitted to State Department of Health immediately. This additional information can be submitted here."/>
  <content>
    <attachment>
      <contentType value="application/pdf"/>
      <url value="http://statedepartmentofhealth.gov/epi/disease/zika/Supplemental_data_form.pdf"/>
    </attachment>
  </content>
</DocumentReference>