<?xml version="1.0" encoding="UTF-8"?>

<DocumentReference xmlns="http://hl7.org/fhir">
  <id value="documentreference-zika-info-pdf"/>
  <meta>
    <profile value="http://hl7.org/fhir/us/ecr/StructureDefinition/rr-documentreference"/>
  </meta>
  <text>
    <extension url="http://hl7.org/fhir/StructureDefinition/data-absent-reason">
      <valueCode value="masked"/>
    </extension>
    <status value="empty"/><div xmlns="http://www.w3.org/1999/xhtml"><p>MASKED</p></div>
  </text>
  <extension url="http://hl7.org/fhir/us/ecr/StructureDefinition/rr-priority-extension">
    <valueCodeableConcept>
      <coding>
        <system value="urn:oid:2.16.840.1.114222.4.5.274"/>
        <code value="RRVS17"/>
        <display value="Immediate action required"/>
      </coding>
    </valueCodeableConcept>
  </extension>
  <status value="current"/>
  <type>
    <coding>
      <system value="http://loinc.org"/>
      <code value="83910-0"/>
      <display value="Public health Note"/>
    </coding>
    <text value="Public health information"/>
  </type>
  <category>
    <coding>
      <system value="urn:oid:2.16.840.1.114222.4.5.274"/>
      <code value="RRVS13"/>
      <display value="Outbreak- or Cluster Related"/>
    </coding>
    <text value="Outbreak- or Cluster Related"/>
  </category>
  <subject>
    <reference value="Patient/patient-anon"/>
  </subject>
  <description value="Local mosquito-borne Zika virus creation was reported in your area. Increased watchfulness for symptoms of Zika virus in your patients is warranted."/>
  <content>
    <attachment>
      <contentType value="application/pdf"/>
      <url value="http://statedepartmentofhealth.gov/epi/disease/zika/outbreakinfo.pdf"/>
    </attachment>
  </content>
</DocumentReference>