<?xml version="1.0" encoding="UTF-8"?>

<Encounter xmlns="http://hl7.org/fhir">
  <id value="encounter-outpatient-anon"/>
  <meta>
    <profile value="http://fhir.org/fhir/us/anonymized-eicr/StructureDefinition/eicr-anon-encounter"/>
  </meta>
  <text>
    <extension url="http://hl7.org/fhir/StructureDefinition/data-absent-reason">
      <valueCode value="masked"/>
    </extension>
    <status value="empty"/><div xmlns="http://www.w3.org/1999/xhtml"><p>MASKED</p></div>
  </text>
  <identifier>
    <system value="http://hospital.smarthealthit.org"/>
    <value value="9937012"/>
  </identifier>
  <status value="finished"/>
  <class>
    <system value="http://terminology.hl7.org/CodeSystem/v3-ActCode"/>
    <code value="AMB"/>
    <display value="ambulatory"/>
  </class>
  <type>
    <coding>
      <system value="http://www.ama-assn.org/go/cpt"/>
      <code value="99202"/>
    </coding>
    <text value="Office Visit"/>
  </type>
  <subject>
    <reference value="Patient/patient-anon"/>
  </subject>
  <participant>
    <type>
      <coding>
        <system value="http://terminology.hl7.org/CodeSystem/v3-ParticipationType"/>
        <code value="ATND"/>
        <display value="attender"/>
      </coding>
    </type>
    <individual>
      <reference value="PractitionerRole/practitionerrole-anon"/>
    </individual>
  </participant>
  <period>
    <start value="2018-04-01T10:00:00-05:00"/>
    <end value="2018-04-02T10:15:00-05:00"/>
  </period>
  <diagnosis>
    <extension url="http://hl7.org/fhir/us/ecr/StructureDefinition/eicr-trigger-code-flag-extension">
      <extension url="triggerCodeValueSet">
        <valueOid value="urn:oid:2.16.840.1.114222.4.11.7508"/>
      </extension>
      <extension url="triggerCodeValueSetVersion">
        <valueString value="12/12/2018"/>
      </extension>
      <extension url="triggerCode">
        <valueCoding>
          <system value="http://snomed.info/sct"/>
          <code value="3928002"/>
          <display value="Zika virus disease (disorder)"/>
        </valueCoding>
      </extension>
    </extension>
    <condition>
      <reference value="Condition/condition-zika-anon"/>
    </condition>
  </diagnosis>
  <diagnosis>
    <condition>
      <reference value="Condition/condition-common-cold-anon"/>
    </condition>
  </diagnosis>
  <location>
    <location>
      <reference value="Location/location-salem-medical-center"/>
    </location>
  </location>
  <serviceProvider>
    <reference value="Organization/organization-salem-medical-center"/>
  </serviceProvider>
</Encounter>