<?xml version="1.0" encoding="UTF-8"?>

<Encounter xmlns="http://hl7.org/fhir">
  <id value="encounter-outpatient-anon"/>
  <meta>
    <profile value="http://fhir.org/fhir/us/anonymized-eicr/StructureDefinition/eicr-anon-encounter"/>
  </meta>
  <text>
    <status value="extensions"/><div xmlns="http://www.w3.org/1999/xhtml"><p><b>Generated Narrative: Encounter </b><a name="encounter-outpatient-anon"> </a><a name="hcencounter-outpatient-anon"> </a></p><div style="display: inline-block; background-color: #d9e0e7; padding: 6px; margin: 4px; border: 1px solid #8da1b4; border-radius: 5px; line-height: 60%"><p style="margin-bottom: 0px">ResourceEncounter &quot;encounter-outpatient-anon&quot; </p><p style="margin-bottom: 0px">Profile: <a href="StructureDefinition-eicr-anon-encounter.html">eICR Anonymized Encounter</a></p></div><p><b>identifier</b>: <code>http://hospital.smarthealthit.org</code>/9937012</p><p><b>status</b>: finished</p><p><b>class</b>: ambulatory (Details: ActCode code AMB  = ' ambulatory ', stated as ' ambulatory ')</p><p><b>type</b>: Office Visit <span style="background: LightGoldenRodYellow; margin: 4px; border: 1px solid khaki"> (<a href="http://terminology.hl7.org/5.3.0/CodeSystem-CPT.html">Current Procedural Terminology (CPT®)</a>#99202)</span></p><p><b>subject</b>: <a href="Patient-patient-anon.html">Patient/patient-anon</a> &quot;&quot;</p><h3>Participants</h3><table class="grid"><tr><td style="display: none">-</td><td><b>Type</b></td><td><b>Individual</b></td></tr><tr><td style="display: none">*</td><td>attender <span style="background: LightGoldenRodYellow; margin: 4px; border: 1px solid khaki"> (<a href="http://terminology.hl7.org/5.5.0/CodeSystem-v3-ParticipationType.html">ParticipationType</a>#ATND)</span></td><td><a href="PractitionerRole-practitionerrole-anon.html">PractitionerRole/practitionerrole-anon</a></td></tr></table><p><b>period</b>: 2018-04-01 10:00:00-0500 --&gt; 2018-04-02 10:15:00-0500</p><blockquote><p><b>diagnosis</b></p><blockquote><p><b>eICR Trigger Code Flag Extension</b></p><blockquote><p><b>url</b></p><code>triggerCodeValueSet</code></blockquote><p><b>value</b>: <code>urn:oid:2.16.840.1.114222.4.11.7508</code></p><blockquote><p><b>url</b></p><code>triggerCodeValueSetVersion</code></blockquote><p><b>value</b>: 12/12/2018</p><blockquote><p><b>url</b></p><code>triggerCode</code></blockquote><p><b>value</b>: Zika virus disease (disorder) (Details: SNOMED CT code 3928002  = ' Zika virus disease ', stated as ' Zika virus disease (disorder) ')</p></blockquote><p><b>condition</b>: <a href="Condition-condition-zika-anon.html">Condition/condition-zika-anon</a></p></blockquote><blockquote><p><b>diagnosis</b></p><p><b>condition</b>: <a href="Condition-condition-common-cold-anon.html">Condition/condition-common-cold-anon</a></p></blockquote><h3>Locations</h3><table class="grid"><tr><td style="display: none">-</td><td><b>Location</b></td></tr><tr><td style="display: none">*</td><td><a href="Location-location-salem-medical-center.html">Location/location-salem-medical-center</a> &quot;Clinic Bldg A, Salem Medical Center&quot;</td></tr></table><p><b>serviceProvider</b>: <a href="Organization-organization-salem-medical-center.html">Organization/organization-salem-medical-center</a> &quot;Salem Medical Center&quot;</p></div>
  </text>
  <identifier>
    <system value="http://hospital.smarthealthit.org"/>
    <value value="9937012"/>
  </identifier>
  <status value="finished"/>
  <class>
    <system value="http://terminology.hl7.org/CodeSystem/v3-ActCode"/>
    <code value="AMB"/>
    <display value="ambulatory"/>
  </class>
  <type>
    <coding>
      <system value="http://www.ama-assn.org/go/cpt"/>
      <code value="99202"/>
    </coding>
    <text value="Office Visit"/>
  </type>
  <subject>
    <reference value="Patient/patient-anon"/>
  </subject>
  <participant>
    <type>
      <coding>
        <system value="http://terminology.hl7.org/CodeSystem/v3-ParticipationType"/>
        <code value="ATND"/>
        <display value="attender"/>
      </coding>
    </type>
    <individual>
      <reference value="PractitionerRole/practitionerrole-anon"/>
    </individual>
  </participant>
  <period>
    <start value="2018-04-01T10:00:00-05:00"/>
    <end value="2018-04-02T10:15:00-05:00"/>
  </period>
  <diagnosis>
    <extension url="http://hl7.org/fhir/us/ecr/StructureDefinition/eicr-trigger-code-flag-extension">
      <extension url="triggerCodeValueSet">
        <valueOid value="urn:oid:2.16.840.1.114222.4.11.7508"/>
      </extension>
      <extension url="triggerCodeValueSetVersion">
        <valueString value="12/12/2018"/>
      </extension>
      <extension url="triggerCode">
        <valueCoding>
          <system value="http://snomed.info/sct"/>
          <code value="3928002"/>
          <display value="Zika virus disease (disorder)"/>
        </valueCoding>
      </extension>
    </extension>
    <condition>
      <reference value="Condition/condition-zika-anon"/>
    </condition>
  </diagnosis>
  <diagnosis>
    <condition>
      <reference value="Condition/condition-common-cold-anon"/>
    </condition>
  </diagnosis>
  <location>
    <location>
      <reference value="Location/location-salem-medical-center"/>
    </location>
  </location>
  <serviceProvider>
    <reference value="Organization/organization-salem-medical-center"/>
  </serviceProvider>
</Encounter>