<?xml version="1.0" encoding="UTF-8"?>

<Location xmlns="http://hl7.org/fhir">
  <id value="location-salem-medical-center"/>
  <meta>
    <profile value="http://hl7.org/fhir/us/ecr/StructureDefinition/us-ph-location"/>
  </meta>
  <text>
    <extension url="http://hl7.org/fhir/StructureDefinition/data-absent-reason">
      <valueCode value="masked"/>
    </extension>
    <status value="empty"/><div xmlns="http://www.w3.org/1999/xhtml"><p>MASKED</p></div>
  </text>
  <identifier>
    <system value="http://hl7.org.fhir/sid/us-npi"/>
    <value value="1144221995"/>
  </identifier>
  <status value="active"/>
  <name value="Clinic Bldg A, Salem Medical Center"/>
  <type>
    <coding>
      <system value="http://terminology.hl7.org/CodeSystem/v3-RoleCode"/>
      <code value="HOSP"/>
      <display value="Hospital"/>
    </coding>
  </type>
  <telecom>
    <system value="phone"/>
    <value value="(+1) (555)555-3001"/>
  </telecom>
  <telecom>
    <system value="fax"/>
    <value value="(+1) (555)555-3002"/>
  </telecom>
  <telecom>
    <system value="email"/>
    <value value="mail@smc.org"/>
  </telecom>
  <address>
    <line value="Clinic Bldg A"/>
    <line value="4444 Healthcare Drive"/>
    <city value="Ann Arbor"/>
    <state value="MI"/>
    <postalCode value="99999"/>
  </address>
  <managingOrganization>
    <reference value="Organization/organization-salem-medical-center"/>
  </managingOrganization>
</Location>