<?xml version="1.0" encoding="UTF-8"?>

<Location xmlns="http://hl7.org/fhir">
  <id value="location-city-football-stadium-anon"/>
  <meta>
    <profile value="http://hl7.org/fhir/us/core/StructureDefinition/us-core-location"/>
  </meta>
  <text>
    <extension url="http://hl7.org/fhir/StructureDefinition/data-absent-reason">
      <valueCode value="masked"/>
    </extension>
    <status value="empty"/><div xmlns="http://www.w3.org/1999/xhtml"><p>MASKED</p></div>
  </text>
  <status value="active"/>
  <name value="City Football Stadium"/>
  <type>
    <coding>
      <system value="http://snomed.info/sct"/>
      <code value="264379009"/>
      <display value="Sports stadium (environment)"/>
    </coding>
    <text value="City Football Stadium"/>
  </type>
  <address>
    <line value="99 Football Stadium Road"/>
    <city value="My City"/>
    <state value="AZ"/>
    <postalCode value="8562"/>
  </address>
</Location>