<?xml version="1.0" encoding="UTF-8"?>

<MedicationAdministration xmlns="http://hl7.org/fhir">
  <id value="medicationadministration-naloxone-response-anon"/>
  <meta>
    <profile value="http://hl7.org/fhir/us/ecr/StructureDefinition/us-ph-medicationadministration"/>
  </meta>
  <text>
    <status value="extensions"/><div xmlns="http://www.w3.org/1999/xhtml"><p><b>Generated Narrative: MedicationAdministration </b><a name="medicationadministration-naloxone-response-anon"> </a><a name="hcmedicationadministration-naloxone-response-anon"> </a></p><div style="display: inline-block; background-color: #d9e0e7; padding: 6px; margin: 4px; border: 1px solid #8da1b4; border-radius: 5px; line-height: 60%"><p style="margin-bottom: 0px">ResourceMedicationAdministration &quot;medicationadministration-naloxone-response-anon&quot; </p><p style="margin-bottom: 0px">Profile: <a href="http://hl7.org/fhir/us/ecr/STU2.1/StructureDefinition-us-ph-medicationadministration.html">US Public Health MedicationAdministration</a></p></div><p><b>US Public Health Therapeutic Medication Response Extension</b>: Patient's condition improved (finding) <span style="background: LightGoldenRodYellow; margin: 4px; border: 1px solid khaki"> (<a href="https://browser.ihtsdotools.org/">SNOMED CT</a>#268910001)</span></p><p><b>status</b>: completed</p><p><b>medication</b>: naloxone HCl 0.4 MG in 1 ML Injection <span style="background: LightGoldenRodYellow; margin: 4px; border: 1px solid khaki"> (<a href="http://terminology.hl7.org/5.3.0/CodeSystem-v3-rxNorm.html">RxNorm</a>#1659929)</span></p><p><b>subject</b>: <a href="Patient-patient-anon.html">Patient/patient-anon</a> &quot;&quot;</p><p><b>effective</b>: 2018-03-07 --&gt; 2018-03-07</p><h3>Dosages</h3><table class="grid"><tr><td style="display: none">-</td><td><b>Route</b></td><td><b>Method</b></td><td><b>Dose</b></td></tr><tr><td style="display: none">*</td><td>Gluteus maximus muscle <span style="background: LightGoldenRodYellow; margin: 4px; border: 1px solid khaki"> (<a href="https://browser.ihtsdotools.org/">SNOMED CT</a>#206007)</span></td><td>Inject - dosing instruction imperative (qualifier value) <span style="background: LightGoldenRodYellow; margin: 4px; border: 1px solid khaki"> (<a href="https://browser.ihtsdotools.org/">SNOMED CT</a>#422145002)</span></td><td>1 mL<span style="background: LightGoldenRodYellow"> (Details: UCUM  codemL = 'mL')</span></td></tr></table></div>
  </text>
  <extension url="http://hl7.org/fhir/us/ecr/StructureDefinition/us-ph-therapeutic-medication-response-extension">
    <valueCodeableConcept>
      <coding>
        <system value="http://snomed.info/sct"/>
        <code value="268910001"/>
        <display value="Patient's condition improved (finding)"/>
      </coding>
    </valueCodeableConcept>
  </extension>
  <status value="completed"/>
  <medicationCodeableConcept>
    <coding>
      <system value="http://www.nlm.nih.gov/research/umls/rxnorm"/>
      <code value="1659929"/>
      <display value="naloxone HCl 0.4 MG in 1 ML Injection"/>
    </coding>
  </medicationCodeableConcept>
  <subject>
    <reference value="Patient/patient-anon"/>
  </subject>
  <effectivePeriod>
    <start value="2018-03-07"/>
    <end value="2018-03-07"/>
  </effectivePeriod>
  <dosage>
    <route>
      <coding>
        <system value="http://snomed.info/sct"/>
        <code value="206007"/>
        <display value="Gluteus maximus muscle"/>
      </coding>
    </route>
    <method>
      <coding>
        <system value="http://snomed.info/sct"/>
        <code value="422145002"/>
        <display value="Inject - dosing instruction imperative (qualifier value)"/>
      </coding>
    </method>
    <dose>
      <value value="1"/>
      <unit value="mL"/>
      <system value="http://unitsofmeasure.org"/>
      <code value="mL"/>
    </dose>
  </dosage>
</MedicationAdministration>