<?xml version="1.0" encoding="UTF-8"?>

<Observation xmlns="http://hl7.org/fhir">
  <id value="observation-travel-history-201801-anon"/>
  <meta>
    <profile value="http://hl7.org/fhir/us/ecr/StructureDefinition/us-ph-travel-history"/>
  </meta>
  <text>
    <status value="generated"/><div xmlns="http://www.w3.org/1999/xhtml"><p><b>Generated Narrative: Observation </b><a name="observation-travel-history-201801-anon"> </a><a name="hcobservation-travel-history-201801-anon"> </a></p><div style="display: inline-block; background-color: #d9e0e7; padding: 6px; margin: 4px; border: 1px solid #8da1b4; border-radius: 5px; line-height: 60%"><p style="margin-bottom: 0px">ResourceObservation &quot;observation-travel-history-201801-anon&quot; </p><p style="margin-bottom: 0px">Profile: <a href="http://hl7.org/fhir/us/ecr/STU2.1/StructureDefinition-us-ph-travel-history.html">US Public Health Travel History</a></p></div><p><b>status</b>: final</p><p><b>code</b>: Travel History <span style="background: LightGoldenRodYellow; margin: 4px; border: 1px solid khaki"> (<a href="https://browser.ihtsdotools.org/">SNOMED CT</a>#420008001 &quot;Travel&quot;)</span></p><p><b>subject</b>: <a href="Patient-patient-anon.html">Patient/patient-anon</a> &quot;&quot;</p><p><b>effective</b>: 2018-01-15 --&gt; 2018-01-30</p><blockquote><p><b>component</b></p><p><b>code</b>: Location <span style="background: LightGoldenRodYellow; margin: 4px; border: 1px solid khaki"> (<a href="http://terminology.hl7.org/5.5.0/CodeSystem-v3-ParticipationType.html">ParticipationType</a>#LOC)</span></p><p><b>value</b>: Vanuatu <span style="background: LightGoldenRodYellow; margin: 4px; border: 1px solid khaki"> (unknown#VUT)</span></p></blockquote><blockquote><p><b>component</b></p><p><b>code</b>: Type of activity (attribute) <span style="background: LightGoldenRodYellow; margin: 4px; border: 1px solid khaki"> (<a href="https://browser.ihtsdotools.org/">SNOMED CT</a>#280147009)</span></p><p><b>value</b>: Active duty military (occupation) <span style="background: LightGoldenRodYellow; margin: 4px; border: 1px solid khaki"> (<a href="https://browser.ihtsdotools.org/">SNOMED CT</a>#702348006)</span></p></blockquote></div>
  </text>
  <status value="final"/>
  <code>
    <coding>
      <system value="http://snomed.info/sct"/>
      <code value="420008001"/>
      <display value="Travel"/>
    </coding>
    <text value="Travel History"/>
  </code>
  <subject>
    <reference value="Patient/patient-anon"/>
  </subject>
  <effectivePeriod>
    <start value="2018-01-15"/>
    <end value="2018-01-30"/>
  </effectivePeriod>
  <component>
    <code>
      <coding>
        <system value="http://terminology.hl7.org/CodeSystem/v3-ParticipationType"/>
        <code value="LOC"/>
        <display value="Location"/>
      </coding>
    </code>
    <valueCodeableConcept>
      <coding>
        <system value="urn:oid:1.0.3166.1"/>
        <code value="VUT"/>
        <display value="Vanuatu"/>
      </coding>
    </valueCodeableConcept>
  </component>
  <component>
    <code>
      <coding>
        <system value="http://snomed.info/sct"/>
        <code value="280147009"/>
        <display value="Type of activity (attribute)"/>
      </coding>
    </code>
    <valueCodeableConcept>
      <coding>
        <system value="http://snomed.info/sct"/>
        <code value="702348006"/>
        <display value="Active duty military (occupation)"/>
      </coding>
    </valueCodeableConcept>
  </component>
</Observation>