<?xml version="1.0" encoding="UTF-8"?>

<Observation xmlns="http://hl7.org/fhir">
  <id value="observation-rr-reportability-information-anon"/>
  <meta>
    <profile value="http://hl7.org/fhir/us/ecr/StructureDefinition/rr-reportability-information-observation"/>
  </meta>
  <text>
    <extension url="http://hl7.org/fhir/StructureDefinition/data-absent-reason">
      <valueCode value="masked"/>
    </extension>
    <status value="empty"/><div xmlns="http://www.w3.org/1999/xhtml"><p>MASKED</p></div>
  </text>
  <extension url="http://hl7.org/fhir/us/ecr/StructureDefinition/us-ph-determination-of-reportability-extension">
    <valueCodeableConcept>
      <coding>
        <system value="urn:oid:2.16.840.1.114222.4.5.274"/>
        <code value="RRVS1"/>
        <display value="Reportable"/>
      </coding>
    </valueCodeableConcept>
  </extension>
  <extension url="http://hl7.org/fhir/us/ecr/StructureDefinition/us-ph-determination-of-reportability-reason-extension">
    <valueString value="Condition is reportable"/>
  </extension>
  <extension url="http://hl7.org/fhir/us/ecr/StructureDefinition/us-ph-determination-of-reportability-rule-extension">
    <valueString value="Description of rule used in reportability determination"/>
  </extension>
  <extension url="http://hl7.org/fhir/us/ecr/StructureDefinition/rr-external-resource-extension">
    <valueReference>
      <reference value="DocumentReference/documentreference-add-reporting-needs-pdf"/>
    </valueReference>
  </extension>
  <extension url="http://hl7.org/fhir/us/ecr/StructureDefinition/rr-external-resource-extension">
    <valueReference>
      <reference value="DocumentReference/documentreference-zika-info-pdf"/>
    </valueReference>
  </extension>
  <extension url="http://hl7.org/fhir/us/ecr/StructureDefinition/rr-external-resource-extension">
    <valueReference>
      <reference value="DocumentReference/documentreference-zika-follow-up-pdf"/>
    </valueReference>
  </extension>
  <status value="final"/>
  <code>
    <coding>
      <system value="urn:oid:2.16.840.1.114222.4.5.274"/>
      <code value="RRVS5"/>
      <display value="Patient home address"/>
    </coding>
  </code>
  <subject>
    <reference value="Patient/patient-anon"/>
  </subject>
  <performer>
    <reference value="Organization/organization-rr-rules-authoring-agency-haw"/>
  </performer>
  <performer>
    <reference value="Organization/organization-rr-routing-entity-haw"/>
  </performer>
  <performer>
    <reference value="Organization/organization-rr-responsible-agency-haw"/>
  </performer>
  <component>
    <code>
      <coding>
        <system value="urn:oid:2.16.840.1.114222.4.5.232"/>
        <code value="RR4"/>
        <display value="Timeframe to report (urgency)"/>
      </coding>
    </code>
    <valueQuantity>
      <value value="24"/>
      <unit value="H"/>
      <system value="http://unitsofmeasure.org"/>
      <code value="H"/>
    </valueQuantity>
  </component>
</Observation>