<?xml version="1.0" encoding="UTF-8"?>

<Observation xmlns="http://hl7.org/fhir">
  <id value="observation-country-of-residence-anon"/>
  <meta>
    <profile value="http://hl7.org/fhir/us/ecr/StructureDefinition/eicr-country-of-residence"/>
  </meta>
  <text>
    <status value="generated"/><div xmlns="http://www.w3.org/1999/xhtml"><p><b>Generated Narrative: Observation </b><a name="observation-country-of-residence-anon"> </a><a name="hcobservation-country-of-residence-anon"> </a></p><div style="display: inline-block; background-color: #d9e0e7; padding: 6px; margin: 4px; border: 1px solid #8da1b4; border-radius: 5px; line-height: 60%"><p style="margin-bottom: 0px">ResourceObservation &quot;observation-country-of-residence-anon&quot; </p><p style="margin-bottom: 0px">Profile: <a href="http://hl7.org/fhir/us/ecr/STU2.1/StructureDefinition-eicr-country-of-residence.html">eICR Country of Residence</a></p></div><p><b>status</b>: final</p><p><b>code</b>: Country of usual residence <span style="background: LightGoldenRodYellow; margin: 4px; border: 1px solid khaki"> (<a href="https://loinc.org/">LOINC</a>#77983-5)</span></p><p><b>subject</b>: <a href="Patient-patient-anon.html">Patient/patient-anon</a> &quot;&quot;</p><p><b>effective</b>: 2020-11-10 22:33:22+0000</p><p><b>value</b>: United Kingdom of Great Britain and Northern Ireland <span style="background: LightGoldenRodYellow; margin: 4px; border: 1px solid khaki"> (<a href="http://terminology.hl7.org/5.3.0/CodeSystem-ISO3166Part1.html">ISO 3166-1 Codes for the representation of names of countries and their subdivisions — Part 1: Country code</a>#GB)</span></p></div>
  </text>
  <status value="final"/>
  <code>
    <coding>
      <system value="http://loinc.org"/>
      <code value="77983-5"/>
      <display value="Country of usual residence"/>
    </coding>
  </code>
  <subject>
    <reference value="Patient/patient-anon"/>
  </subject>
  <effectiveDateTime value="2020-11-10T22:33:22Z"/>
  <valueCodeableConcept>
    <coding>
      <system value="urn:iso:std:iso:3166"/>
      <code value="GB"/>
      <display value="United Kingdom of Great Britain and Northern Ireland"/>
    </coding>
  </valueCodeableConcept>
</Observation>