<?xml version="1.0" encoding="UTF-8"?>

<Observation xmlns="http://hl7.org/fhir">
  <id value="observation-odh-usual-work-anon"/>
  <meta>
    <profile value="http://hl7.org/fhir/us/odh/StructureDefinition/odh-UsualWork"/>
  </meta>
  <text>
    <extension url="http://hl7.org/fhir/StructureDefinition/data-absent-reason">
      <valueCode value="masked"/>
    </extension>
    <status value="empty"/><div xmlns="http://www.w3.org/1999/xhtml"><p>MASKED</p></div>
  </text>
  <status value="final"/>
  <code>
    <coding>
      <system value="http://loinc.org"/>
      <code value="21843-8"/>
      <display value="History of Usual occupation"/>
    </coding>
  </code>
  <subject>
    <reference value="Patient/patient-anon"/>
  </subject>
  <effectivePeriod>
    <start value="2015-01-01"/>
    <end value="2018-03-07"/>
  </effectivePeriod>
  <valueCodeableConcept>
    <coding>
      <system value="urn:oid:2.16.840.1.114222.4.5.314"/>
      <code value="0136"/>
      <display value="Human Resources Managers"/>
    </coding>
  </valueCodeableConcept>
  <component>
    <code>
      <coding>
        <system value="http://loinc.org"/>
        <code value="21844-6"/>
        <display value="History of Usual industry"/>
      </coding>
    </code>
    <valueCodeableConcept>
      <coding>
        <system value="urn:oid:2.16.840.1.114222.4.5.315"/>
        <code value="8190"/>
        <display value="Hospitals"/>
      </coding>
    </valueCodeableConcept>
  </component>
</Observation>