<?xml version="1.0" encoding="UTF-8"?>

<Observation xmlns="http://hl7.org/fhir">
  <id value="observation-rr-relevant-reportable-condition-anon"/>
  <meta>
    <profile value="http://hl7.org/fhir/us/ecr/StructureDefinition/rr-relevant-reportable-condition-observation"/>
  </meta>
  <text>
    <extension url="http://hl7.org/fhir/StructureDefinition/data-absent-reason">
      <valueCode value="masked"/>
    </extension>
    <status value="empty"/><div xmlns="http://www.w3.org/1999/xhtml"><p>MASKED</p></div>
  </text>
  <status value="final"/>
  <code>
    <coding>
      <system value="http://snomed.info/sct"/>
      <code value="64572001"/>
    </coding>
    <coding>
      <system value="http://loinc.org"/>
      <code value="75323-6"/>
    </coding>
    <text value="Condition"/>
  </code>
  <subject>
    <reference value="Patient/patient-anon"/>
  </subject>
  <valueCodeableConcept>
    <coding>
      <system value="http://snomed.info/sct"/>
      <code value="3928002"/>
      <display value="Zika virus disease (disorder)"/>
    </coding>
  </valueCodeableConcept>
  <hasMember>
    <reference value="Observation/observation-rr-reportability-information-anon"/>
  </hasMember>
</Observation>