<?xml version="1.0" encoding="UTF-8"?>

<Organization xmlns="http://hl7.org/fhir">
  <id value="organization-rr-responsible-agency-haw"/>
  <meta>
    <profile value="http://hl7.org/fhir/us/ecr/StructureDefinition/rr-responsible-agency-organization"/>
  </meta>
  <text>
    <extension url="http://hl7.org/fhir/StructureDefinition/data-absent-reason">
      <valueCode value="masked"/>
    </extension>
    <status value="empty"/><div xmlns="http://www.w3.org/1999/xhtml"><p>MASKED</p></div>
  </text>
  <identifier>
    <system value="http://hl7.org.fhir/sid/us-npi"/>
    <value value="99996666"/>
  </identifier>
  <active value="true"/>
  <type>
    <coding>
      <system value="urn:oid:2.16.840.1.114222.4.5.232"/>
      <code value="RR8"/>
      <display value="Responsible Agency"/>
    </coding>
  </type>
  <name value="Health Authority West Responsible Agency"/>
  <telecom>
    <system value="phone"/>
    <value value="+1-555-555-3555"/>
  </telecom>
  <telecom>
    <system value="email"/>
    <value value="mail@healthauthoritywest.gov"/>
  </telecom>
  <address>
    <line value="7777 Health Authority Drive"/>
    <city value="Ann Arbor"/>
    <state value="MI"/>
    <postalCode value="99999"/>
  </address>
</Organization>