<?xml version="1.0" encoding="UTF-8"?>

<Organization xmlns="http://hl7.org/fhir">
  <id value="organization-custodian"/>
  <meta>
    <profile value="http://hl7.org/fhir/us/ecr/StructureDefinition/us-ph-organization"/>
  </meta>
  <text>
    <extension url="http://hl7.org/fhir/StructureDefinition/data-absent-reason">
      <valueCode value="masked"/>
    </extension>
    <status value="empty"/><div xmlns="http://www.w3.org/1999/xhtml"><p>MASKED</p></div>
  </text>
  <identifier>
    <system value="http://hl7.org.fhir/sid/us-npi"/>
    <value value="545454545"/>
  </identifier>
  <active value="true"/>
  <name value="Custodian Organization"/>
  <telecom>
    <system value="phone"/>
    <value value="+1-555-555-4545"/>
  </telecom>
  <telecom>
    <system value="email"/>
    <value value="mail@custodianorganization.com"/>
  </telecom>
  <address>
    <line value="11111 Custodian Drive"/>
    <city value="Ann Arbor"/>
    <state value="MI"/>
    <postalCode value="99999"/>
  </address>
</Organization>