<?xml version="1.0" encoding="UTF-8"?>

<Procedure xmlns="http://hl7.org/fhir">
  <id value="procedure-ecmo-anon"/>
  <meta>
    <profile value="http://hl7.org/fhir/us/ecr/StructureDefinition/eicr-procedure"/>
  </meta>
  <text>
    <extension url="http://hl7.org/fhir/StructureDefinition/data-absent-reason">
      <valueCode value="masked"/>
    </extension>
    <status value="empty"/><div xmlns="http://www.w3.org/1999/xhtml"><p>MASKED</p></div>
  </text>
  <identifier>
    <system value="urn:ietf:rfc:3986"/>
    <value value="urn:uuid:b2a737f2-2fdb-49c1-b097-dac173d07afd"/>
  </identifier>
  <status value="completed"/>
  <code>
    <coding>
      <system value="http://snomed.info/sct"/>
      <code value="233573008"/>
      <display value="Extracorporeal membrane oxygenation (procedure)"/>
    </coding>
    <text value="Extracorporeal membrane oxygenation (procedure)"/>
  </code>
  <subject>
    <reference value="Patient/patient-anon"/>
  </subject>
  <performedPeriod>
    <start value="2020-11-01T12:55:26-07:00"/>
    <end value="2020-11-01T13:25:26-07:00"/>
  </performedPeriod>
  <focalDevice>
    <manipulated>
      <reference value="Device/device-ecmo-anon"/>
    </manipulated>
  </focalDevice>
</Procedure>