<?xml version="1.0" encoding="UTF-8"?>

<ServiceRequest xmlns="http://hl7.org/fhir">
  <id value="servicerequest-zika-anon"/>
  <meta>
    <profile value="http://hl7.org/fhir/us/ecr/StructureDefinition/eicr-servicerequest"/>
  </meta>
  <text>
    <status value="generated"/><div xmlns="http://www.w3.org/1999/xhtml"><p><b>Generated Narrative: ServiceRequest </b><a name="servicerequest-zika-anon"> </a><a name="hcservicerequest-zika-anon"> </a></p><div style="display: inline-block; background-color: #d9e0e7; padding: 6px; margin: 4px; border: 1px solid #8da1b4; border-radius: 5px; line-height: 60%"><p style="margin-bottom: 0px">ResourceServiceRequest &quot;servicerequest-zika-anon&quot; </p><p style="margin-bottom: 0px">Profile: <a href="http://hl7.org/fhir/us/ecr/STU2.1/StructureDefinition-eicr-servicerequest.html">eICR ServiceRequest</a></p></div><p><b>identifier</b>: <code>http://lab.smarthealthit.org</code>/061ef612-344f-4e7b-81a8-1059ae7bbe11</p><p><b>status</b>: completed</p><p><b>intent</b>: order</p><p><b>category</b>: Diagnostics Procedure <span style="background: LightGoldenRodYellow; margin: 4px; border: 1px solid khaki"> (<a href="https://browser.ihtsdotools.org/">SNOMED CT</a>#103693007 &quot;Diagnostic procedure (procedure)&quot;)</span></p><p><b>code</b>: Zika RT-PCR <span style="background: LightGoldenRodYellow; margin: 4px; border: 1px solid khaki"> (<a href="https://loinc.org/">LOINC</a>#80825-3 &quot;Zika virus envelope E gene [Presence] in Serum by NAA with probe detection&quot;)</span></p><p><b>subject</b>: <a href="Patient-patient-anon.html">Patient/patient-anon</a> &quot;&quot;</p><p><b>performer</b>: <a href="Organization-organization-acme-laboratory.html">Organization/organization-acme-laboratory</a> &quot;Acme Labs&quot;</p></div>
  </text>
  <identifier>
    <system value="http://lab.smarthealthit.org"/>
    <value value="061ef612-344f-4e7b-81a8-1059ae7bbe11"/>
  </identifier>
  <status value="completed"/>
  <intent value="order"/>
  <category>
    <coding>
      <system value="http://snomed.info/sct"/>
      <code value="103693007"/>
      <display value="Diagnostic procedure (procedure)"/>
    </coding>
    <text value="Diagnostics Procedure"/>
  </category>
  <code>
    <coding>
      <system value="http://loinc.org"/>
      <code value="80825-3"/>
      <display value="Zika virus envelope E gene [Presence] in Serum by NAA with probe detection"/>
    </coding>
    <text value="Zika RT-PCR"/>
  </code>
  <subject>
    <reference value="Patient/patient-anon"/>
  </subject>
  <performer>
    <reference value="Organization/organization-acme-laboratory"/>
  </performer>
</ServiceRequest>