<?xml version="1.0" encoding="UTF-8"?>

<Condition xmlns="http://hl7.org/fhir">
  <id value="condition-zika-anon"/>
  <text>
    <status value="generated"/><div xmlns="http://www.w3.org/1999/xhtml"><p><b>Generated Narrative: Condition </b><a name="condition-zika-anon"> </a><a name="hccondition-zika-anon"> </a></p><div style="display: inline-block; background-color: #d9e0e7; padding: 6px; margin: 4px; border: 1px solid #8da1b4; border-radius: 5px; line-height: 60%"><p style="margin-bottom: 0px">ResourceCondition &quot;condition-zika-anon&quot; </p></div><p><b>category</b>: Encounter Diagnosis <span style="background: LightGoldenRodYellow; margin: 4px; border: 1px solid khaki"> (<a href="http://terminology.hl7.org/5.5.0/CodeSystem-condition-category.html">Condition Category Codes</a>#encounter-diagnosis)</span></p><p><b>code</b>: Zika virus disease (disorder) <span style="background: LightGoldenRodYellow; margin: 4px; border: 1px solid khaki"> (<a href="https://browser.ihtsdotools.org/">SNOMED CT</a>#3928002)</span></p><p><b>subject</b>: <a href="Patient-patient-anon.html">Patient/patient-anon</a> &quot;&quot;</p><p><b>onset</b>: 2017-08-23</p><p><b>asserter</b>: <a href="Practitioner-practitioner-anon.html">Practitioner/practitioner-anon</a> &quot;&quot;</p></div>
  </text>
  <category>
    <coding>
      <system value="http://terminology.hl7.org/CodeSystem/condition-category"/>
      <code value="encounter-diagnosis"/>
      <display value="Encounter Diagnosis"/>
    </coding>
  </category>
  <code>
    <coding>
      <system value="http://snomed.info/sct"/>
      <code value="3928002"/>
      <display value="Zika virus disease (disorder)"/>
    </coding>
  </code>
  <subject>
    <reference value="Patient/patient-anon"/>
  </subject>
  <onsetDateTime value="2017-08-23"/>
  <asserter>
    <reference value="Practitioner/practitioner-anon"/>
  </asserter>
</Condition>