{
  "resourceType" : "Condition",
  "id" : "condition-common-cold-anon",
  "meta" : {
    "profile" : ["http://hl7.org/fhir/us/ecr/StructureDefinition/us-ph-condition"]
  },
  "text" : {
    "extension" : [{
      "url" : "http://hl7.org/fhir/StructureDefinition/data-absent-reason",
      "valueCode" : "masked"
    }],
    "status" : "empty",
    "div" : "<div xmlns=\"http://www.w3.org/1999/xhtml\"><p>MASKED</p></div>"
  },
  "category" : [{
    "coding" : [{
      "system" : "http://terminology.hl7.org/CodeSystem/condition-category",
      "code" : "problem-list-item",
      "display" : "Problem List Item"
    }]
  }],
  "code" : {
    "coding" : [{
      "system" : "http://snomed.info/sct",
      "code" : "82272006",
      "display" : "Common cold (disorder)"
    }]
  },
  "subject" : {
    "reference" : "Patient/patient-anon"
  },
  "onsetDateTime" : "2017-09-23",
  "asserter" : {
    "reference" : "Practitioner/practitioner-anon"
  }
}