<?xml version="1.0" encoding="UTF-8"?>

<DocumentReference xmlns="http://hl7.org/fhir">
  <id value="documentreference-add-reporting-needs-pdf"/>
  <meta>
    <profile value="http://hl7.org/fhir/us/ecr/StructureDefinition/rr-documentreference"/>
  </meta>
  <text>
    <extension url="http://hl7.org/fhir/StructureDefinition/data-absent-reason">
      <valueCode value="masked"/>
    </extension>
    <status value="empty"/><div xmlns="http://www.w3.org/1999/xhtml"><p>MASKED</p></div>
  </text>
  <extension url="http://hl7.org/fhir/us/ecr/StructureDefinition/rr-priority-extension">
    <valueCodeableConcept>
      <coding>
        <system value="urn:oid:2.16.840.1.114222.4.5.274"/>
        <code value="RRVS16"/>
        <display value="Action requested"/>
      </coding>
    </valueCodeableConcept>
  </extension>
  <status value="current"/>
  <type>
    <coding>
      <system value="http://loinc.org"/>
      <code value="83910-0"/>
      <display value="Public health Note"/>
    </coding>
    <text value="Public health information"/>
  </type>
  <category>
    <coding>
      <system value="urn:oid:2.16.840.1.114222.4.5.274"/>
      <code value="RRVS8"/>
      <display value="Additional reporting needs"/>
    </coding>
    <text value="Additional reporting needs"/>
  </category>
  <subject>
    <reference value="Patient/patient-anon"/>
  </subject>
  <description value="Additional information for the required reporting of Zika must be submitted to State Department of Health immediately. This additional information can be submitted here."/>
  <content>
    <attachment>
      <contentType value="application/pdf"/>
      <url value="http://statedepartmentofhealth.gov/epi/disease/zika/Supplemental_data_form.pdf"/>
    </attachment>
  </content>
</DocumentReference>