{
  "resourceType" : "Encounter",
  "id" : "encounter-outpatient-anon",
  "meta" : {
    "profile" : ["http://fhir.org/fhir/us/anonymized-eicr/StructureDefinition/eicr-anon-encounter"]
  },
  "text" : {
    "status" : "extensions",
    "div" : "<div xmlns=\"http://www.w3.org/1999/xhtml\"><p><b>Generated Narrative: Encounter </b><a name=\"encounter-outpatient-anon\"> </a><a name=\"hcencounter-outpatient-anon\"> </a></p><div style=\"display: inline-block; background-color: #d9e0e7; padding: 6px; margin: 4px; border: 1px solid #8da1b4; border-radius: 5px; line-height: 60%\"><p style=\"margin-bottom: 0px\">ResourceEncounter &quot;encounter-outpatient-anon&quot; </p><p style=\"margin-bottom: 0px\">Profile: <a href=\"StructureDefinition-eicr-anon-encounter.html\">eICR Anonymized Encounter</a></p></div><p><b>identifier</b>: <code>http://hospital.smarthealthit.org</code>/9937012</p><p><b>status</b>: finished</p><p><b>class</b>: ambulatory (Details: ActCode code AMB  = ' ambulatory ', stated as ' ambulatory ')</p><p><b>type</b>: Office Visit <span style=\"background: LightGoldenRodYellow; margin: 4px; border: 1px solid khaki\"> (<a href=\"http://terminology.hl7.org/5.3.0/CodeSystem-CPT.html\">Current Procedural Terminology (CPT®)</a>#99202)</span></p><p><b>subject</b>: <a href=\"Patient-patient-anon.html\">Patient/patient-anon</a> &quot;&quot;</p><h3>Participants</h3><table class=\"grid\"><tr><td style=\"display: none\">-</td><td><b>Type</b></td><td><b>Individual</b></td></tr><tr><td style=\"display: none\">*</td><td>attender <span style=\"background: LightGoldenRodYellow; margin: 4px; border: 1px solid khaki\"> (<a href=\"http://terminology.hl7.org/5.5.0/CodeSystem-v3-ParticipationType.html\">ParticipationType</a>#ATND)</span></td><td><a href=\"PractitionerRole-practitionerrole-anon.html\">PractitionerRole/practitionerrole-anon</a></td></tr></table><p><b>period</b>: 2018-04-01 10:00:00-0500 --&gt; 2018-04-02 10:15:00-0500</p><blockquote><p><b>diagnosis</b></p><blockquote><p><b>eICR Trigger Code Flag Extension</b></p><blockquote><p><b>url</b></p><code>triggerCodeValueSet</code></blockquote><p><b>value</b>: <code>urn:oid:2.16.840.1.114222.4.11.7508</code></p><blockquote><p><b>url</b></p><code>triggerCodeValueSetVersion</code></blockquote><p><b>value</b>: 12/12/2018</p><blockquote><p><b>url</b></p><code>triggerCode</code></blockquote><p><b>value</b>: Zika virus disease (disorder) (Details: SNOMED CT code 3928002  = ' Zika virus disease ', stated as ' Zika virus disease (disorder) ')</p></blockquote><p><b>condition</b>: <a href=\"Condition-condition-zika-anon.html\">Condition/condition-zika-anon</a></p></blockquote><blockquote><p><b>diagnosis</b></p><p><b>condition</b>: <a href=\"Condition-condition-common-cold-anon.html\">Condition/condition-common-cold-anon</a></p></blockquote><h3>Locations</h3><table class=\"grid\"><tr><td style=\"display: none\">-</td><td><b>Location</b></td></tr><tr><td style=\"display: none\">*</td><td><a href=\"Location-location-salem-medical-center-anon.html\">Location/location-salem-medical-center-anon</a> &quot;Clinic Bldg A, Salem Medical Center&quot;</td></tr></table><p><b>serviceProvider</b>: <a href=\"Organization-organization-salem-medical-center-anon.html\">Organization/organization-salem-medical-center-anon</a> &quot;Salem Medical Center&quot;</p></div>"
  },
  "identifier" : [{
    "system" : "http://hospital.smarthealthit.org",
    "value" : "9937012"
  }],
  "status" : "finished",
  "class" : {
    "system" : "http://terminology.hl7.org/CodeSystem/v3-ActCode",
    "code" : "AMB",
    "display" : "ambulatory"
  },
  "type" : [{
    "coding" : [{
      "system" : "http://www.ama-assn.org/go/cpt",
      "code" : "99202"
    }],
    "text" : "Office Visit"
  }],
  "subject" : {
    "reference" : "Patient/patient-anon"
  },
  "participant" : [{
    "type" : [{
      "coding" : [{
        "system" : "http://terminology.hl7.org/CodeSystem/v3-ParticipationType",
        "code" : "ATND",
        "display" : "attender"
      }]
    }],
    "individual" : {
      "reference" : "PractitionerRole/practitionerrole-anon"
    }
  }],
  "period" : {
    "start" : "2018-04-01T10:00:00-05:00",
    "end" : "2018-04-02T10:15:00-05:00"
  },
  "diagnosis" : [{
    "extension" : [{
      "extension" : [{
        "url" : "triggerCodeValueSet",
        "valueOid" : "urn:oid:2.16.840.1.114222.4.11.7508"
      },
      {
        "url" : "triggerCodeValueSetVersion",
        "valueString" : "12/12/2018"
      },
      {
        "url" : "triggerCode",
        "valueCoding" : {
          "system" : "http://snomed.info/sct",
          "code" : "3928002",
          "display" : "Zika virus disease (disorder)"
        }
      }],
      "url" : "http://hl7.org/fhir/us/ecr/StructureDefinition/eicr-trigger-code-flag-extension"
    }],
    "condition" : {
      "reference" : "Condition/condition-zika-anon"
    }
  },
  {
    "condition" : {
      "reference" : "Condition/condition-common-cold-anon"
    }
  }],
  "location" : [{
    "location" : {
      "reference" : "Location/location-salem-medical-center-anon"
    }
  }],
  "serviceProvider" : {
    "reference" : "Organization/organization-salem-medical-center-anon"
  }
}