<?xml version="1.0" encoding="UTF-8"?>

<Immunization xmlns="http://hl7.org/fhir">
  <id value="immunization-pneumo-anon"/>
  <meta>
    <profile value="http://fhir.org/fhir/us/anonymized-eicr/StructureDefinition/eicr-anon-immunization"/>
  </meta>
  <text>
    <extension url="http://hl7.org/fhir/StructureDefinition/data-absent-reason">
      <valueCode value="masked"/>
    </extension>
    <status value="empty"/><div xmlns="http://www.w3.org/1999/xhtml"><p>MASKED</p></div>
  </text>
  <status value="completed"/>
  <vaccineCode>
    <coding>
      <system value="http://hl7.org/fhir/sid/cvx"/>
      <code value="33"/>
      <display value="pneumococcal polysaccharide PPV23"/>
    </coding>
  </vaccineCode>
  <patient>
    <reference value="Patient/patient-anon"/>
  </patient>
  <occurrenceDateTime value="2018-09-01"/>
  <primarySource value="true"/>
</Immunization>