<?xml version="1.0" encoding="UTF-8"?>

<Location xmlns="http://hl7.org/fhir">
  <id value="location-salem-medical-center-anon"/>
  <meta>
    <profile value="http://fhir.org/fhir/us/anonymized-eicr/StructureDefinition/eicr-anon-location"/>
  </meta>
  <text>
    <status value="generated"/><div xmlns="http://www.w3.org/1999/xhtml"><p><b>Generated Narrative: Location </b><a name="location-salem-medical-center-anon"> </a><a name="hclocation-salem-medical-center-anon"> </a></p><div style="display: inline-block; background-color: #d9e0e7; padding: 6px; margin: 4px; border: 1px solid #8da1b4; border-radius: 5px; line-height: 60%"><p style="margin-bottom: 0px">ResourceLocation &quot;location-salem-medical-center-anon&quot; </p><p style="margin-bottom: 0px">Profile: <a href="StructureDefinition-eicr-anon-location.html">eICR Anonymized Location</a></p></div><p><b>identifier</b>: <code>http://hl7.org.fhir/sid/us-npi</code>/1144221995</p><p><b>status</b>: active</p><p><b>name</b>: Clinic Bldg A, Salem Medical Center</p><p><b>type</b>: Hospital <span style="background: LightGoldenRodYellow; margin: 4px; border: 1px solid khaki"> (<a href="http://terminology.hl7.org/5.5.0/CodeSystem-v3-RoleCode.html">RoleCode</a>#HOSP)</span></p><p><b>telecom</b>: -unknown-</p><p><b>address</b>: Clinic Bldg A 4444 Healthcare Drive Ann Arbor MI 99999 </p><p><b>managingOrganization</b>: <a href="Organization-organization-salem-medical-center-anon.html">Organization/organization-salem-medical-center-anon</a> &quot;Salem Medical Center&quot;</p></div>
  </text>
  <identifier>
    <system value="http://hl7.org.fhir/sid/us-npi"/>
    <value value="1144221995"/>
  </identifier>
  <status value="active"/>
  <name value="Clinic Bldg A, Salem Medical Center"/>
  <type>
    <coding>
      <system value="http://terminology.hl7.org/CodeSystem/v3-RoleCode"/>
      <code value="HOSP"/>
      <display value="Hospital"/>
    </coding>
  </type>
  <telecom>
    <extension url="http://hl7.org/fhir/StructureDefinition/data-absent-reason">
      <valueCode value="masked"/>
    </extension>
  </telecom>
  <address>
    <line value="Clinic Bldg A"/>
    <line value="4444 Healthcare Drive"/>
    <city value="Ann Arbor"/>
    <state value="MI"/>
    <postalCode value="99999"/>
  </address>
  <managingOrganization>
    <reference value="Organization/organization-salem-medical-center-anon"/>
  </managingOrganization>
</Location>