<?xml version="1.0" encoding="UTF-8"?>

<MedicationAdministration xmlns="http://hl7.org/fhir">
  <id value="medicationadministration-azithromycin-anon"/>
  <meta>
    <profile value="http://hl7.org/fhir/us/ecr/StructureDefinition/us-ph-medicationadministration"/>
  </meta>
  <text>
    <extension url="http://hl7.org/fhir/StructureDefinition/data-absent-reason">
      <valueCode value="masked"/>
    </extension>
    <status value="empty"/><div xmlns="http://www.w3.org/1999/xhtml"><p>MASKED</p></div>
  </text>
  <status value="completed"/>
  <medicationCodeableConcept>
    <coding>
      <system value="http://www.nlm.nih.gov/research/umls/rxnorm"/>
      <code value="248656"/>
      <display value="Azithromycin 500 MG Oral Tablet"/>
    </coding>
    <text value="Azithromycin 500 MG Oral Tablet"/>
  </medicationCodeableConcept>
  <subject>
    <reference value="Patient/patient-anon"/>
  </subject>
  <effectivePeriod>
    <start value="2018-03-07"/>
    <end value="2018-03-07"/>
  </effectivePeriod>
  <dosage>
    <text value="Two tablets at once"/>
    <route>
      <coding>
        <system value="http://snomed.info/sct"/>
        <code value="26643006"/>
        <display value="Oral route"/>
      </coding>
    </route>
    <method>
      <coding>
        <system value="http://snomed.info/sct"/>
        <code value="421521009"/>
        <display value="Swallow - dosing instruction imperative (qualifier value)"/>
      </coding>
    </method>
    <dose>
      <value value="2"/>
      <unit value="TAB"/>
      <system value="http://terminology.hl7.org/CodeSystem/v3-orderableDrugForm"/>
      <code value="TAB"/>
    </dose>
  </dosage>
</MedicationAdministration>