<?xml version="1.0" encoding="UTF-8"?>

<MedicationAdministration xmlns="http://hl7.org/fhir">
  <id value="medicationadministration-naloxone-response-anon"/>
  <meta>
    <profile value="http://hl7.org/fhir/us/ecr/StructureDefinition/us-ph-medicationadministration"/>
  </meta>
  <text>
    <extension url="http://hl7.org/fhir/StructureDefinition/data-absent-reason">
      <valueCode value="masked"/>
    </extension>
    <status value="empty"/><div xmlns="http://www.w3.org/1999/xhtml"><p>MASKED</p></div>
  </text>
  <extension url="http://hl7.org/fhir/us/ecr/StructureDefinition/us-ph-therapeutic-medication-response-extension">
    <valueCodeableConcept>
      <coding>
        <system value="http://snomed.info/sct"/>
        <code value="268910001"/>
        <display value="Patient's condition improved (finding)"/>
      </coding>
    </valueCodeableConcept>
  </extension>
  <status value="completed"/>
  <medicationCodeableConcept>
    <coding>
      <system value="http://www.nlm.nih.gov/research/umls/rxnorm"/>
      <code value="1659929"/>
      <display value="naloxone HCl 0.4 MG in 1 ML Injection"/>
    </coding>
  </medicationCodeableConcept>
  <subject>
    <reference value="Patient/patient-anon"/>
  </subject>
  <effectivePeriod>
    <start value="2018-03-07"/>
    <end value="2018-03-07"/>
  </effectivePeriod>
  <dosage>
    <route>
      <coding>
        <system value="http://snomed.info/sct"/>
        <code value="206007"/>
        <display value="Gluteus maximus muscle"/>
      </coding>
    </route>
    <method>
      <coding>
        <system value="http://snomed.info/sct"/>
        <code value="422145002"/>
        <display value="Inject - dosing instruction imperative (qualifier value)"/>
      </coding>
    </method>
    <dose>
      <value value="1"/>
      <unit value="mL"/>
      <system value="http://unitsofmeasure.org"/>
      <code value="mL"/>
    </dose>
  </dosage>
</MedicationAdministration>