{
  "resourceType" : "MedicationAdministration",
  "id" : "medicationadministration-azithromycin-anon",
  "meta" : {
    "profile" : ["http://hl7.org/fhir/us/ecr/StructureDefinition/us-ph-medicationadministration"]
  },
  "text" : {
    "status" : "generated",
    "div" : "<div xmlns=\"http://www.w3.org/1999/xhtml\"><p><b>Generated Narrative: MedicationAdministration </b><a name=\"medicationadministration-azithromycin-anon\"> </a><a name=\"hcmedicationadministration-azithromycin-anon\"> </a></p><div style=\"display: inline-block; background-color: #d9e0e7; padding: 6px; margin: 4px; border: 1px solid #8da1b4; border-radius: 5px; line-height: 60%\"><p style=\"margin-bottom: 0px\">ResourceMedicationAdministration &quot;medicationadministration-azithromycin-anon&quot; </p><p style=\"margin-bottom: 0px\">Profile: <a href=\"http://hl7.org/fhir/us/ecr/STU2.1/StructureDefinition-us-ph-medicationadministration.html\">US Public Health MedicationAdministration</a></p></div><p><b>status</b>: completed</p><p><b>medication</b>: Azithromycin 500 MG Oral Tablet <span style=\"background: LightGoldenRodYellow; margin: 4px; border: 1px solid khaki\"> (<a href=\"http://terminology.hl7.org/5.3.0/CodeSystem-v3-rxNorm.html\">RxNorm</a>#248656)</span></p><p><b>subject</b>: <a href=\"Patient-patient-anon.html\">Patient/patient-anon</a> &quot;&quot;</p><p><b>effective</b>: 2018-03-07 --&gt; 2018-03-07</p><h3>Dosages</h3><table class=\"grid\"><tr><td style=\"display: none\">-</td><td><b>Text</b></td><td><b>Route</b></td><td><b>Method</b></td><td><b>Dose</b></td></tr><tr><td style=\"display: none\">*</td><td>Two tablets at once</td><td>Oral route <span style=\"background: LightGoldenRodYellow; margin: 4px; border: 1px solid khaki\"> (<a href=\"https://browser.ihtsdotools.org/\">SNOMED CT</a>#26643006)</span></td><td>Swallow - dosing instruction imperative (qualifier value) <span style=\"background: LightGoldenRodYellow; margin: 4px; border: 1px solid khaki\"> (<a href=\"https://browser.ihtsdotools.org/\">SNOMED CT</a>#421521009)</span></td><td>2 TAB<span style=\"background: LightGoldenRodYellow\"> (Details: Orderable Drug Form  codeTAB = 'Tablet')</span></td></tr></table></div>"
  },
  "status" : "completed",
  "medicationCodeableConcept" : {
    "coding" : [{
      "system" : "http://www.nlm.nih.gov/research/umls/rxnorm",
      "code" : "248656",
      "display" : "Azithromycin 500 MG Oral Tablet"
    }],
    "text" : "Azithromycin 500 MG Oral Tablet"
  },
  "subject" : {
    "reference" : "Patient/patient-anon"
  },
  "effectivePeriod" : {
    "start" : "2018-03-07",
    "end" : "2018-03-07"
  },
  "dosage" : {
    "text" : "Two tablets at once",
    "route" : {
      "coding" : [{
        "system" : "http://snomed.info/sct",
        "code" : "26643006",
        "display" : "Oral route"
      }]
    },
    "method" : {
      "coding" : [{
        "system" : "http://snomed.info/sct",
        "code" : "421521009",
        "display" : "Swallow - dosing instruction imperative (qualifier value)"
      }]
    },
    "dose" : {
      "value" : 2,
      "unit" : "TAB",
      "system" : "http://terminology.hl7.org/CodeSystem/v3-orderableDrugForm",
      "code" : "TAB"
    }
  }
}