<?xml version="1.0" encoding="UTF-8"?>

<Observation xmlns="http://hl7.org/fhir">
  <id value="observation-past-or-present-job-anon"/>
  <meta>
    <profile value="http://fhir.org/fhir/us/anonymized-eicr/StructureDefinition/eicr-anon-past-or-present-job"/>
  </meta>
  <text>
    <extension url="http://hl7.org/fhir/StructureDefinition/data-absent-reason">
      <valueCode value="masked"/>
    </extension>
    <status value="empty"/><div xmlns="http://www.w3.org/1999/xhtml"><p>MASKED</p></div>
  </text>
  <extension url="http://hl7.org/fhir/us/odh/StructureDefinition/odh-Employer-extension">
    <valueReference>
      <reference value="Organization/organization-name-tele-addr-anon"/>
    </valueReference>
  </extension>
  <status value="final"/>
  <code>
    <coding>
      <system value="http://loinc.org"/>
      <code value="11341-5"/>
      <display value="History of Occupation"/>
    </coding>
  </code>
  <subject>
    <reference value="Patient/patient-anon"/>
  </subject>
  <focus>
    <reference value="RelatedPerson/relatedperson-anon"/>
  </focus>
  <effectivePeriod>
    <start value="2015-04-24"/>
  </effectivePeriod>
  <valueCodeableConcept>
    <coding>
      <system value="http://terminology.hl7.org/CodeSystem/PHOccupationCDCCensus2010"/>
      <code value="3600"/>
      <display value="Nursing, psychiatric, and home health aides"/>
    </coding>
  </valueCodeableConcept>
  <component>
    <code>
      <coding>
        <system value="http://loinc.org"/>
        <code value="86188-0"/>
        <display value="History of Occupation industry"/>
      </coding>
    </code>
    <valueCodeableConcept>
      <coding>
        <system value="http://terminology.hl7.org/CodeSystem/PHIndustryCDCCensus2010"/>
        <code value="8270"/>
        <display value="Nursing care facilities"/>
      </coding>
    </valueCodeableConcept>
  </component>
  <component>
    <code>
      <coding>
        <system value="http://loinc.org"/>
        <code value="87729-0"/>
        <display value="History of Occupational hazard"/>
      </coding>
    </code>
    <valueString value="Asbestos"/>
  </component>
</Observation>