<?xml version="1.0" encoding="UTF-8"?>

<Observation xmlns="http://hl7.org/fhir">
  <id value="observation-exposure-contact-info-football-game-anon"/>
  <meta>
    <profile value="http://hl7.org/fhir/us/ecr/StructureDefinition/us-ph-exposure-contact-information"/>
  </meta>
  <text>
    <status value="generated"/><div xmlns="http://www.w3.org/1999/xhtml"><p><b>Generated Narrative: Observation </b><a name="observation-exposure-contact-info-football-game-anon"> </a><a name="hcobservation-exposure-contact-info-football-game-anon"> </a></p><div style="display: inline-block; background-color: #d9e0e7; padding: 6px; margin: 4px; border: 1px solid #8da1b4; border-radius: 5px; line-height: 60%"><p style="margin-bottom: 0px">ResourceObservation &quot;observation-exposure-contact-info-football-game-anon&quot; </p><p style="margin-bottom: 0px">Profile: <a href="http://hl7.org/fhir/us/ecr/STU2.1/StructureDefinition-us-ph-exposure-contact-information.html">US Public Health Exposure Contact Information</a></p></div><p><b>status</b>: final</p><p><b>category</b>: An interaction between entities that provides opportunity for transmission of a physical, chemical, or biological agent from an exposure source entity to an exposure target entity. <span style="background: LightGoldenRodYellow; margin: 4px; border: 1px solid khaki"> (<a href="http://terminology.hl7.org/5.5.0/CodeSystem-v3-ActClass.html">ActClass</a>#EXPOS &quot;exposure&quot;)</span></p><p><b>code</b>: Mass gathering (football game) <span style="background: LightGoldenRodYellow; margin: 4px; border: 1px solid khaki"> (<a href="http://terminology.hl7.org/5.3.0/CodeSystem-umls.html">Unified Medical Language System</a>#C3841750 &quot;Mass gathering&quot;)</span></p><p><b>subject</b>: <a href="Patient-patient-anon.html">Patient/patient-anon</a> &quot;&quot;</p><p><b>focus</b>: <a href="Location-location-city-football-stadium-anon.html">Location/location-city-football-stadium-anon</a> &quot;City Football Stadium&quot;</p><p><b>effective</b>: 2020-01-11 18:00:00+0000 --&gt; 2020-01-11 21:30:00+0000</p><p><b>value</b>: City Football Stadium <span style="background: LightGoldenRodYellow; margin: 4px; border: 1px solid khaki"> (<a href="https://browser.ihtsdotools.org/">SNOMED CT</a>#264379009 &quot;Sports stadium (environment)&quot;)</span></p><h3>Components</h3><table class="grid"><tr><td style="display: none">-</td><td><b>Code</b></td><td><b>Value[x]</b></td></tr><tr><td style="display: none">*</td><td>ExposureAgent <span style="background: LightGoldenRodYellow; margin: 4px; border: 1px solid khaki"> (<a href="http://terminology.hl7.org/5.5.0/CodeSystem-v3-ParticipationType.html">ParticipationType</a>#EXPAGNT)</span></td><td>Severe acute respiratory syndrome coronavirus 2 (organism) <span style="background: LightGoldenRodYellow; margin: 4px; border: 1px solid khaki"> (<a href="https://browser.ihtsdotools.org/">SNOMED CT</a>#840533007)</span></td></tr></table></div>
  </text>
  <status value="final"/>
  <category>
    <coding>
      <system value="http://terminology.hl7.org/CodeSystem/v3-ActClass"/>
      <code value="EXPOS"/>
      <display value="exposure"/>
    </coding>
    <text value="An interaction between entities that provides opportunity for transmission of a physical, chemical, or biological agent from an exposure source entity to an exposure target entity."/>
  </category>
  <code>
    <coding>
      <system value="http://terminology.hl7.org/CodeSystem/umls"/>
      <code value="C3841750"/>
      <display value="Mass gathering"/>
    </coding>
    <text value="Mass gathering (football game)"/>
  </code>
  <subject>
    <reference value="Patient/patient-anon"/>
  </subject>
  <focus>
    <reference value="Location/location-city-football-stadium-anon"/>
  </focus>
  <effectivePeriod>
    <start value="2020-01-11T18:00:00Z"/>
    <end value="2020-01-11T21:30:00Z"/>
  </effectivePeriod>
  <valueCodeableConcept>
    <coding>
      <system value="http://snomed.info/sct"/>
      <code value="264379009"/>
      <display value="Sports stadium (environment)"/>
    </coding>
    <text value="City Football Stadium"/>
  </valueCodeableConcept>
  <component>
    <code>
      <coding>
        <system value="http://terminology.hl7.org/CodeSystem/v3-ParticipationType"/>
        <code value="EXPAGNT"/>
        <display value="ExposureAgent"/>
      </coding>
    </code>
    <valueCodeableConcept>
      <coding>
        <system value="http://snomed.info/sct"/>
        <code value="840533007"/>
        <display value="Severe acute respiratory syndrome coronavirus 2 (organism)"/>
      </coding>
    </valueCodeableConcept>
  </component>
</Observation>