{
  "resourceType" : "Observation",
  "id" : "observation-country-of-residence-anon",
  "meta" : {
    "profile" : ["http://hl7.org/fhir/us/ecr/StructureDefinition/eicr-country-of-residence"]
  },
  "text" : {
    "extension" : [{
      "url" : "http://hl7.org/fhir/StructureDefinition/data-absent-reason",
      "valueCode" : "masked"
    }],
    "status" : "empty",
    "div" : "<div xmlns=\"http://www.w3.org/1999/xhtml\"><p>MASKED</p></div>"
  },
  "status" : "final",
  "code" : {
    "coding" : [{
      "system" : "http://loinc.org",
      "code" : "77983-5",
      "display" : "Country of usual residence"
    }]
  },
  "subject" : {
    "reference" : "Patient/patient-anon"
  },
  "effectiveDateTime" : "2020-11-10T22:33:22Z",
  "valueCodeableConcept" : {
    "coding" : [{
      "system" : "urn:iso:std:iso:3166",
      "code" : "GB",
      "display" : "United Kingdom of Great Britain and Northern Ireland"
    }]
  }
}