<?xml version="1.0" encoding="UTF-8"?>

<Observation xmlns="http://hl7.org/fhir">
  <id value="observation-vaccine-credential-assertion-anon"/>
  <meta>
    <profile value="http://hl7.org/fhir/us/ecr/StructureDefinition/eicr-vaccine-credential-patient-assertion"/>
  </meta>
  <text>
    <extension url="http://hl7.org/fhir/StructureDefinition/data-absent-reason">
      <valueCode value="masked"/>
    </extension>
    <status value="empty"/><div xmlns="http://www.w3.org/1999/xhtml"><p>MASKED</p></div>
  </text>
  <status value="final"/>
  <code>
    <coding>
      <system value="http://loinc.org"/>
      <code value="11370-4"/>
      <display value="Immunization status - Reported"/>
    </coding>
  </code>
  <subject>
    <reference value="Patient/patient-anon"/>
  </subject>
  <effectiveDateTime value="2020-11-10T22:33:22Z"/>
  <valueCodeableConcept>
    <coding>
      <system value="http://terminology.hl7.org/CodeSystem/v2-0532"/>
      <code value="Y"/>
      <display value="Yes"/>
    </coding>
  </valueCodeableConcept>
</Observation>