{
  "resourceType" : "Observation",
  "id" : "observation-past-or-present-job-anon",
  "meta" : {
    "profile" : ["http://fhir.org/fhir/us/anonymized-eicr/StructureDefinition/eicr-anon-past-or-present-job"]
  },
  "text" : {
    "status" : "extensions",
    "div" : "<div xmlns=\"http://www.w3.org/1999/xhtml\"><p><b>Generated Narrative: Observation </b><a name=\"observation-past-or-present-job-anon\"> </a><a name=\"hcobservation-past-or-present-job-anon\"> </a></p><div style=\"display: inline-block; background-color: #d9e0e7; padding: 6px; margin: 4px; border: 1px solid #8da1b4; border-radius: 5px; line-height: 60%\"><p style=\"margin-bottom: 0px\">ResourceObservation &quot;observation-past-or-present-job-anon&quot; </p><p style=\"margin-bottom: 0px\">Profile: <a href=\"StructureDefinition-eicr-anon-past-or-present-job.html\">eICR Anonymized Past or Present Job</a></p></div><p><b>Employer</b>: <a href=\"Organization-organization-name-tele-addr-anon.html\">Organization/organization-name-tele-addr-anon</a></p><p><b>status</b>: final</p><p><b>code</b>: History of Occupation <span style=\"background: LightGoldenRodYellow; margin: 4px; border: 1px solid khaki\"> (<a href=\"https://loinc.org/\">LOINC</a>#11341-5)</span></p><p><b>subject</b>: <a href=\"Patient-patient-anon.html\">Patient/patient-anon</a> &quot;&quot;</p><p><b>focus</b>: <a href=\"RelatedPerson-relatedperson-anon.html\">RelatedPerson/relatedperson-anon</a> &quot;&quot;</p><p><b>effective</b>: 2015-04-24 --&gt; (ongoing)</p><p><b>value</b>: Nursing, psychiatric, and home health aides <span style=\"background: LightGoldenRodYellow; margin: 4px; border: 1px solid khaki\"> (<a href=\"http://terminology.hl7.org/5.3.0/CodeSystem-PHOccupationCDCCensus2010.html\">Occupation CDC Census 2010</a>#3600)</span></p><blockquote><p><b>component</b></p><p><b>code</b>: History of Occupation industry <span style=\"background: LightGoldenRodYellow; margin: 4px; border: 1px solid khaki\"> (<a href=\"https://loinc.org/\">LOINC</a>#86188-0)</span></p><p><b>value</b>: Nursing care facilities <span style=\"background: LightGoldenRodYellow; margin: 4px; border: 1px solid khaki\"> (<a href=\"http://terminology.hl7.org/5.3.0/CodeSystem-PHIndustryCDCCensus2010.html\">Industry CDC Census 2010</a>#8270)</span></p></blockquote><blockquote><p><b>component</b></p><p><b>code</b>: History of Occupational hazard <span style=\"background: LightGoldenRodYellow; margin: 4px; border: 1px solid khaki\"> (<a href=\"https://loinc.org/\">LOINC</a>#87729-0)</span></p><p><b>value</b>: Asbestos</p></blockquote></div>"
  },
  "extension" : [{
    "url" : "http://hl7.org/fhir/us/odh/StructureDefinition/odh-Employer-extension",
    "valueReference" : {
      "reference" : "Organization/organization-name-tele-addr-anon"
    }
  }],
  "status" : "final",
  "code" : {
    "coding" : [{
      "system" : "http://loinc.org",
      "code" : "11341-5",
      "display" : "History of Occupation"
    }]
  },
  "subject" : {
    "reference" : "Patient/patient-anon"
  },
  "focus" : [{
    "reference" : "RelatedPerson/relatedperson-anon"
  }],
  "effectivePeriod" : {
    "start" : "2015-04-24"
  },
  "valueCodeableConcept" : {
    "coding" : [{
      "system" : "http://terminology.hl7.org/CodeSystem/PHOccupationCDCCensus2010",
      "code" : "3600",
      "display" : "Nursing, psychiatric, and home health aides"
    }]
  },
  "component" : [{
    "code" : {
      "coding" : [{
        "system" : "http://loinc.org",
        "code" : "86188-0",
        "display" : "History of Occupation industry"
      }]
    },
    "valueCodeableConcept" : {
      "coding" : [{
        "system" : "http://terminology.hl7.org/CodeSystem/PHIndustryCDCCensus2010",
        "code" : "8270",
        "display" : "Nursing care facilities"
      }]
    }
  },
  {
    "code" : {
      "coding" : [{
        "system" : "http://loinc.org",
        "code" : "87729-0",
        "display" : "History of Occupational hazard"
      }]
    },
    "valueString" : "Asbestos"
  }]
}