{
  "resourceType" : "Observation",
  "id" : "observation-odh-usual-work-anon",
  "meta" : {
    "profile" : ["http://hl7.org/fhir/us/odh/StructureDefinition/odh-UsualWork"]
  },
  "text" : {
    "status" : "generated",
    "div" : "<div xmlns=\"http://www.w3.org/1999/xhtml\"><p><b>Generated Narrative: Observation </b><a name=\"observation-odh-usual-work-anon\"> </a><a name=\"hcobservation-odh-usual-work-anon\"> </a></p><div style=\"display: inline-block; background-color: #d9e0e7; padding: 6px; margin: 4px; border: 1px solid #8da1b4; border-radius: 5px; line-height: 60%\"><p style=\"margin-bottom: 0px\">ResourceObservation &quot;observation-odh-usual-work-anon&quot; </p><p style=\"margin-bottom: 0px\">Profile: <a href=\"http://hl7.org/fhir/us/odh/STU1.1/StructureDefinition-odh-UsualWork.html\">Usual Work</a></p></div><p><b>status</b>: final</p><p><b>code</b>: History of Usual occupation <span style=\"background: LightGoldenRodYellow; margin: 4px; border: 1px solid khaki\"> (<a href=\"https://loinc.org/\">LOINC</a>#21843-8)</span></p><p><b>subject</b>: <a href=\"Patient-patient-anon.html\">Patient/patient-anon</a> &quot;&quot;</p><p><b>effective</b>: 2015-01-01 --&gt; 2018-03-07</p><p><b>value</b>: Human Resources Managers <span style=\"background: LightGoldenRodYellow; margin: 4px; border: 1px solid khaki\"> (unknown#0136)</span></p><h3>Components</h3><table class=\"grid\"><tr><td style=\"display: none\">-</td><td><b>Code</b></td><td><b>Value[x]</b></td></tr><tr><td style=\"display: none\">*</td><td>History of Usual industry <span style=\"background: LightGoldenRodYellow; margin: 4px; border: 1px solid khaki\"> (<a href=\"https://loinc.org/\">LOINC</a>#21844-6)</span></td><td>Hospitals <span style=\"background: LightGoldenRodYellow; margin: 4px; border: 1px solid khaki\"> (unknown#8190)</span></td></tr></table></div>"
  },
  "status" : "final",
  "code" : {
    "coding" : [{
      "system" : "http://loinc.org",
      "code" : "21843-8",
      "display" : "History of Usual occupation"
    }]
  },
  "subject" : {
    "reference" : "Patient/patient-anon"
  },
  "effectivePeriod" : {
    "start" : "2015-01-01",
    "end" : "2018-03-07"
  },
  "valueCodeableConcept" : {
    "coding" : [{
      "system" : "urn:oid:2.16.840.1.114222.4.5.314",
      "code" : "0136",
      "display" : "Human Resources Managers"
    }]
  },
  "component" : [{
    "code" : {
      "coding" : [{
        "system" : "http://loinc.org",
        "code" : "21844-6",
        "display" : "History of Usual industry"
      }]
    },
    "valueCodeableConcept" : {
      "coding" : [{
        "system" : "urn:oid:2.16.840.1.114222.4.5.315",
        "code" : "8190",
        "display" : "Hospitals"
      }]
    }
  }]
}