{
  "resourceType" : "Observation",
  "id" : "observation-exposure-contact-info-football-game-anon",
  "meta" : {
    "profile" : ["http://hl7.org/fhir/us/ecr/StructureDefinition/us-ph-exposure-contact-information"]
  },
  "text" : {
    "status" : "generated",
    "div" : "<div xmlns=\"http://www.w3.org/1999/xhtml\"><p><b>Generated Narrative: Observation </b><a name=\"observation-exposure-contact-info-football-game-anon\"> </a><a name=\"hcobservation-exposure-contact-info-football-game-anon\"> </a></p><div style=\"display: inline-block; background-color: #d9e0e7; padding: 6px; margin: 4px; border: 1px solid #8da1b4; border-radius: 5px; line-height: 60%\"><p style=\"margin-bottom: 0px\">ResourceObservation &quot;observation-exposure-contact-info-football-game-anon&quot; </p><p style=\"margin-bottom: 0px\">Profile: <a href=\"http://hl7.org/fhir/us/ecr/STU2.1/StructureDefinition-us-ph-exposure-contact-information.html\">US Public Health Exposure Contact Information</a></p></div><p><b>status</b>: final</p><p><b>category</b>: An interaction between entities that provides opportunity for transmission of a physical, chemical, or biological agent from an exposure source entity to an exposure target entity. <span style=\"background: LightGoldenRodYellow; margin: 4px; border: 1px solid khaki\"> (<a href=\"http://terminology.hl7.org/5.5.0/CodeSystem-v3-ActClass.html\">ActClass</a>#EXPOS &quot;exposure&quot;)</span></p><p><b>code</b>: Mass gathering (football game) <span style=\"background: LightGoldenRodYellow; margin: 4px; border: 1px solid khaki\"> (<a href=\"http://terminology.hl7.org/5.3.0/CodeSystem-umls.html\">Unified Medical Language System</a>#C3841750 &quot;Mass gathering&quot;)</span></p><p><b>subject</b>: <a href=\"Patient-patient-anon.html\">Patient/patient-anon</a> &quot;&quot;</p><p><b>focus</b>: <a href=\"Location-location-city-football-stadium-anon.html\">Location/location-city-football-stadium-anon</a> &quot;City Football Stadium&quot;</p><p><b>effective</b>: 2020-01-11 18:00:00+0000 --&gt; 2020-01-11 21:30:00+0000</p><p><b>value</b>: City Football Stadium <span style=\"background: LightGoldenRodYellow; margin: 4px; border: 1px solid khaki\"> (<a href=\"https://browser.ihtsdotools.org/\">SNOMED CT</a>#264379009 &quot;Sports stadium (environment)&quot;)</span></p><h3>Components</h3><table class=\"grid\"><tr><td style=\"display: none\">-</td><td><b>Code</b></td><td><b>Value[x]</b></td></tr><tr><td style=\"display: none\">*</td><td>ExposureAgent <span style=\"background: LightGoldenRodYellow; margin: 4px; border: 1px solid khaki\"> (<a href=\"http://terminology.hl7.org/5.5.0/CodeSystem-v3-ParticipationType.html\">ParticipationType</a>#EXPAGNT)</span></td><td>Severe acute respiratory syndrome coronavirus 2 (organism) <span style=\"background: LightGoldenRodYellow; margin: 4px; border: 1px solid khaki\"> (<a href=\"https://browser.ihtsdotools.org/\">SNOMED CT</a>#840533007)</span></td></tr></table></div>"
  },
  "status" : "final",
  "category" : [{
    "coding" : [{
      "system" : "http://terminology.hl7.org/CodeSystem/v3-ActClass",
      "code" : "EXPOS",
      "display" : "exposure"
    }],
    "text" : "An interaction between entities that provides opportunity for transmission of a physical, chemical, or biological agent from an exposure source entity to an exposure target entity."
  }],
  "code" : {
    "coding" : [{
      "system" : "http://terminology.hl7.org/CodeSystem/umls",
      "code" : "C3841750",
      "display" : "Mass gathering"
    }],
    "text" : "Mass gathering (football game)"
  },
  "subject" : {
    "reference" : "Patient/patient-anon"
  },
  "focus" : [{
    "reference" : "Location/location-city-football-stadium-anon"
  }],
  "effectivePeriod" : {
    "start" : "2020-01-11T18:00:00Z",
    "end" : "2020-01-11T21:30:00Z"
  },
  "valueCodeableConcept" : {
    "coding" : [{
      "system" : "http://snomed.info/sct",
      "code" : "264379009",
      "display" : "Sports stadium (environment)"
    }],
    "text" : "City Football Stadium"
  },
  "component" : [{
    "code" : {
      "coding" : [{
        "system" : "http://terminology.hl7.org/CodeSystem/v3-ParticipationType",
        "code" : "EXPAGNT",
        "display" : "ExposureAgent"
      }]
    },
    "valueCodeableConcept" : {
      "coding" : [{
        "system" : "http://snomed.info/sct",
        "code" : "840533007",
        "display" : "Severe acute respiratory syndrome coronavirus 2 (organism)"
      }]
    }
  }]
}