<?xml version="1.0" encoding="UTF-8"?>

<Observation xmlns="http://hl7.org/fhir">
  <id value="observation-emergency-outbreak-info-anon"/>
  <meta>
    <profile value="http://hl7.org/fhir/us/ecr/StructureDefinition/us-ph-emergency-outbreak-information"/>
  </meta>
  <text>
    <extension url="http://hl7.org/fhir/StructureDefinition/data-absent-reason">
      <valueCode value="masked"/>
    </extension>
    <status value="empty"/><div xmlns="http://www.w3.org/1999/xhtml"><p>MASKED</p></div>
  </text>
  <status value="final"/>
  <code>
    <text value="Employee desk distance from mail sorter"/>
  </code>
  <subject>
    <reference value="Patient/patient-anon"/>
  </subject>
  <effectiveDateTime value="2020-11-18T22:33:22Z"/>
  <valueQuantity>
    <value value="2"/>
    <unit value="m"/>
  </valueQuantity>
</Observation>