{
  "resourceType" : "Observation",
  "id" : "observation-vaccine-credential-assertion-anon",
  "meta" : {
    "profile" : ["http://hl7.org/fhir/us/ecr/StructureDefinition/eicr-vaccine-credential-patient-assertion"]
  },
  "text" : {
    "status" : "generated",
    "div" : "<div xmlns=\"http://www.w3.org/1999/xhtml\"><p><b>Generated Narrative: Observation </b><a name=\"observation-vaccine-credential-assertion-anon\"> </a><a name=\"hcobservation-vaccine-credential-assertion-anon\"> </a></p><div style=\"display: inline-block; background-color: #d9e0e7; padding: 6px; margin: 4px; border: 1px solid #8da1b4; border-radius: 5px; line-height: 60%\"><p style=\"margin-bottom: 0px\">ResourceObservation &quot;observation-vaccine-credential-assertion-anon&quot; </p><p style=\"margin-bottom: 0px\">Profile: <a href=\"http://hl7.org/fhir/us/ecr/STU2.1/StructureDefinition-eicr-vaccine-credential-patient-assertion.html\">eICR Vaccine Credential Patient Assertion</a></p></div><p><b>status</b>: final</p><p><b>code</b>: Immunization status - Reported <span style=\"background: LightGoldenRodYellow; margin: 4px; border: 1px solid khaki\"> (<a href=\"https://loinc.org/\">LOINC</a>#11370-4)</span></p><p><b>subject</b>: <a href=\"Patient-patient-anon.html\">Patient/patient-anon</a> &quot;&quot;</p><p><b>effective</b>: 2020-11-10 22:33:22+0000</p><p><b>value</b>: Yes <span style=\"background: LightGoldenRodYellow; margin: 4px; border: 1px solid khaki\"> (<a href=\"http://terminology.hl7.org/5.3.0/CodeSystem-v2-0532.html\">expandedYes-NoIndicator</a>#Y)</span></p></div>"
  },
  "status" : "final",
  "code" : {
    "coding" : [{
      "system" : "http://loinc.org",
      "code" : "11370-4",
      "display" : "Immunization status - Reported"
    }]
  },
  "subject" : {
    "reference" : "Patient/patient-anon"
  },
  "effectiveDateTime" : "2020-11-10T22:33:22Z",
  "valueCodeableConcept" : {
    "coding" : [{
      "system" : "http://terminology.hl7.org/CodeSystem/v2-0532",
      "code" : "Y",
      "display" : "Yes"
    }]
  }
}