{
  "resourceType" : "Observation",
  "id" : "observation-emergency-outbreak-info-anon",
  "meta" : {
    "profile" : ["http://hl7.org/fhir/us/ecr/StructureDefinition/us-ph-emergency-outbreak-information"]
  },
  "text" : {
    "status" : "generated",
    "div" : "<div xmlns=\"http://www.w3.org/1999/xhtml\"><p><b>Generated Narrative: Observation </b><a name=\"observation-emergency-outbreak-info-anon\"> </a><a name=\"hcobservation-emergency-outbreak-info-anon\"> </a></p><div style=\"display: inline-block; background-color: #d9e0e7; padding: 6px; margin: 4px; border: 1px solid #8da1b4; border-radius: 5px; line-height: 60%\"><p style=\"margin-bottom: 0px\">ResourceObservation &quot;observation-emergency-outbreak-info-anon&quot; </p><p style=\"margin-bottom: 0px\">Profile: <a href=\"http://hl7.org/fhir/us/ecr/STU2.1/StructureDefinition-us-ph-emergency-outbreak-information.html\">US Public Health Emergency Outbreak Information</a></p></div><p><b>status</b>: final</p><p><b>code</b>: Employee desk distance from mail sorter <span style=\"background: LightGoldenRodYellow; margin: 4px; border: 1px solid khaki\"> ()</span></p><p><b>subject</b>: <a href=\"Patient-patient-anon.html\">Patient/patient-anon</a> &quot;&quot;</p><p><b>effective</b>: 2020-11-18 22:33:22+0000</p><p><b>value</b>: 2 m</p></div>"
  },
  "status" : "final",
  "code" : {
    "text" : "Employee desk distance from mail sorter"
  },
  "subject" : {
    "reference" : "Patient/patient-anon"
  },
  "effectiveDateTime" : "2020-11-18T22:33:22Z",
  "valueQuantity" : {
    "value" : 2,
    "unit" : "m"
  }
}