{
  "resourceType" : "Observation",
  "id" : "observation-lab-result-lymphocytes-anon",
  "meta" : {
    "profile" : ["http://hl7.org/fhir/us/core/StructureDefinition/us-core-observation-lab"]
  },
  "text" : {
    "extension" : [{
      "url" : "http://hl7.org/fhir/StructureDefinition/data-absent-reason",
      "valueCode" : "masked"
    }],
    "status" : "empty",
    "div" : "<div xmlns=\"http://www.w3.org/1999/xhtml\"><p>MASKED</p></div>"
  },
  "status" : "final",
  "category" : [{
    "coding" : [{
      "system" : "http://terminology.hl7.org/CodeSystem/observation-category",
      "code" : "laboratory",
      "display" : "Laboratory"
    }],
    "text" : "Laboratory"
  }],
  "code" : {
    "coding" : [{
      "system" : "http://loinc.org",
      "code" : "731-0",
      "display" : "Lymphocytes [#/volume] in Blood by Automated count"
    }]
  },
  "subject" : {
    "reference" : "Patient/patient-anon"
  },
  "effectiveDateTime" : "2018-03-07",
  "valueQuantity" : {
    "value" : 5.2,
    "system" : "http://unitsofmeasure.org",
    "code" : "10*3/uL"
  },
  "interpretation" : [{
    "coding" : [{
      "system" : "http://terminology.hl7.org/CodeSystem/v3-ObservationInterpretation",
      "code" : "H",
      "display" : "High"
    }]
  }],
  "referenceRange" : [{
    "low" : {
      "value" : 1,
      "system" : "http://unitsofmeasure.org",
      "code" : "10*3/uL"
    },
    "high" : {
      "value" : 4.8,
      "system" : "http://unitsofmeasure.org",
      "code" : "10*3/uL"
    }
  }]
}