{
  "resourceType" : "Observation",
  "id" : "observation-country-of-nationality-anon",
  "meta" : {
    "profile" : ["http://hl7.org/fhir/us/ecr/StructureDefinition/eicr-country-of-nationality"]
  },
  "text" : {
    "extension" : [{
      "url" : "http://hl7.org/fhir/StructureDefinition/data-absent-reason",
      "valueCode" : "masked"
    }],
    "status" : "empty",
    "div" : "<div xmlns=\"http://www.w3.org/1999/xhtml\"><p>MASKED</p></div>"
  },
  "status" : "final",
  "code" : {
    "coding" : [{
      "system" : "http://snomed.info/sct",
      "code" : "186034007",
      "display" : "Ethnicity / related nationality data (observable entity)"
    }]
  },
  "subject" : {
    "reference" : "Patient/patient-anon"
  },
  "effectiveDateTime" : "2020-11-10T22:33:22Z",
  "valueCodeableConcept" : {
    "coding" : [{
      "system" : "urn:iso:std:iso:3166",
      "code" : "AU",
      "display" : "Australia"
    }]
  }
}