<?xml version="1.0" encoding="UTF-8"?>

<Observation xmlns="http://hl7.org/fhir">
  <id value="observation-disability-status-anon"/>
  <meta>
    <profile value="http://hl7.org/fhir/us/ecr/StructureDefinition/us-ph-disability-status"/>
  </meta>
  <text>
    <extension url="http://hl7.org/fhir/StructureDefinition/data-absent-reason">
      <valueCode value="masked"/>
    </extension>
    <status value="empty"/><div xmlns="http://www.w3.org/1999/xhtml"><p>MASKED</p></div>
  </text>
  <status value="final"/>
  <code>
    <coding>
      <system value="http://loinc.org"/>
      <code value="69856-3"/>
      <display value="Are you deaf, or do you have serious difficulty hearing"/>
    </coding>
  </code>
  <subject>
    <reference value="Patient/patient-anon"/>
  </subject>
  <effectiveDateTime value="2020-11-10T22:33:22Z"/>
  <valueBoolean value="true"/>
</Observation>