<?xml version="1.0" encoding="UTF-8"?>

<Observation xmlns="http://hl7.org/fhir">
  <id value="observation-past-or-present-job-anon"/>
  <meta>
    <profile value="http://fhir.org/fhir/us/anonymized-eicr/StructureDefinition/eicr-anon-past-or-present-job"/>
  </meta>
  <text>
    <status value="extensions"/><div xmlns="http://www.w3.org/1999/xhtml"><p><b>Generated Narrative: Observation </b><a name="observation-past-or-present-job-anon"> </a><a name="hcobservation-past-or-present-job-anon"> </a></p><div style="display: inline-block; background-color: #d9e0e7; padding: 6px; margin: 4px; border: 1px solid #8da1b4; border-radius: 5px; line-height: 60%"><p style="margin-bottom: 0px">ResourceObservation &quot;observation-past-or-present-job-anon&quot; </p><p style="margin-bottom: 0px">Profile: <a href="StructureDefinition-eicr-anon-past-or-present-job.html">eICR Anonymized Past or Present Job</a></p></div><p><b>Employer</b>: <a href="Organization-organization-name-tele-addr-anon.html">Organization/organization-name-tele-addr-anon</a></p><p><b>status</b>: final</p><p><b>code</b>: History of Occupation <span style="background: LightGoldenRodYellow; margin: 4px; border: 1px solid khaki"> (<a href="https://loinc.org/">LOINC</a>#11341-5)</span></p><p><b>subject</b>: <a href="Patient-patient-anon.html">Patient/patient-anon</a> &quot;&quot;</p><p><b>focus</b>: <a href="RelatedPerson-relatedperson-anon.html">RelatedPerson/relatedperson-anon</a> &quot;&quot;</p><p><b>effective</b>: 2015-04-24 --&gt; (ongoing)</p><p><b>value</b>: Nursing, psychiatric, and home health aides <span style="background: LightGoldenRodYellow; margin: 4px; border: 1px solid khaki"> (<a href="http://terminology.hl7.org/5.3.0/CodeSystem-PHOccupationCDCCensus2010.html">Occupation CDC Census 2010</a>#3600)</span></p><blockquote><p><b>component</b></p><p><b>code</b>: History of Occupation industry <span style="background: LightGoldenRodYellow; margin: 4px; border: 1px solid khaki"> (<a href="https://loinc.org/">LOINC</a>#86188-0)</span></p><p><b>value</b>: Nursing care facilities <span style="background: LightGoldenRodYellow; margin: 4px; border: 1px solid khaki"> (<a href="http://terminology.hl7.org/5.3.0/CodeSystem-PHIndustryCDCCensus2010.html">Industry CDC Census 2010</a>#8270)</span></p></blockquote><blockquote><p><b>component</b></p><p><b>code</b>: History of Occupational hazard <span style="background: LightGoldenRodYellow; margin: 4px; border: 1px solid khaki"> (<a href="https://loinc.org/">LOINC</a>#87729-0)</span></p><p><b>value</b>: Asbestos</p></blockquote></div>
  </text>
  <extension url="http://hl7.org/fhir/us/odh/StructureDefinition/odh-Employer-extension">
    <valueReference>
      <reference value="Organization/organization-name-tele-addr-anon"/>
    </valueReference>
  </extension>
  <status value="final"/>
  <code>
    <coding>
      <system value="http://loinc.org"/>
      <code value="11341-5"/>
      <display value="History of Occupation"/>
    </coding>
  </code>
  <subject>
    <reference value="Patient/patient-anon"/>
  </subject>
  <focus>
    <reference value="RelatedPerson/relatedperson-anon"/>
  </focus>
  <effectivePeriod>
    <start value="2015-04-24"/>
  </effectivePeriod>
  <valueCodeableConcept>
    <coding>
      <system value="http://terminology.hl7.org/CodeSystem/PHOccupationCDCCensus2010"/>
      <code value="3600"/>
      <display value="Nursing, psychiatric, and home health aides"/>
    </coding>
  </valueCodeableConcept>
  <component>
    <code>
      <coding>
        <system value="http://loinc.org"/>
        <code value="86188-0"/>
        <display value="History of Occupation industry"/>
      </coding>
    </code>
    <valueCodeableConcept>
      <coding>
        <system value="http://terminology.hl7.org/CodeSystem/PHIndustryCDCCensus2010"/>
        <code value="8270"/>
        <display value="Nursing care facilities"/>
      </coding>
    </valueCodeableConcept>
  </component>
  <component>
    <code>
      <coding>
        <system value="http://loinc.org"/>
        <code value="87729-0"/>
        <display value="History of Occupational hazard"/>
      </coding>
    </code>
    <valueString value="Asbestos"/>
  </component>
</Observation>