{
  "resourceType" : "Observation",
  "id" : "observation-calculated-age-anon",
  "meta" : {
    "profile" : ["http://fhir.org/fhir/us/anonymized-eicr/StructureDefinition/caculated-age-observation"]
  },
  "text" : {
    "status" : "generated",
    "div" : "<div xmlns=\"http://www.w3.org/1999/xhtml\"><p><b>Generated Narrative: Observation </b><a name=\"observation-calculated-age-anon\"> </a><a name=\"hcobservation-calculated-age-anon\"> </a></p><div style=\"display: inline-block; background-color: #d9e0e7; padding: 6px; margin: 4px; border: 1px solid #8da1b4; border-radius: 5px; line-height: 60%\"><p style=\"margin-bottom: 0px\">ResourceObservation &quot;observation-calculated-age-anon&quot; </p><p style=\"margin-bottom: 0px\">Profile: <a href=\"StructureDefinition-caculated-age-observation.html\">Calculated Age</a></p></div><p><b>status</b>: final</p><p><b>code</b>: Age calculated <span style=\"background: LightGoldenRodYellow; margin: 4px; border: 1px solid khaki\"> (<a href=\"https://loinc.org/\">LOINC</a>#29553-5)</span></p><p><b>subject</b>: <a href=\"Patient-patient-anon.html\">Patient/patient-anon</a> &quot;&quot;</p><p><b>effective</b>: 2024-06-02 22:13:23+0000</p><p><b>value</b>: 35 year<span style=\"background: LightGoldenRodYellow\"> (Details: UCUM  codea = 'a')</span></p></div>"
  },
  "status" : "final",
  "code" : {
    "coding" : [{
      "system" : "http://loinc.org",
      "code" : "29553-5",
      "display" : "Age calculated"
    }]
  },
  "subject" : {
    "reference" : "Patient/patient-anon"
  },
  "effectiveDateTime" : "2024-06-02T22:13:23Z",
  "valueQuantity" : {
    "value" : 35,
    "unit" : "year",
    "system" : "http://unitsofmeasure.org",
    "code" : "a"
  }
}