{
  "resourceType" : "Observation",
  "id" : "observation-travel-history-201801-anon",
  "meta" : {
    "profile" : ["http://hl7.org/fhir/us/ecr/StructureDefinition/us-ph-travel-history"]
  },
  "text" : {
    "status" : "generated",
    "div" : "<div xmlns=\"http://www.w3.org/1999/xhtml\"><p><b>Generated Narrative: Observation </b><a name=\"observation-travel-history-201801-anon\"> </a><a name=\"hcobservation-travel-history-201801-anon\"> </a></p><div style=\"display: inline-block; background-color: #d9e0e7; padding: 6px; margin: 4px; border: 1px solid #8da1b4; border-radius: 5px; line-height: 60%\"><p style=\"margin-bottom: 0px\">ResourceObservation &quot;observation-travel-history-201801-anon&quot; </p><p style=\"margin-bottom: 0px\">Profile: <a href=\"http://hl7.org/fhir/us/ecr/STU2.1/StructureDefinition-us-ph-travel-history.html\">US Public Health Travel History</a></p></div><p><b>status</b>: final</p><p><b>code</b>: Travel History <span style=\"background: LightGoldenRodYellow; margin: 4px; border: 1px solid khaki\"> (<a href=\"https://browser.ihtsdotools.org/\">SNOMED CT</a>#420008001 &quot;Travel&quot;)</span></p><p><b>subject</b>: <a href=\"Patient-patient-anon.html\">Patient/patient-anon</a> &quot;&quot;</p><p><b>effective</b>: 2018-01-15 --&gt; 2018-01-30</p><blockquote><p><b>component</b></p><p><b>code</b>: Location <span style=\"background: LightGoldenRodYellow; margin: 4px; border: 1px solid khaki\"> (<a href=\"http://terminology.hl7.org/5.5.0/CodeSystem-v3-ParticipationType.html\">ParticipationType</a>#LOC)</span></p><p><b>value</b>: Vanuatu <span style=\"background: LightGoldenRodYellow; margin: 4px; border: 1px solid khaki\"> (unknown#VUT)</span></p></blockquote><blockquote><p><b>component</b></p><p><b>code</b>: Type of activity (attribute) <span style=\"background: LightGoldenRodYellow; margin: 4px; border: 1px solid khaki\"> (<a href=\"https://browser.ihtsdotools.org/\">SNOMED CT</a>#280147009)</span></p><p><b>value</b>: Active duty military (occupation) <span style=\"background: LightGoldenRodYellow; margin: 4px; border: 1px solid khaki\"> (<a href=\"https://browser.ihtsdotools.org/\">SNOMED CT</a>#702348006)</span></p></blockquote></div>"
  },
  "status" : "final",
  "code" : {
    "coding" : [{
      "system" : "http://snomed.info/sct",
      "code" : "420008001",
      "display" : "Travel"
    }],
    "text" : "Travel History"
  },
  "subject" : {
    "reference" : "Patient/patient-anon"
  },
  "effectivePeriod" : {
    "start" : "2018-01-15",
    "end" : "2018-01-30"
  },
  "component" : [{
    "code" : {
      "coding" : [{
        "system" : "http://terminology.hl7.org/CodeSystem/v3-ParticipationType",
        "code" : "LOC",
        "display" : "Location"
      }]
    },
    "valueCodeableConcept" : {
      "coding" : [{
        "system" : "urn:oid:1.0.3166.1",
        "code" : "VUT",
        "display" : "Vanuatu"
      }]
    }
  },
  {
    "code" : {
      "coding" : [{
        "system" : "http://snomed.info/sct",
        "code" : "280147009",
        "display" : "Type of activity (attribute)"
      }]
    },
    "valueCodeableConcept" : {
      "coding" : [{
        "system" : "http://snomed.info/sct",
        "code" : "702348006",
        "display" : "Active duty military (occupation)"
      }]
    }
  }]
}