<?xml version="1.0" encoding="UTF-8"?>

<Organization xmlns="http://hl7.org/fhir">
  <id value="organization-salem-medical-center"/>
  <meta>
    <profile value="http://hl7.org/fhir/us/ecr/StructureDefinition/us-ph-organization"/>
  </meta>
  <text>
    <status value="generated"/><div xmlns="http://www.w3.org/1999/xhtml"><p><b>Generated Narrative: Organization </b><a name="organization-salem-medical-center"> </a><a name="hcorganization-salem-medical-center"> </a></p><div style="display: inline-block; background-color: #d9e0e7; padding: 6px; margin: 4px; border: 1px solid #8da1b4; border-radius: 5px; line-height: 60%"><p style="margin-bottom: 0px">ResourceOrganization &quot;organization-salem-medical-center&quot; </p><p style="margin-bottom: 0px">Profile: <a href="http://hl7.org/fhir/us/ecr/STU2.1/StructureDefinition-us-ph-organization.html">US Public Health Organization</a></p></div><p><b>identifier</b>: <code>http://hl7.org.fhir/sid/us-npi</code>/55555555</p><p><b>active</b>: true</p><p><b>name</b>: Salem Medical Center</p><p><b>telecom</b>: <a href="tel:+1-555-555-1111">+1-555-555-1111</a>, <a href="mailto:mail@salemmedicalcenter.com">mail@salemmedicalcenter.com</a></p><p><b>address</b>: 22222 Health Authority Drive Ann Arbor MI 99999 </p></div>
  </text>
  <identifier>
    <system value="http://hl7.org.fhir/sid/us-npi"/>
    <value value="55555555"/>
  </identifier>
  <active value="true"/>
  <name value="Salem Medical Center"/>
  <telecom>
    <system value="phone"/>
    <value value="+1-555-555-1111"/>
  </telecom>
  <telecom>
    <system value="email"/>
    <value value="mail@salemmedicalcenter.com"/>
  </telecom>
  <address>
    <line value="22222 Health Authority Drive"/>
    <city value="Ann Arbor"/>
    <state value="MI"/>
    <postalCode value="99999"/>
  </address>
</Organization>