{
  "resourceType" : "Organization",
  "id" : "organization-acme-laboratory",
  "meta" : {
    "profile" : ["http://hl7.org/fhir/us/ecr/StructureDefinition/us-ph-organization"]
  },
  "text" : {
    "extension" : [{
      "url" : "http://hl7.org/fhir/StructureDefinition/data-absent-reason",
      "valueCode" : "masked"
    }],
    "status" : "empty",
    "div" : "<div xmlns=\"http://www.w3.org/1999/xhtml\"><p>MASKED</p></div>"
  },
  "identifier" : [{
    "system" : "http://hl7.org.fhir/sid/us-npi",
    "value" : "1144221999"
  }],
  "active" : true,
  "type" : [{
    "coding" : [{
      "system" : "http://terminology.hl7.org/CodeSystem/v3-RoleCode",
      "code" : "OUTLAB",
      "display" : "outpatient laboratory"
    }]
  }],
  "name" : "Acme Labs",
  "telecom" : [{
    "system" : "phone",
    "value" : "+1-555-555-2222"
  },
  {
    "system" : "email",
    "value" : "mail@acmelabs.com"
  }],
  "address" : [{
    "line" : ["7777 Laboratory Drive"],
    "city" : "Ann Arbor",
    "state" : "MI",
    "postalCode" : "99999"
  }]
}