{
  "resourceType" : "Organization",
  "id" : "organization-name-tele-addr-anon",
  "meta" : {
    "profile" : ["http://fhir.org/fhir/us/anonymized-eicr/StructureDefinition/eicr-anon-org-tele-addr-name"]
  },
  "text" : {
    "status" : "generated",
    "div" : "<div xmlns=\"http://www.w3.org/1999/xhtml\"><p><b>Generated Narrative: Organization </b><a name=\"organization-name-tele-addr-anon\"> </a><a name=\"hcorganization-name-tele-addr-anon\"> </a></p><div style=\"display: inline-block; background-color: #d9e0e7; padding: 6px; margin: 4px; border: 1px solid #8da1b4; border-radius: 5px; line-height: 60%\"><p style=\"margin-bottom: 0px\">ResourceOrganization &quot;organization-name-tele-addr-anon&quot; </p><p style=\"margin-bottom: 0px\">Profile: <a href=\"StructureDefinition-eicr-anon-org-tele-addr-name.html\">eICR Anonymized Organization - Telecom, Address, Name</a></p></div><p><b>identifier</b>: <code>http://hl7.org.fhir/sid/us-npi</code>/7878787878</p><p><b>active</b>: true</p><p><b>name</b>: Absent because : <code>masked</code></p><p><b>telecom</b>: -unknown-</p><p><b>address</b>: </p></div>"
  },
  "identifier" : [{
    "system" : "http://hl7.org.fhir/sid/us-npi",
    "value" : "7878787878"
  }],
  "active" : true,
  "_name" : {
    "extension" : [{
      "url" : "http://hl7.org/fhir/StructureDefinition/data-absent-reason",
      "valueCode" : "masked"
    }]
  },
  "telecom" : [{
    "extension" : [{
      "url" : "http://hl7.org/fhir/StructureDefinition/data-absent-reason",
      "valueCode" : "masked"
    }]
  }],
  "address" : [{
    "extension" : [{
      "url" : "http://hl7.org/fhir/StructureDefinition/data-absent-reason",
      "valueCode" : "masked"
    }]
  }]
}