<?xml version="1.0" encoding="UTF-8"?>

<Organization xmlns="http://hl7.org/fhir">
  <id value="organization-salem-medical-center-anon"/>
  <meta>
    <profile value="http://fhir.org/fhir/us/anonymized-eicr/StructureDefinition/eicr-anon-org-tele-addr"/>
  </meta>
  <text>
    <status value="generated"/><div xmlns="http://www.w3.org/1999/xhtml"><p><b>Generated Narrative: Organization </b><a name="organization-salem-medical-center-anon"> </a><a name="hcorganization-salem-medical-center-anon"> </a></p><div style="display: inline-block; background-color: #d9e0e7; padding: 6px; margin: 4px; border: 1px solid #8da1b4; border-radius: 5px; line-height: 60%"><p style="margin-bottom: 0px">ResourceOrganization &quot;organization-salem-medical-center-anon&quot; </p><p style="margin-bottom: 0px">Profile: <a href="StructureDefinition-eicr-anon-org-tele-addr.html">eICR Anonymized Organization - Telecom, Address</a></p></div><p><b>identifier</b>: <code>http://hl7.org.fhir/sid/us-npi</code>/55555555</p><p><b>active</b>: true</p><p><b>name</b>: Salem Medical Center</p><p><b>telecom</b>: -unknown-</p><p><b>address</b>: </p></div>
  </text>
  <identifier>
    <system value="http://hl7.org.fhir/sid/us-npi"/>
    <value value="55555555"/>
  </identifier>
  <active value="true"/>
  <name value="Salem Medical Center"/>
  <telecom>
    <extension url="http://hl7.org/fhir/StructureDefinition/data-absent-reason">
      <valueCode value="masked"/>
    </extension>
  </telecom>
  <address>
    <extension url="http://hl7.org/fhir/StructureDefinition/data-absent-reason">
      <valueCode value="masked"/>
    </extension>
  </address>
</Organization>