<?xml version="1.0" encoding="UTF-8"?>

<PractitionerRole xmlns="http://hl7.org/fhir">
  <id value="practitionerrole-anon"/>
  <meta>
    <profile value="http://fhir.org/fhir/us/anonymized-eicr/StructureDefinition/eicr-anon-practitionerrole"/>
  </meta>
  <text>
    <extension url="http://hl7.org/fhir/StructureDefinition/data-absent-reason">
      <valueCode value="masked"/>
    </extension>
    <status value="empty"/><div xmlns="http://www.w3.org/1999/xhtml"><p>MASKED</p></div>
  </text>
  <identifier>
    <system value="http://hl7.org/fhir/sid/us-npi"/>
    <value value="9941339108"/>
  </identifier>
  <practitioner>
    <reference value="Practitioner/practitioner-anon"/>
  </practitioner>
  <organization>
    <reference value="Organization/organization-salem-medical-center"/>
  </organization>
  <code>
    <coding>
      <system value="http://nucc.org/provider-taxonomy"/>
      <code value="261QP2300X"/>
      <display value="Primary Care Clinic/Center"/>
    </coding>
  </code>
  <specialty>
    <coding>
      <system value="http://snomed.info/sct"/>
      <code value="419772000"/>
      <display value="Family practice"/>
    </coding>
  </specialty>
  <location>
    <reference value="Location/location-salem-medical-center"/>
  </location>
  <telecom>
    <system value="email"/>
    <value>
      <extension url="http://hl7.org/fhir/StructureDefinition/data-absent-reason">
        <valueCode value="masked"/>
      </extension>
    </value>
  </telecom>
</PractitionerRole>