<?xml version="1.0" encoding="UTF-8"?>

<Procedure xmlns="http://hl7.org/fhir">
  <id value="procedure-ecmo-anon"/>
  <meta>
    <profile value="http://hl7.org/fhir/us/ecr/StructureDefinition/eicr-procedure"/>
  </meta>
  <text>
    <status value="generated"/><div xmlns="http://www.w3.org/1999/xhtml"><p><b>Generated Narrative: Procedure </b><a name="procedure-ecmo-anon"> </a><a name="hcprocedure-ecmo-anon"> </a></p><div style="display: inline-block; background-color: #d9e0e7; padding: 6px; margin: 4px; border: 1px solid #8da1b4; border-radius: 5px; line-height: 60%"><p style="margin-bottom: 0px">ResourceProcedure &quot;procedure-ecmo-anon&quot; </p><p style="margin-bottom: 0px">Profile: <a href="http://hl7.org/fhir/us/ecr/STU2.1/StructureDefinition-eicr-procedure.html">eICR Procedure</a></p></div><p><b>identifier</b>: <a href="http://terminology.hl7.org/5.3.0/NamingSystem-uri.html" title="As defined by RFC 3986 (http://www.ietf.org/rfc/rfc3986.txt)(with many schemes defined in many RFCs). For OIDs and UUIDs, use the URN form (urn:oid:(note: lowercase) and urn:uuid:). See http://www.ietf.org/rfc/rfc3001.txt and http://www.ietf.org/rfc/rfc4122.txt 

This oid is used as an identifier II.root to indicate the the extension is an absolute URI (technically, an IRI). Typically, this is used for OIDs and GUIDs. Note that when this OID is used with OIDs and GUIDs, the II.extension should start with urn:oid or urn:uuid: 

Note that this OID is created to aid with interconversion between CDA and FHIR - FHIR uses urn:ietf:rfc:3986 as equivalent to this OID. URIs as identifiers appear more commonly in FHIR.

This OID may also be used in CD.codeSystem.">Uniform Resource Identifier (URI)</a>/urn:uuid:b2a737f2-2fdb-49c1-b097-dac173d07afd</p><p><b>status</b>: completed</p><p><b>code</b>: Extracorporeal membrane oxygenation (procedure) <span style="background: LightGoldenRodYellow; margin: 4px; border: 1px solid khaki"> (<a href="https://browser.ihtsdotools.org/">SNOMED CT</a>#233573008)</span></p><p><b>subject</b>: <a href="Patient-patient-anon.html">Patient/patient-anon</a> &quot;&quot;</p><p><b>performed</b>: 2020-11-01 12:55:26-0700 --&gt; 2020-11-01 13:25:26-0700</p><h3>FocalDevices</h3><table class="grid"><tr><td style="display: none">-</td><td><b>Manipulated</b></td></tr><tr><td style="display: none">*</td><td><a href="Device-device-ecmo-anon.html">Device/device-ecmo-anon</a></td></tr></table></div>
  </text>
  <identifier>
    <system value="urn:ietf:rfc:3986"/>
    <value value="urn:uuid:b2a737f2-2fdb-49c1-b097-dac173d07afd"/>
  </identifier>
  <status value="completed"/>
  <code>
    <coding>
      <system value="http://snomed.info/sct"/>
      <code value="233573008"/>
      <display value="Extracorporeal membrane oxygenation (procedure)"/>
    </coding>
    <text value="Extracorporeal membrane oxygenation (procedure)"/>
  </code>
  <subject>
    <reference value="Patient/patient-anon"/>
  </subject>
  <performedPeriod>
    <start value="2020-11-01T12:55:26-07:00"/>
    <end value="2020-11-01T13:25:26-07:00"/>
  </performedPeriod>
  <focalDevice>
    <manipulated>
      <reference value="Device/device-ecmo-anon"/>
    </manipulated>
  </focalDevice>
</Procedure>