<?xml version="1.0" encoding="UTF-8"?>

<RelatedPerson xmlns="http://hl7.org/fhir">
  <id value="relatedperson-anon"/>
  <meta>
    <profile value="http://fhir.org/fhir/us/anonymized-eicr/StructureDefinition/eicr-anon-relatedperson"/>
  </meta>
  <text>
    <extension url="http://hl7.org/fhir/StructureDefinition/data-absent-reason">
      <valueCode value="masked"/>
    </extension>
    <status value="empty"/><div xmlns="http://www.w3.org/1999/xhtml"><p>MASKED</p></div>
  </text>
  <identifier>
    <extension url="http://hl7.org/fhir/StructureDefinition/data-absent-reason">
      <valueCode value="masked"/>
    </extension>
  </identifier>
  <active value="true"/>
  <patient>
    <reference value="Patient/patient-anon"/>
  </patient>
  <relationship>
    <coding>
      <system value="http://terminology.hl7.org/CodeSystem/v3-RoleCode"/>
      <code value="GESTM"/>
      <display value="gestational mother"/>
    </coding>
    <text value="Gestational Mother"/>
  </relationship>
  <name>
    <extension url="http://hl7.org/fhir/StructureDefinition/data-absent-reason">
      <valueCode value="masked"/>
    </extension>
  </name>
  <telecom>
    <extension url="http://hl7.org/fhir/StructureDefinition/data-absent-reason">
      <valueCode value="masked"/>
    </extension>
  </telecom>
  <gender value="female"/>
  <birthDate>
    <extension url="http://hl7.org/fhir/StructureDefinition/data-absent-reason">
      <valueCode value="masked"/>
    </extension>
  </birthDate>
  <address>
    <extension url="http://hl7.org/fhir/StructureDefinition/data-absent-reason">
      <valueCode value="masked"/>
    </extension>
  </address>
</RelatedPerson>