<?xml version="1.0" encoding="UTF-8"?>

<RelatedPerson xmlns="http://hl7.org/fhir">
  <id value="relatedperson-anon"/>
  <meta>
    <profile value="http://fhir.org/fhir/us/anonymized-eicr/StructureDefinition/eicr-anon-relatedperson"/>
  </meta>
  <text>
    <status value="generated"/><div xmlns="http://www.w3.org/1999/xhtml"><p><b>Generated Narrative: RelatedPerson </b><a name="relatedperson-anon"> </a><a name="hcrelatedperson-anon"> </a></p><div style="display: inline-block; background-color: #d9e0e7; padding: 6px; margin: 4px; border: 1px solid #8da1b4; border-radius: 5px; line-height: 60%"><p style="margin-bottom: 0px">ResourceRelatedPerson &quot;relatedperson-anon&quot; </p><p style="margin-bottom: 0px">Profile: <a href="StructureDefinition-eicr-anon-relatedperson.html">eICR Anonymized RelatedPerson</a></p></div><p><b>identifier</b>: ?ngen-9?</p><p><b>active</b>: true</p><p><b>patient</b>: <a href="Patient-patient-anon.html">Patient/patient-anon</a> &quot;&quot;</p><p><b>relationship</b>: Gestational Mother <span style="background: LightGoldenRodYellow; margin: 4px; border: 1px solid khaki"> (<a href="http://terminology.hl7.org/5.5.0/CodeSystem-v3-RoleCode.html">RoleCode</a>#GESTM &quot;gestational mother&quot;)</span></p><p><b>name</b>: </p><p><b>telecom</b>: -unknown-</p><p><b>gender</b>: female</p><p><b>birthDate</b>: Absent because : <code>masked</code></p><p><b>address</b>: </p></div>
  </text>
  <identifier>
    <extension url="http://hl7.org/fhir/StructureDefinition/data-absent-reason">
      <valueCode value="masked"/>
    </extension>
  </identifier>
  <active value="true"/>
  <patient>
    <reference value="Patient/patient-anon"/>
  </patient>
  <relationship>
    <coding>
      <system value="http://terminology.hl7.org/CodeSystem/v3-RoleCode"/>
      <code value="GESTM"/>
      <display value="gestational mother"/>
    </coding>
    <text value="Gestational Mother"/>
  </relationship>
  <name>
    <extension url="http://hl7.org/fhir/StructureDefinition/data-absent-reason">
      <valueCode value="masked"/>
    </extension>
  </name>
  <telecom>
    <extension url="http://hl7.org/fhir/StructureDefinition/data-absent-reason">
      <valueCode value="masked"/>
    </extension>
  </telecom>
  <gender value="female"/>
  <birthDate>
    <extension url="http://hl7.org/fhir/StructureDefinition/data-absent-reason">
      <valueCode value="masked"/>
    </extension>
  </birthDate>
  <address>
    <extension url="http://hl7.org/fhir/StructureDefinition/data-absent-reason">
      <valueCode value="masked"/>
    </extension>
  </address>
</RelatedPerson>