{
  "codeSystems" : [
    {
      "url" : "http://cts.nlm.nih.gov/fhir/ValueSet/2.16.840.1.113883.11.20.9.21",
      "version" : "20180508",
      "status" : "active",
      "name" : "AgePQ_UCUM",
      "title" : "AgePQ_UCUM",
      "description" : null,
      "systems" : ["http://unitsofmeasure.org"],
      "oids" : ["2.16.840.1.113883.11.20.9.21"],
      "sources" : ["2.16.840.1.113883.11.20.9.21"],
      "uses" : {
      },
      "StructureDefinition-eicr-anon-caculated-age.html" : "eICR Anonymized Calculated Age"
    }
  ]
}
