{
  "codeSystems" : [
    {
      "url" : "http://cts.nlm.nih.gov/fhir/ValueSet/2.16.840.1.113762.1.4.1010.6",
      "version" : "20230715",
      "status" : "active",
      "name" : "CVXVaccinesAdministeredVaccineSet",
      "title" : "CVX Vaccines Administered Vaccine Set",
      "description" : null,
      "systems" : ["http://hl7.org/fhir/sid/cvx"],
      "oids" : ["2.16.840.1.113762.1.4.1010.6"],
      "sources" : ["2.16.840.1.113762.1.4.1010.6"],
      "uses" : {
      },
      "StructureDefinition-eicr-anon-immunization.html" : "eICR Anonymized Immunization"
    },
    {
      "url" : "http://cts.nlm.nih.gov/fhir/ValueSet/2.16.840.1.113883.11.20.9.21",
      "version" : "20180508",
      "status" : "active",
      "name" : "AgePQ_UCUM",
      "title" : "AgePQ_UCUM",
      "description" : null,
      "systems" : ["http://unitsofmeasure.org"],
      "oids" : ["2.16.840.1.113883.11.20.9.21"],
      "sources" : ["2.16.840.1.113883.11.20.9.21"],
      "uses" : {
      },
      "StructureDefinition-eicr-anon-caculated-age.html" : "eICR Anonymized Calculated Age"
    },
    {
      "url" : "http://cts.nlm.nih.gov/fhir/ValueSet/2.16.840.1.114222.4.11.1066",
      "version" : "C-CDA R2.1 2020-07-13",
      "status" : "active",
      "name" : "HealthcareProviderTaxonomy",
      "title" : "Healthcare Provider Taxonomy",
      "description" : "(Clinical Focus: Represent the \"type\" of health care provider individual or organization using the National Uniform Claims Committee (NUCC) code system),(Data Element Scope: The assignedEntity attribute),(Inclusion Criteria: All codes in the NUCC Provider Taxonomy code system),(Exclusion Criteria: None)",
      "systems" : ["urn:oid:2.16.840.1.113883.6.101"],
      "uses" : {
      },
      "StructureDefinition-eicr-anon-practitionerrole.html" : "eICR Anonymized PractitionerRole"
    },
    {
      "url" : "http://hl7.org/fhir/ValueSet/address-type",
      "version" : "4.0.1",
      "status" : "active",
      "name" : "AddressType",
      "title" : "AddressType",
      "description" : "The type of an address (physical / postal).",
      "systems" : ["http://hl7.org/fhir/address-type"],
      "oids" : ["2.16.840.1.113883.4.642.3.69"],
      "sources" : ["2.16.840.1.113883.4.642.3.69"],
      "uses" : {
      },
      "StructureDefinition-eicr-anon-organization.html" : "eICR Anonymized Organization",
      "StructureDefinition-eicr-anon-patient.html" : "eICR Anonymized Patient",
      "StructureDefinition-eicr-anon-practitioner.html" : "eICR Anonymized Practitioner",
      "StructureDefinition-eicr-anon-relatedperson.html" : "eICR Anonymized RelatedPerson"
    },
    {
      "url" : "http://hl7.org/fhir/ValueSet/address-use",
      "version" : "4.0.1",
      "status" : "active",
      "name" : "AddressUse",
      "title" : "AddressUse",
      "description" : "The use of an address.",
      "systems" : ["http://hl7.org/fhir/address-use"],
      "oids" : ["2.16.840.1.113883.4.642.3.67"],
      "sources" : ["2.16.840.1.113883.4.642.3.67"],
      "uses" : {
      },
      "StructureDefinition-eicr-anon-organization.html" : "eICR Anonymized Organization",
      "StructureDefinition-eicr-anon-patient.html" : "eICR Anonymized Patient",
      "StructureDefinition-eicr-anon-practitioner.html" : "eICR Anonymized Practitioner",
      "StructureDefinition-eicr-anon-relatedperson.html" : "eICR Anonymized RelatedPerson"
    },
    {
      "url" : "http://hl7.org/fhir/ValueSet/administrative-gender",
      "version" : "4.0.1",
      "status" : "active",
      "name" : "AdministrativeGender",
      "title" : "AdministrativeGender",
      "description" : "The gender of a person used for administrative purposes.",
      "systems" : ["http://hl7.org/fhir/administrative-gender"],
      "oids" : ["2.16.840.1.113883.4.642.3.1"],
      "sources" : ["2.16.840.1.113883.4.642.3.1"],
      "uses" : {
      },
      "StructureDefinition-eicr-anon-patient.html" : "eICR Anonymized Patient",
      "StructureDefinition-eicr-anon-practitioner.html" : "eICR Anonymized Practitioner",
      "StructureDefinition-eicr-anon-relatedperson.html" : "eICR Anonymized RelatedPerson"
    },
    {
      "url" : "http://hl7.org/fhir/ValueSet/body-site",
      "version" : "4.0.1",
      "status" : "draft",
      "name" : "SNOMEDCTBodyStructures",
      "title" : "SNOMED CT Body Structures",
      "description" : "This value set includes all codes from [SNOMED CT](http://snomed.info/sct) where concept is-a 442083009 (Anatomical or acquired body site (body structure)).",
      "systems" : ["http://snomed.info/sct"],
      "oids" : ["2.16.840.1.113883.4.642.3.141"],
      "sources" : ["2.16.840.1.113883.4.642.3.141"],
      "uses" : {
      },
      "StructureDefinition-eicr-anon-caculated-age.html" : "eICR Anonymized Calculated Age",
      "StructureDefinition-eicr-anon-past-or-present-job.html" : "eICR Anonymized Past or Present Job"
    },
    {
      "url" : "http://hl7.org/fhir/ValueSet/bundle-type",
      "version" : "4.0.1",
      "status" : "active",
      "name" : "BundleType",
      "title" : "BundleType",
      "description" : "Indicates the purpose of a bundle - how it is intended to be used.",
      "systems" : ["http://hl7.org/fhir/bundle-type"],
      "oids" : ["2.16.840.1.113883.4.642.3.620"],
      "sources" : ["2.16.840.1.113883.4.642.3.620"],
      "uses" : {
      },
      "StructureDefinition-eicr-anon-document-bundle.html" : "eICR Anonymized Document Bundle"
    },
    {
      "url" : "http://hl7.org/fhir/ValueSet/composition-attestation-mode",
      "version" : "4.0.1",
      "status" : "draft",
      "name" : "CompositionAttestationMode",
      "title" : "CompositionAttestationMode",
      "description" : "The way in which a person authenticated a composition.",
      "systems" : ["http://hl7.org/fhir/composition-attestation-mode"],
      "oids" : ["2.16.840.1.113883.4.642.3.238"],
      "sources" : ["2.16.840.1.113883.4.642.3.238"],
      "uses" : {
      },
      "StructureDefinition-eicr-anon-composition.html" : "eICR Anonymized Composition"
    },
    {
      "url" : "http://hl7.org/fhir/ValueSet/composition-status",
      "version" : "4.0.1",
      "status" : "draft",
      "name" : "CompositionStatus",
      "title" : "CompositionStatus",
      "description" : "The workflow/clinical status of the composition.",
      "systems" : ["http://hl7.org/fhir/composition-status"],
      "oids" : ["2.16.840.1.113883.4.642.3.241"],
      "sources" : ["2.16.840.1.113883.4.642.3.241"],
      "uses" : {
      },
      "StructureDefinition-eicr-anon-composition.html" : "eICR Anonymized Composition"
    },
    {
      "url" : "http://hl7.org/fhir/ValueSet/contact-point-system",
      "version" : "4.0.1",
      "status" : "active",
      "name" : "ContactPointSystem",
      "title" : "ContactPointSystem",
      "description" : "Telecommunications form for contact point.",
      "systems" : ["http://hl7.org/fhir/contact-point-system"],
      "oids" : ["2.16.840.1.113883.4.642.3.71"],
      "sources" : ["2.16.840.1.113883.4.642.3.71"],
      "uses" : {
      },
      "StructureDefinition-eicr-anon-organization.html" : "eICR Anonymized Organization",
      "StructureDefinition-eicr-anon-practitionerrole.html" : "eICR Anonymized PractitionerRole",
      "StructureDefinition-eicr-anon-patient.html" : "eICR Anonymized Patient",
      "StructureDefinition-eicr-anon-practitioner.html" : "eICR Anonymized Practitioner",
      "StructureDefinition-eicr-anon-relatedperson.html" : "eICR Anonymized RelatedPerson"
    },
    {
      "url" : "http://hl7.org/fhir/ValueSet/contact-point-use",
      "version" : "4.0.1",
      "status" : "active",
      "name" : "ContactPointUse",
      "title" : "ContactPointUse",
      "description" : "Use of contact point.",
      "systems" : ["http://hl7.org/fhir/contact-point-use"],
      "oids" : ["2.16.840.1.113883.4.642.3.73"],
      "sources" : ["2.16.840.1.113883.4.642.3.73"],
      "uses" : {
      },
      "StructureDefinition-eicr-anon-organization.html" : "eICR Anonymized Organization",
      "StructureDefinition-eicr-anon-practitionerrole.html" : "eICR Anonymized PractitionerRole",
      "StructureDefinition-eicr-anon-patient.html" : "eICR Anonymized Patient",
      "StructureDefinition-eicr-anon-practitioner.html" : "eICR Anonymized Practitioner",
      "StructureDefinition-eicr-anon-relatedperson.html" : "eICR Anonymized RelatedPerson"
    },
    {
      "url" : "http://hl7.org/fhir/ValueSet/contactentity-type",
      "version" : "4.0.1",
      "status" : "draft",
      "name" : "ContactEntityType",
      "title" : "Contact entity type",
      "description" : "This example value set defines a set of codes that can be used to indicate the purpose for which you would contact a contact party.",
      "systems" : ["http://terminology.hl7.org/CodeSystem/contactentity-type"],
      "oids" : ["2.16.840.1.113883.4.642.3.416"],
      "sources" : ["2.16.840.1.113883.4.642.3.416"],
      "uses" : {
      },
      "StructureDefinition-eicr-anon-organization.html" : "eICR Anonymized Organization"
    },
    {
      "url" : "http://hl7.org/fhir/ValueSet/data-absent-reason",
      "version" : "4.0.1",
      "status" : "active",
      "name" : "DataAbsentReason",
      "title" : "DataAbsentReason",
      "description" : "Used to specify why the normally expected content of the data element is missing.",
      "systems" : ["http://terminology.hl7.org/CodeSystem/data-absent-reason"],
      "oids" : ["2.16.840.1.113883.4.642.3.5"],
      "sources" : ["2.16.840.1.113883.4.642.3.5"],
      "uses" : {
      },
      "StructureDefinition-eicr-anon-organization.html" : "eICR Anonymized Organization",
      "StructureDefinition-eicr-anon-practitionerrole.html" : "eICR Anonymized PractitionerRole",
      "StructureDefinition-eicr-anon-caculated-age.html" : "eICR Anonymized Calculated Age",
      "StructureDefinition-eicr-anon-composition.html" : "eICR Anonymized Composition",
      "StructureDefinition-eicr-anon-immunization.html" : "eICR Anonymized Immunization",
      "StructureDefinition-eicr-anon-patient.html" : "eICR Anonymized Patient",
      "StructureDefinition-eicr-anon-past-or-present-job.html" : "eICR Anonymized Past or Present Job",
      "StructureDefinition-eicr-anon-practitioner.html" : "eICR Anonymized Practitioner",
      "StructureDefinition-eicr-anon-relatedperson.html" : "eICR Anonymized RelatedPerson",
      "StructureDefinition-eicr-anon-encounter.html" : "eICR Anonymized Encounter"
    },
    {
      "url" : "http://hl7.org/fhir/ValueSet/days-of-week",
      "version" : "4.0.1",
      "status" : "active",
      "name" : "DaysOfWeek",
      "title" : "DaysOfWeek",
      "description" : "The days of the week.",
      "systems" : ["http://hl7.org/fhir/days-of-week"],
      "oids" : ["2.16.840.1.113883.4.642.3.512"],
      "sources" : ["2.16.840.1.113883.4.642.3.512"],
      "uses" : {
      },
      "StructureDefinition-eicr-anon-practitionerrole.html" : "eICR Anonymized PractitionerRole"
    },
    {
      "url" : "http://hl7.org/fhir/ValueSet/diagnosis-role",
      "version" : "4.0.1",
      "status" : "draft",
      "name" : "DiagnosisRole",
      "title" : "DiagnosisRole",
      "description" : "This value set defines a set of codes that can be used to express the role of a diagnosis on the Encounter or EpisodeOfCare record.",
      "systems" : ["http://terminology.hl7.org/CodeSystem/diagnosis-role"],
      "oids" : ["2.16.840.1.113883.4.642.3.49"],
      "sources" : ["2.16.840.1.113883.4.642.3.49"],
      "uses" : {
      },
      "StructureDefinition-eicr-anon-encounter.html" : "eICR Anonymized Encounter"
    },
    {
      "url" : "http://hl7.org/fhir/ValueSet/doc-section-codes",
      "version" : "4.0.1",
      "status" : "draft",
      "name" : "DocumentSectionCodes",
      "title" : "Document Section Codes",
      "description" : "Document section codes (LOINC codes used in CCDA sections).",
      "systems" : ["http://loinc.org"],
      "oids" : ["2.16.840.1.113883.4.642.3.237"],
      "sources" : ["2.16.840.1.113883.4.642.3.237"],
      "uses" : {
      },
      "StructureDefinition-eicr-anon-composition.html" : "eICR Anonymized Composition"
    },
    {
      "url" : "http://hl7.org/fhir/ValueSet/doc-typecodes",
      "version" : "4.0.1",
      "status" : "draft",
      "name" : "FHIRDocumentTypeCodes",
      "title" : "FHIR Document Type Codes",
      "description" : "FHIR Document Codes - all LOINC codes where scale type = 'DOC'.",
      "systems" : ["http://loinc.org"],
      "oids" : ["2.16.840.1.113883.4.642.3.240"],
      "sources" : ["2.16.840.1.113883.4.642.3.240"],
      "uses" : {
      },
      "StructureDefinition-eicr-anon-composition.html" : "eICR Anonymized Composition"
    },
    {
      "url" : "http://hl7.org/fhir/ValueSet/document-classcodes",
      "version" : "4.0.1",
      "status" : "active",
      "name" : "DocumentClassValueSet",
      "title" : "Document Class Value Set",
      "description" : "This is the code specifying the high-level kind of document (e.g. Prescription, Discharge Summary, Report, etc.). Note: Class code for documents comes from LOINC, and is based upon one of the following:The type of service described by the document. It is described at a very high level in Section 7.3 of the LOINC Manual. The type study performed. It was determined by identifying modalities for study reports. The section of the chart where the document is placed. It was determined from the SETs created for Claims Attachment requests.",
      "systems" : ["http://loinc.org"],
      "oids" : ["2.16.840.1.113883.3.88.12.80.46"],
      "sources" : ["2.16.840.1.113883.3.88.12.80.46"],
      "uses" : {
      },
      "StructureDefinition-eicr-anon-composition.html" : "eICR Anonymized Composition"
    },
    {
      "url" : "http://hl7.org/fhir/ValueSet/document-relationship-type",
      "version" : "4.0.1",
      "status" : "draft",
      "name" : "DocumentRelationshipType",
      "title" : "DocumentRelationshipType",
      "description" : "The type of relationship between documents.",
      "systems" : ["http://hl7.org/fhir/document-relationship-type"],
      "oids" : ["2.16.840.1.113883.4.642.3.244"],
      "sources" : ["2.16.840.1.113883.4.642.3.244"],
      "uses" : {
      },
      "StructureDefinition-eicr-anon-composition.html" : "eICR Anonymized Composition"
    },
    {
      "url" : "http://hl7.org/fhir/ValueSet/encounter-admit-source",
      "version" : "4.0.1",
      "status" : "draft",
      "name" : "AdmitSource",
      "title" : "Admit source",
      "description" : "This value set defines a set of codes that can be used to indicate from where the patient came in.",
      "systems" : ["http://terminology.hl7.org/CodeSystem/admit-source"],
      "oids" : ["2.16.840.1.113883.4.642.3.257"],
      "sources" : ["2.16.840.1.113883.4.642.3.257"],
      "uses" : {
      },
      "StructureDefinition-eicr-anon-encounter.html" : "eICR Anonymized Encounter"
    },
    {
      "url" : "http://hl7.org/fhir/ValueSet/encounter-diet",
      "version" : "4.0.1",
      "status" : "draft",
      "name" : "Diet",
      "title" : "Diet",
      "description" : "This value set defines a set of codes that can be used to indicate dietary preferences or restrictions a patient may have.",
      "systems" : ["http://terminology.hl7.org/CodeSystem/diet"],
      "oids" : ["2.16.840.1.113883.4.642.3.255"],
      "sources" : ["2.16.840.1.113883.4.642.3.255"],
      "uses" : {
      },
      "StructureDefinition-eicr-anon-encounter.html" : "eICR Anonymized Encounter"
    },
    {
      "url" : "http://hl7.org/fhir/ValueSet/encounter-discharge-disposition",
      "version" : "4.0.1",
      "status" : "draft",
      "name" : "DischargeDisposition",
      "title" : "Discharge disposition",
      "description" : "This value set defines a set of codes that can be used to where the patient left the hospital.",
      "systems" : [
        "http://terminology.hl7.org/CodeSystem/discharge-disposition"
      ],
      "oids" : ["2.16.840.1.113883.4.642.3.259"],
      "sources" : ["2.16.840.1.113883.4.642.3.259"],
      "uses" : {
      },
      "StructureDefinition-eicr-anon-encounter.html" : "eICR Anonymized Encounter"
    },
    {
      "url" : "http://hl7.org/fhir/ValueSet/encounter-location-status",
      "version" : "4.0.1",
      "status" : "draft",
      "name" : "EncounterLocationStatus",
      "title" : "EncounterLocationStatus",
      "description" : "The status of the location.",
      "systems" : ["http://hl7.org/fhir/encounter-location-status"],
      "oids" : ["2.16.840.1.113883.4.642.3.262"],
      "sources" : ["2.16.840.1.113883.4.642.3.262"],
      "uses" : {
      },
      "StructureDefinition-eicr-anon-encounter.html" : "eICR Anonymized Encounter"
    },
    {
      "url" : "http://hl7.org/fhir/ValueSet/encounter-participant-type",
      "version" : "4.0.1",
      "status" : "draft",
      "name" : "ParticipantType",
      "title" : "Participant type",
      "description" : "This value set defines a set of codes that can be used to indicate how an individual participates in an encounter.",
      "systems" : [
        "http://terminology.hl7.org/CodeSystem/participant-type",
        "http://terminology.hl7.org/CodeSystem/v3-ParticipationType"
      ],
      "oids" : ["2.16.840.1.113883.4.642.3.250"],
      "sources" : ["2.16.840.1.113883.4.642.3.250"],
      "uses" : {
      },
      "StructureDefinition-eicr-anon-encounter.html" : "eICR Anonymized Encounter"
    },
    {
      "url" : "http://hl7.org/fhir/ValueSet/encounter-reason",
      "version" : "4.0.1",
      "status" : "draft",
      "name" : "EncounterReasonCodes",
      "title" : "Encounter Reason Codes",
      "description" : "This examples value set defines the set of codes that can be used to indicate reasons for an encounter.",
      "systems" : ["http://snomed.info/sct"],
      "oids" : ["2.16.840.1.113883.4.642.3.261"],
      "sources" : ["2.16.840.1.113883.4.642.3.261"],
      "uses" : {
      },
      "StructureDefinition-eicr-anon-encounter.html" : "eICR Anonymized Encounter"
    },
    {
      "url" : "http://hl7.org/fhir/ValueSet/encounter-special-arrangements",
      "version" : "4.0.1",
      "status" : "draft",
      "name" : "SpecialArrangements",
      "title" : "Special arrangements",
      "description" : "This value set defines a set of codes that can be used to indicate the kinds of special arrangements in place for a patients visit.",
      "systems" : [
        "http://terminology.hl7.org/CodeSystem/encounter-special-arrangements"
      ],
      "oids" : ["2.16.840.1.113883.4.642.3.253"],
      "sources" : ["2.16.840.1.113883.4.642.3.253"],
      "uses" : {
      },
      "StructureDefinition-eicr-anon-encounter.html" : "eICR Anonymized Encounter"
    },
    {
      "url" : "http://hl7.org/fhir/ValueSet/encounter-special-courtesy",
      "version" : "4.0.1",
      "status" : "draft",
      "name" : "SpecialCourtesy",
      "title" : "Special courtesy",
      "description" : "This value set defines a set of codes that can be used to indicate special courtesies provided to the patient.",
      "systems" : [
        "http://terminology.hl7.org/CodeSystem/v3-EncounterSpecialCourtesy",
        "http://terminology.hl7.org/CodeSystem/v3-NullFlavor"
      ],
      "oids" : ["2.16.840.1.113883.4.642.3.252"],
      "sources" : ["2.16.840.1.113883.4.642.3.252"],
      "uses" : {
      },
      "StructureDefinition-eicr-anon-encounter.html" : "eICR Anonymized Encounter"
    },
    {
      "url" : "http://hl7.org/fhir/ValueSet/encounter-status",
      "version" : "4.0.1",
      "status" : "draft",
      "name" : "EncounterStatus",
      "title" : "EncounterStatus",
      "description" : "Current state of the encounter.",
      "systems" : ["http://hl7.org/fhir/encounter-status"],
      "oids" : ["2.16.840.1.113883.4.642.3.246"],
      "sources" : ["2.16.840.1.113883.4.642.3.246"],
      "uses" : {
      },
      "StructureDefinition-eicr-anon-encounter.html" : "eICR Anonymized Encounter"
    },
    {
      "url" : "http://hl7.org/fhir/ValueSet/http-verb",
      "version" : "4.0.1",
      "status" : "active",
      "name" : "HTTPVerb",
      "title" : "HTTPVerb",
      "description" : "HTTP verbs (in the HTTP command line). See [HTTP rfc](https://tools.ietf.org/html/rfc7231) for details.",
      "systems" : ["http://hl7.org/fhir/http-verb"],
      "oids" : ["2.16.840.1.113883.4.642.3.624"],
      "sources" : ["2.16.840.1.113883.4.642.3.624"],
      "uses" : {
      },
      "StructureDefinition-eicr-anon-document-bundle.html" : "eICR Anonymized Document Bundle"
    },
    {
      "url" : "http://hl7.org/fhir/ValueSet/identifier-type",
      "version" : "4.0.1",
      "status" : "active",
      "name" : "Identifier Type Codes",
      "title" : "IdentifierType",
      "description" : "A coded type for an identifier that can be used to determine which identifier to use for a specific purpose.",
      "systems" : ["http://terminology.hl7.org/CodeSystem/v2-0203"],
      "oids" : ["2.16.840.1.113883.4.642.3.45"],
      "sources" : ["2.16.840.1.113883.4.642.3.45"],
      "uses" : {
      },
      "StructureDefinition-eicr-anon-organization.html" : "eICR Anonymized Organization",
      "StructureDefinition-eicr-anon-patient.html" : "eICR Anonymized Patient",
      "StructureDefinition-eicr-anon-practitioner.html" : "eICR Anonymized Practitioner",
      "StructureDefinition-eicr-anon-relatedperson.html" : "eICR Anonymized RelatedPerson",
      "StructureDefinition-eicr-anon-encounter.html" : "eICR Anonymized Encounter"
    },
    {
      "url" : "http://hl7.org/fhir/ValueSet/identifier-use",
      "version" : "4.0.1",
      "status" : "active",
      "name" : "IdentifierUse",
      "title" : "IdentifierUse",
      "description" : "Identifies the purpose for this identifier, if known .",
      "systems" : ["http://hl7.org/fhir/identifier-use"],
      "oids" : ["2.16.840.1.113883.4.642.3.57"],
      "sources" : ["2.16.840.1.113883.4.642.3.57"],
      "uses" : {
      },
      "StructureDefinition-eicr-anon-organization.html" : "eICR Anonymized Organization",
      "StructureDefinition-eicr-anon-patient.html" : "eICR Anonymized Patient",
      "StructureDefinition-eicr-anon-practitioner.html" : "eICR Anonymized Practitioner",
      "StructureDefinition-eicr-anon-relatedperson.html" : "eICR Anonymized RelatedPerson",
      "StructureDefinition-eicr-anon-encounter.html" : "eICR Anonymized Encounter"
    },
    {
      "url" : "http://hl7.org/fhir/ValueSet/immunization-function",
      "version" : "4.0.1",
      "status" : "draft",
      "name" : "ImmunizationFunctionCodes",
      "title" : "Immunization Function Codes",
      "description" : "The value set to instantiate this attribute should be drawn from a terminologically robust code system that consists of or contains concepts to support describing the function a practitioner or organization may play in the immunization event. This value set is provided as a suggestive example.",
      "systems" : ["http://terminology.hl7.org/CodeSystem/v2-0443"],
      "oids" : ["2.16.840.1.113883.4.642.3.995"],
      "sources" : ["2.16.840.1.113883.4.642.3.995"],
      "uses" : {
      },
      "StructureDefinition-eicr-anon-immunization.html" : "eICR Anonymized Immunization"
    },
    {
      "url" : "http://hl7.org/fhir/ValueSet/immunization-funding-source",
      "version" : "4.0.1",
      "status" : "draft",
      "name" : "ImmunizationFundingSource",
      "title" : "Immunization Funding Source",
      "description" : "The value set to instantiate this attribute should be drawn from a terminologically robust code system that consists of or contains concepts to support describing the source of the vaccine administered. This value set is provided as a suggestive example.",
      "systems" : [
        "http://terminology.hl7.org/CodeSystem/immunization-funding-source"
      ],
      "oids" : ["2.16.840.1.113883.4.642.3.293"],
      "sources" : ["2.16.840.1.113883.4.642.3.293"],
      "uses" : {
      },
      "StructureDefinition-eicr-anon-immunization.html" : "eICR Anonymized Immunization"
    },
    {
      "url" : "http://hl7.org/fhir/ValueSet/immunization-origin",
      "version" : "4.0.1",
      "status" : "draft",
      "name" : "ImmunizationOriginCodes",
      "title" : "Immunization Origin Codes",
      "description" : "The value set to instantiate this attribute should be drawn from a terminologically robust code system that consists of or contains concepts to support describing the source of the data when the report of the immunization event is not based on information from the person, entity or organization who administered the vaccine. This value set is provided as a suggestive example.",
      "systems" : ["http://terminology.hl7.org/CodeSystem/immunization-origin"],
      "oids" : ["2.16.840.1.113883.4.642.3.296"],
      "sources" : ["2.16.840.1.113883.4.642.3.296"],
      "uses" : {
      },
      "StructureDefinition-eicr-anon-immunization.html" : "eICR Anonymized Immunization"
    },
    {
      "url" : "http://hl7.org/fhir/ValueSet/immunization-program-eligibility",
      "version" : "4.0.1",
      "status" : "draft",
      "name" : "ImmunizationProgramEligibility",
      "title" : "Immunization Program Eligibility",
      "description" : "The value set to instantiate this attribute should be drawn from a terminologically robust code system that consists of or contains concepts to support describing the patient's eligibility for a vaccination program. This value set is provided as a suggestive example.",
      "systems" : [
        "http://terminology.hl7.org/CodeSystem/immunization-program-eligibility"
      ],
      "oids" : ["2.16.840.1.113883.4.642.3.291"],
      "sources" : ["2.16.840.1.113883.4.642.3.291"],
      "uses" : {
      },
      "StructureDefinition-eicr-anon-immunization.html" : "eICR Anonymized Immunization"
    },
    {
      "url" : "http://hl7.org/fhir/ValueSet/immunization-reason",
      "version" : "4.0.1",
      "status" : "draft",
      "name" : "ImmunizationReasonCodes",
      "title" : "Immunization Reason Codes",
      "description" : "The value set to instantiate this attribute should be drawn from a terminologically robust code system that consists of or contains concepts to support describing the reason why a dose of vaccine was administered. This value set is provided as a suggestive example.",
      "systems" : ["http://snomed.info/sct"],
      "oids" : ["2.16.840.1.113883.4.642.3.290"],
      "sources" : ["2.16.840.1.113883.4.642.3.290"],
      "uses" : {
      },
      "StructureDefinition-eicr-anon-immunization.html" : "eICR Anonymized Immunization"
    },
    {
      "url" : "http://hl7.org/fhir/ValueSet/immunization-route",
      "version" : "4.0.1",
      "status" : "draft",
      "name" : "ImmunizationRouteCodes",
      "title" : "Immunization Route Codes",
      "description" : "The value set to instantiate this attribute should be drawn from a terminologically robust code system that consists of or contains concepts to support describing the administrative routes used during vaccination. This value set is provided as a suggestive example.",
      "systems" : [
        "http://terminology.hl7.org/CodeSystem/v3-RouteOfAdministration"
      ],
      "oids" : ["2.16.840.1.113883.4.642.3.289"],
      "sources" : ["2.16.840.1.113883.4.642.3.289"],
      "uses" : {
      },
      "StructureDefinition-eicr-anon-immunization.html" : "eICR Anonymized Immunization"
    },
    {
      "url" : "http://hl7.org/fhir/ValueSet/immunization-site",
      "version" : "4.0.1",
      "status" : "draft",
      "name" : "CodesForImmunizationSiteOfAdministration",
      "title" : "Codes for Immunization Site of Administration",
      "description" : "The value set to instantiate this attribute should be drawn from a terminologically robust code system that consists of or contains concepts to support describing the body site where the vaccination occurred. This value set is provided as a suggestive example.",
      "systems" : ["http://terminology.hl7.org/CodeSystem/v3-ActSite"],
      "oids" : ["2.16.840.1.113883.4.642.3.288"],
      "sources" : ["2.16.840.1.113883.4.642.3.288"],
      "uses" : {
      },
      "StructureDefinition-eicr-anon-immunization.html" : "eICR Anonymized Immunization"
    },
    {
      "url" : "http://hl7.org/fhir/ValueSet/immunization-status",
      "version" : "4.0.1",
      "status" : "draft",
      "name" : "ImmunizationStatusCodes",
      "title" : "Immunization Status Codes",
      "description" : "The value set to instantiate this attribute should be drawn from a terminologically robust code system that consists of or contains concepts to support describing the current status of the administered dose of vaccine.",
      "systems" : ["http://hl7.org/fhir/event-status"],
      "oids" : ["2.16.840.1.113883.4.642.3.295"],
      "sources" : ["2.16.840.1.113883.4.642.3.295"],
      "uses" : {
      },
      "StructureDefinition-eicr-anon-immunization.html" : "eICR Anonymized Immunization"
    },
    {
      "url" : "http://hl7.org/fhir/ValueSet/immunization-status-reason",
      "version" : "4.0.1",
      "status" : "draft",
      "name" : "ImmunizationStatusReasonCodes",
      "title" : "Immunization Status Reason Codes",
      "description" : "The value set to instantiate this attribute should be drawn from a terminologically robust code system that consists of or contains concepts to support describing the reason why a dose of vaccine was not administered. This value set is provided as a suggestive example.",
      "systems" : [
        "http://terminology.hl7.org/CodeSystem/v3-ActReason",
        "http://snomed.info/sct"
      ],
      "oids" : ["2.16.840.1.113883.4.642.3.992"],
      "sources" : ["2.16.840.1.113883.4.642.3.992"],
      "uses" : {
      },
      "StructureDefinition-eicr-anon-immunization.html" : "eICR Anonymized Immunization"
    },
    {
      "url" : "http://hl7.org/fhir/ValueSet/immunization-subpotent-reason",
      "version" : "4.0.1",
      "status" : "draft",
      "name" : "ImmunizationSubpotentReason",
      "title" : "Immunization Subpotent Reason",
      "description" : "The value set to instantiate this attribute should be drawn from a terminologically robust code system that consists of or contains concepts to support describing the reason why a dose is considered to be subpotent. This value set is provided as a suggestive example.",
      "systems" : [
        "http://terminology.hl7.org/CodeSystem/immunization-subpotent-reason"
      ],
      "oids" : ["2.16.840.1.113883.4.642.3.993"],
      "sources" : ["2.16.840.1.113883.4.642.3.993"],
      "uses" : {
      },
      "StructureDefinition-eicr-anon-immunization.html" : "eICR Anonymized Immunization"
    },
    {
      "url" : "http://hl7.org/fhir/ValueSet/immunization-target-disease",
      "version" : "4.0.1",
      "status" : "draft",
      "name" : "ImmunizationTargetDiseaseCodes",
      "title" : "Immunization Target Disease Codes",
      "description" : "The value set to instantiate this attribute should be drawn from a terminologically robust code system that consists of or contains concepts to support describing the disease that the dose is being administered against. This value set is provided as a suggestive example and includes the SNOMED CT concepts from the 64572001 (Disease) hierarchy.",
      "systems" : ["http://snomed.info/sct"],
      "oids" : ["2.16.840.1.113883.4.642.3.1047"],
      "sources" : ["2.16.840.1.113883.4.642.3.1047"],
      "uses" : {
      },
      "StructureDefinition-eicr-anon-immunization.html" : "eICR Anonymized Immunization"
    },
    {
      "url" : "http://hl7.org/fhir/ValueSet/languages",
      "version" : "4.0.1",
      "status" : "draft",
      "name" : "CommonLanguages",
      "title" : "Common Languages",
      "description" : "This value set includes common codes from BCP-47 (http://tools.ietf.org/html/bcp47)",
      "systems" : ["urn:ietf:bcp:47"],
      "oids" : ["2.16.840.1.113883.4.642.3.20"],
      "sources" : ["2.16.840.1.113883.4.642.3.20"],
      "uses" : {
      },
      "StructureDefinition-eicr-anon-organization.html" : "eICR Anonymized Organization",
      "StructureDefinition-eicr-anon-practitionerrole.html" : "eICR Anonymized PractitionerRole",
      "StructureDefinition-eicr-anon-caculated-age.html" : "eICR Anonymized Calculated Age",
      "StructureDefinition-eicr-anon-composition.html" : "eICR Anonymized Composition",
      "StructureDefinition-eicr-anon-immunization.html" : "eICR Anonymized Immunization",
      "StructureDefinition-eicr-anon-patient.html" : "eICR Anonymized Patient",
      "StructureDefinition-eicr-anon-past-or-present-job.html" : "eICR Anonymized Past or Present Job",
      "StructureDefinition-eicr-anon-practitioner.html" : "eICR Anonymized Practitioner",
      "StructureDefinition-eicr-anon-relatedperson.html" : "eICR Anonymized RelatedPerson",
      "StructureDefinition-eicr-anon-document-bundle.html" : "eICR Anonymized Document Bundle",
      "StructureDefinition-eicr-anon-encounter.html" : "eICR Anonymized Encounter"
    },
    {
      "url" : "http://hl7.org/fhir/ValueSet/link-type",
      "version" : "4.0.1",
      "status" : "active",
      "name" : "LinkType",
      "title" : "LinkType",
      "description" : "The type of link between this patient resource and another patient resource.",
      "systems" : ["http://hl7.org/fhir/link-type"],
      "oids" : ["2.16.840.1.113883.4.642.3.423"],
      "sources" : ["2.16.840.1.113883.4.642.3.423"],
      "uses" : {
      },
      "StructureDefinition-eicr-anon-patient.html" : "eICR Anonymized Patient"
    },
    {
      "url" : "http://hl7.org/fhir/ValueSet/list-empty-reason",
      "version" : "4.0.1",
      "status" : "draft",
      "name" : "ListEmptyReasons",
      "title" : "List Empty Reasons",
      "description" : "General reasons for a list to be empty. Reasons are either related to a summary list (i.e. problem or medication list) or to a workflow related list (i.e. consultation list).",
      "systems" : ["http://terminology.hl7.org/CodeSystem/list-empty-reason"],
      "oids" : ["2.16.840.1.113883.4.642.3.322"],
      "sources" : ["2.16.840.1.113883.4.642.3.322"],
      "uses" : {
      },
      "StructureDefinition-eicr-anon-composition.html" : "eICR Anonymized Composition"
    },
    {
      "url" : "http://hl7.org/fhir/ValueSet/list-mode",
      "version" : "4.0.1",
      "status" : "draft",
      "name" : "ListMode",
      "title" : "ListMode",
      "description" : "The processing mode that applies to this list.",
      "systems" : ["http://hl7.org/fhir/list-mode"],
      "oids" : ["2.16.840.1.113883.4.642.3.318"],
      "sources" : ["2.16.840.1.113883.4.642.3.318"],
      "uses" : {
      },
      "StructureDefinition-eicr-anon-composition.html" : "eICR Anonymized Composition"
    },
    {
      "url" : "http://hl7.org/fhir/ValueSet/list-order",
      "version" : "4.0.1",
      "status" : "draft",
      "name" : "ListOrderCodes",
      "title" : "List Order Codes",
      "description" : "Base values for the order of the items in a list resource.",
      "systems" : ["http://terminology.hl7.org/CodeSystem/list-order"],
      "oids" : ["2.16.840.1.113883.4.642.3.324"],
      "sources" : ["2.16.840.1.113883.4.642.3.324"],
      "uses" : {
      },
      "StructureDefinition-eicr-anon-composition.html" : "eICR Anonymized Composition"
    },
    {
      "url" : "http://hl7.org/fhir/ValueSet/location-physical-type",
      "version" : "4.0.1",
      "status" : "draft",
      "name" : "LocationType",
      "title" : "Location type",
      "description" : "This example value set defines a set of codes that can be used to indicate the physical form of the Location.",
      "systems" : [
        "http://terminology.hl7.org/CodeSystem/location-physical-type"
      ],
      "oids" : ["2.16.840.1.113883.4.642.3.328"],
      "sources" : ["2.16.840.1.113883.4.642.3.328"],
      "uses" : {
      },
      "StructureDefinition-eicr-anon-encounter.html" : "eICR Anonymized Encounter"
    },
    {
      "url" : "http://hl7.org/fhir/ValueSet/marital-status",
      "version" : "4.0.1",
      "status" : "active",
      "name" : "Marital Status Codes",
      "title" : "MaritalStatus",
      "description" : "This value set defines the set of codes that can be used to indicate the marital status of a person.",
      "systems" : [
        "http://terminology.hl7.org/CodeSystem/v3-MaritalStatus",
        "http://terminology.hl7.org/CodeSystem/v3-NullFlavor"
      ],
      "oids" : ["2.16.840.1.113883.4.642.3.29"],
      "sources" : ["2.16.840.1.113883.4.642.3.29"],
      "uses" : {
      },
      "StructureDefinition-eicr-anon-patient.html" : "eICR Anonymized Patient"
    },
    {
      "url" : "http://hl7.org/fhir/ValueSet/name-use",
      "version" : "4.0.1",
      "status" : "active",
      "name" : "NameUse",
      "title" : "NameUse",
      "description" : "The use of a human name.",
      "systems" : ["http://hl7.org/fhir/name-use"],
      "oids" : ["2.16.840.1.113883.4.642.3.65"],
      "sources" : ["2.16.840.1.113883.4.642.3.65"],
      "uses" : {
      },
      "StructureDefinition-eicr-anon-patient.html" : "eICR Anonymized Patient",
      "StructureDefinition-eicr-anon-practitioner.html" : "eICR Anonymized Practitioner",
      "StructureDefinition-eicr-anon-relatedperson.html" : "eICR Anonymized RelatedPerson"
    },
    {
      "url" : "http://hl7.org/fhir/ValueSet/narrative-status",
      "version" : "4.0.1",
      "status" : "draft",
      "name" : "NarrativeStatus",
      "title" : "NarrativeStatus",
      "description" : "The status of a resource narrative.",
      "systems" : ["http://hl7.org/fhir/narrative-status"],
      "oids" : ["2.16.840.1.113883.4.642.3.55"],
      "sources" : ["2.16.840.1.113883.4.642.3.55"],
      "uses" : {
      },
      "StructureDefinition-eicr-anon-organization.html" : "eICR Anonymized Organization",
      "StructureDefinition-eicr-anon-practitionerrole.html" : "eICR Anonymized PractitionerRole",
      "StructureDefinition-eicr-anon-caculated-age.html" : "eICR Anonymized Calculated Age",
      "StructureDefinition-eicr-anon-composition.html" : "eICR Anonymized Composition",
      "StructureDefinition-eicr-anon-immunization.html" : "eICR Anonymized Immunization",
      "StructureDefinition-eicr-anon-patient.html" : "eICR Anonymized Patient",
      "StructureDefinition-eicr-anon-past-or-present-job.html" : "eICR Anonymized Past or Present Job",
      "StructureDefinition-eicr-anon-practitioner.html" : "eICR Anonymized Practitioner",
      "StructureDefinition-eicr-anon-relatedperson.html" : "eICR Anonymized RelatedPerson",
      "StructureDefinition-eicr-anon-encounter.html" : "eICR Anonymized Encounter"
    },
    {
      "url" : "http://hl7.org/fhir/ValueSet/observation-category",
      "version" : "4.0.1",
      "status" : "draft",
      "name" : "ObservationCategoryCodes",
      "title" : "Observation Category Codes",
      "description" : "Observation Category codes.",
      "systems" : ["http://terminology.hl7.org/CodeSystem/observation-category"],
      "oids" : ["2.16.840.1.113883.4.642.3.403"],
      "sources" : ["2.16.840.1.113883.4.642.3.403"],
      "uses" : {
      },
      "StructureDefinition-eicr-anon-caculated-age.html" : "eICR Anonymized Calculated Age",
      "StructureDefinition-eicr-anon-past-or-present-job.html" : "eICR Anonymized Past or Present Job"
    },
    {
      "url" : "http://hl7.org/fhir/ValueSet/observation-codes",
      "version" : "4.0.1",
      "status" : "draft",
      "name" : "LOINCCodes",
      "title" : "LOINC Codes",
      "description" : "This value set includes all LOINC codes",
      "systems" : ["http://loinc.org"],
      "oids" : ["2.16.840.1.113883.4.642.3.396"],
      "sources" : ["2.16.840.1.113883.4.642.3.396"],
      "uses" : {
      },
      "StructureDefinition-eicr-anon-caculated-age.html" : "eICR Anonymized Calculated Age",
      "StructureDefinition-eicr-anon-past-or-present-job.html" : "eICR Anonymized Past or Present Job"
    },
    {
      "url" : "http://hl7.org/fhir/ValueSet/observation-interpretation",
      "version" : "4.0.1",
      "status" : "active",
      "name" : "ObservationInterpretationCodes",
      "title" : "Observation Interpretation Codes",
      "description" : "A categorical assessment, providing a rough qualitative interpretation of the observation value,    such as “normal”/ “abnormal”,”low” / “high”, “better” / “worse”, “susceptible” / “resistant”, “expected”/ “not expected”.    The value set is intended to be for ANY use where coded representation of an interpretation is needed.   \r\n   \r\n   Notes:\r\n   \r\n   This is being communicated in v2.x in OBX-8 (Observation Interpretation), in v3 in ObservationInterpretation (CWE) in R1 (Representative Realm) and in FHIR in    Observation.interpretation. Historically these values come from the laboratory domain, and these codes are extensively    used. The value set binding is extensible, so codes outside the value set that are needed for interpretation concepts    (i.e. particular meanings) that are not included in the value set can be used, and these new codes may also be added to    the value set and published in a future version.",
      "systems" : [
        "http://terminology.hl7.org/CodeSystem/v3-ObservationInterpretation"
      ],
      "oids" : ["2.16.840.1.113883.4.642.3.399"],
      "sources" : ["2.16.840.1.113883.4.642.3.399"],
      "uses" : {
      },
      "StructureDefinition-eicr-anon-caculated-age.html" : "eICR Anonymized Calculated Age",
      "StructureDefinition-eicr-anon-past-or-present-job.html" : "eICR Anonymized Past or Present Job"
    },
    {
      "url" : "http://hl7.org/fhir/ValueSet/observation-methods",
      "version" : "4.0.1",
      "status" : "draft",
      "name" : "ObservationMethods",
      "title" : "Observation Methods",
      "description" : "Observation Method codes from [SNOMED CT](http://snomed.info/sct) where concept is-a 272394005 (Technique (qualifier value)) or is-a 129264002 (Action (qualifier value)) or is-a 386053000 (Evaluation procedure(procedure))",
      "systems" : ["http://snomed.info/sct"],
      "oids" : ["2.16.840.1.113883.4.642.3.395"],
      "sources" : ["2.16.840.1.113883.4.642.3.395"],
      "uses" : {
      },
      "StructureDefinition-eicr-anon-caculated-age.html" : "eICR Anonymized Calculated Age",
      "StructureDefinition-eicr-anon-past-or-present-job.html" : "eICR Anonymized Past or Present Job"
    },
    {
      "url" : "http://hl7.org/fhir/ValueSet/observation-status",
      "version" : "4.0.1",
      "status" : "active",
      "name" : "ObservationStatus",
      "title" : "ObservationStatus",
      "description" : "Codes providing the status of an observation.",
      "systems" : ["http://hl7.org/fhir/observation-status"],
      "oids" : ["2.16.840.1.113883.4.642.3.400"],
      "sources" : ["2.16.840.1.113883.4.642.3.400"],
      "uses" : {
      },
      "StructureDefinition-eicr-anon-caculated-age.html" : "eICR Anonymized Calculated Age",
      "StructureDefinition-eicr-anon-past-or-present-job.html" : "eICR Anonymized Past or Present Job"
    },
    {
      "url" : "http://hl7.org/fhir/ValueSet/organization-type",
      "version" : "4.0.1",
      "status" : "draft",
      "name" : "OrganizationType",
      "title" : "Organization type",
      "description" : "This example value set defines a set of codes that can be used to indicate a type of organization.",
      "systems" : ["http://terminology.hl7.org/CodeSystem/organization-type"],
      "oids" : ["2.16.840.1.113883.4.642.3.414"],
      "sources" : ["2.16.840.1.113883.4.642.3.414"],
      "uses" : {
      },
      "StructureDefinition-eicr-anon-organization.html" : "eICR Anonymized Organization"
    },
    {
      "url" : "http://hl7.org/fhir/ValueSet/patient-contactrelationship",
      "version" : "4.0.1",
      "status" : "active",
      "name" : "PatientContactRelationship",
      "title" : "Patient Contact Relationship ",
      "description" : "The nature of the relationship between the patient and the contact person.",
      "systems" : ["http://terminology.hl7.org/CodeSystem/v2-0131"],
      "oids" : ["2.16.840.1.113883.4.642.3.1130"],
      "sources" : ["2.16.840.1.113883.4.642.3.1130"],
      "uses" : {
      },
      "StructureDefinition-eicr-anon-patient.html" : "eICR Anonymized Patient"
    },
    {
      "url" : "http://hl7.org/fhir/ValueSet/quantity-comparator",
      "version" : "4.0.1",
      "status" : "active",
      "name" : "QuantityComparator",
      "title" : "QuantityComparator",
      "description" : "How the Quantity should be understood and represented.",
      "systems" : ["http://hl7.org/fhir/quantity-comparator"],
      "oids" : ["2.16.840.1.113883.4.642.3.59"],
      "sources" : ["2.16.840.1.113883.4.642.3.59"],
      "uses" : {
      },
      "StructureDefinition-eicr-anon-caculated-age.html" : "eICR Anonymized Calculated Age",
      "StructureDefinition-eicr-anon-past-or-present-job.html" : "eICR Anonymized Past or Present Job"
    },
    {
      "url" : "http://hl7.org/fhir/ValueSet/referencerange-appliesto",
      "version" : "4.0.1",
      "status" : "draft",
      "name" : "ObservationReferenceRangeAppliesToCodes",
      "title" : "Observation Reference Range Applies To Codes",
      "description" : "This value set defines a set of codes that can be used to indicate the particular target population the reference range applies to.",
      "systems" : [
        "http://terminology.hl7.org/CodeSystem/v3-Race",
        "http://snomed.info/sct"
      ],
      "oids" : ["2.16.840.1.113883.4.642.3.407"],
      "sources" : ["2.16.840.1.113883.4.642.3.407"],
      "uses" : {
      },
      "StructureDefinition-eicr-anon-caculated-age.html" : "eICR Anonymized Calculated Age",
      "StructureDefinition-eicr-anon-past-or-present-job.html" : "eICR Anonymized Past or Present Job"
    },
    {
      "url" : "http://hl7.org/fhir/ValueSet/referencerange-meaning",
      "version" : "4.0.1",
      "status" : "draft",
      "name" : "ObservationReferenceRangeMeaningCodes",
      "title" : "Observation Reference Range Meaning Codes",
      "description" : "This value set defines a set of codes that can be used to indicate the meaning/use of a reference range for a particular target population.",
      "systems" : [
        "http://terminology.hl7.org/CodeSystem/referencerange-meaning"
      ],
      "oids" : ["2.16.840.1.113883.4.642.3.397"],
      "sources" : ["2.16.840.1.113883.4.642.3.397"],
      "uses" : {
      },
      "StructureDefinition-eicr-anon-caculated-age.html" : "eICR Anonymized Calculated Age",
      "StructureDefinition-eicr-anon-past-or-present-job.html" : "eICR Anonymized Past or Present Job"
    },
    {
      "url" : "http://hl7.org/fhir/ValueSet/relatedperson-relationshiptype",
      "version" : "4.0.1",
      "status" : "draft",
      "name" : "PatientRelationshipType",
      "title" : "Patient relationship type",
      "description" : "A set of codes that can be used to indicate the relationship between a Patient and a Related Person.",
      "systems" : [
        "http://terminology.hl7.org/CodeSystem/v3-RoleCode",
        "http://terminology.hl7.org/CodeSystem/v2-0131"
      ],
      "oids" : ["2.16.840.1.113883.4.642.3.449"],
      "sources" : ["2.16.840.1.113883.4.642.3.449"],
      "uses" : {
      },
      "StructureDefinition-eicr-anon-relatedperson.html" : "eICR Anonymized RelatedPerson"
    },
    {
      "url" : "http://hl7.org/fhir/ValueSet/resource-types",
      "version" : "4.0.1",
      "status" : "active",
      "name" : "ResourceType",
      "title" : "ResourceType",
      "description" : "One of the resource types defined as part of this version of FHIR.",
      "systems" : ["http://hl7.org/fhir/resource-types"],
      "oids" : ["2.16.840.1.113883.4.642.3.27"],
      "sources" : ["2.16.840.1.113883.4.642.3.27"],
      "uses" : {
      },
      "StructureDefinition-eicr-anon-composition.html" : "eICR Anonymized Composition"
    },
    {
      "url" : "http://hl7.org/fhir/ValueSet/search-entry-mode",
      "version" : "4.0.1",
      "status" : "active",
      "name" : "SearchEntryMode",
      "title" : "SearchEntryMode",
      "description" : "Why an entry is in the result set - whether it's included as a match or because of an _include requirement, or to convey information or warning information about the search process.",
      "systems" : ["http://hl7.org/fhir/search-entry-mode"],
      "oids" : ["2.16.840.1.113883.4.642.3.622"],
      "sources" : ["2.16.840.1.113883.4.642.3.622"],
      "uses" : {
      },
      "StructureDefinition-eicr-anon-document-bundle.html" : "eICR Anonymized Document Bundle"
    },
    {
      "url" : "http://hl7.org/fhir/ValueSet/service-type",
      "version" : "4.0.1",
      "status" : "draft",
      "name" : "ServiceType",
      "title" : "Service type",
      "description" : "This value set defines an example set of codes of service-types.",
      "systems" : ["http://terminology.hl7.org/CodeSystem/service-type"],
      "oids" : ["2.16.840.1.113883.4.642.3.518"],
      "sources" : ["2.16.840.1.113883.4.642.3.518"],
      "uses" : {
      },
      "StructureDefinition-eicr-anon-encounter.html" : "eICR Anonymized Encounter"
    },
    {
      "url" : "http://hl7.org/fhir/us/core/ValueSet/detailed-ethnicity",
      "version" : "4.0.0",
      "status" : "active",
      "name" : "DetailedEthnicity",
      "title" : "Detailed ethnicity",
      "description" : "The 41 [CDC ethnicity codes](http://www.cdc.gov/phin/resources/vocabulary/index.html) that are grouped under one of the 2 OMB ethnicity category codes.",
      "systems" : ["urn:oid:2.16.840.1.113883.6.238"],
      "uses" : {
      },
      "StructureDefinition-eicr-anon-patient.html" : "eICR Anonymized Patient"
    },
    {
      "url" : "http://hl7.org/fhir/us/core/ValueSet/detailed-race",
      "version" : "4.0.0",
      "status" : "active",
      "name" : "DetailedRace",
      "title" : "Detailed Race",
      "description" : "The 900+ [CDC Race codes](http://www.cdc.gov/phin/resources/vocabulary/index.html) that are grouped under one of the 5 OMB race category codes.",
      "systems" : ["urn:oid:2.16.840.1.113883.6.238"],
      "uses" : {
      },
      "StructureDefinition-eicr-anon-patient.html" : "eICR Anonymized Patient"
    },
    {
      "url" : "http://hl7.org/fhir/us/core/ValueSet/omb-ethnicity-category",
      "version" : "4.0.0",
      "status" : "active",
      "name" : "OmbEthnicityCategories",
      "title" : "OMB Ethnicity Categories",
      "description" : "The codes for the ethnicity categories - 'Hispanic or Latino' and 'Non Hispanic or Latino' - as defined by the [OMB Standards for Maintaining, Collecting, and Presenting Federal Data on Race and Ethnicity, Statistical Policy Directive No. 15, as revised, October 30, 1997](https://www.govinfo.gov/content/pkg/FR-1997-10-30/pdf/97-28653.pdf).",
      "systems" : ["urn:oid:2.16.840.1.113883.6.238"],
      "uses" : {
      },
      "StructureDefinition-eicr-anon-patient.html" : "eICR Anonymized Patient"
    },
    {
      "url" : "http://hl7.org/fhir/us/core/ValueSet/omb-race-category",
      "version" : "4.0.0",
      "status" : "active",
      "name" : "OmbRaceCategories",
      "title" : "OMB Race Categories",
      "description" : "The codes for the concepts 'Unknown' and  'Asked but no answer' and the the codes for the five race categories - 'American Indian' or 'Alaska Native', 'Asian', 'Black or African American', 'Native Hawaiian or Other Pacific Islander', and 'White' - as defined by the [OMB Standards for Maintaining, Collecting, and Presenting Federal Data on Race and Ethnicity, Statistical Policy Directive No. 15, as revised, October 30, 1997](https://www.govinfo.gov/content/pkg/FR-1997-10-30/pdf/97-28653.pdf) .",
      "systems" : [
        "urn:oid:2.16.840.1.113883.6.238",
        "http://terminology.hl7.org/CodeSystem/v3-NullFlavor"
      ],
      "oids" : ["2.16.840.1.113883.4.642.2.575"],
      "sources" : ["2.16.840.1.113883.4.642.2.575"],
      "uses" : {
      },
      "StructureDefinition-eicr-anon-patient.html" : "eICR Anonymized Patient"
    },
    {
      "url" : "http://hl7.org/fhir/us/core/ValueSet/simple-language",
      "version" : "4.0.0",
      "status" : "active",
      "name" : "LanguageCodesWithLanguageAndOptionallyARegionModifier",
      "title" : "Language codes with language and optionally a region modifier",
      "description" : "This value set includes codes from [BCP-47](http://tools.ietf.org/html/bcp47). This value set matches the ONC 2015 Edition LanguageCommunication data element value set within C-CDA to use a 2 character language code if one exists,   and a 3 character code if a 2 character code does not exist. It points back to [RFC 5646](https://tools.ietf.org/html/rfc5646), however only the language codes are required, all other elements are optional.",
      "systems" : ["urn:ietf:bcp:47"],
      "uses" : {
      },
      "StructureDefinition-eicr-anon-patient.html" : "eICR Anonymized Patient"
    },
    {
      "url" : "http://hl7.org/fhir/us/core/ValueSet/us-core-encounter-type",
      "version" : "4.0.0",
      "status" : "active",
      "name" : "USCoreEncounterType",
      "title" : "US Core Encounter Type",
      "description" : "The type of encounter: a specific code indicating type of service provided. This value set includes codes from SNOMED CT decending from the concept 308335008 (Patient encounter procedure (procedure)) and codes from the Current Procedure and Terminology (CPT) found in the following CPT sections:\n  - 99201-99499 E/M\n - 99500-99600 home health (mainly nonphysician, such as newborn care in home)\n - 99605-99607 medication management\n - 98966-98968 non physician telephone services\n \n (subscription to AMA Required)",
      "systems" : ["http://www.ama-assn.org/go/cpt", "http://snomed.info/sct"],
      "uses" : {
      },
      "StructureDefinition-eicr-anon-encounter.html" : "eICR Anonymized Encounter"
    },
    {
      "url" : "http://hl7.org/fhir/us/core/ValueSet/us-core-provider-role",
      "version" : "4.0.0",
      "status" : "active",
      "name" : "USCoreProviderRoleNucc",
      "title" : "US Core Provider Role (NUCC)",
      "description" : "Provider roles codes which are composed of the NUCC Health Care Provider Taxonomy Code Set classification codes for providers. Only concepts with a classification and no specialization are included.",
      "systems" : ["http://nucc.org/provider-taxonomy"],
      "uses" : {
      },
      "StructureDefinition-eicr-anon-practitionerrole.html" : "eICR Anonymized PractitionerRole"
    },
    {
      "url" : "http://hl7.org/fhir/us/core/ValueSet/us-core-usps-state",
      "version" : "4.0.0",
      "status" : "active",
      "name" : "UspsTwoLetterAlphabeticCodes",
      "title" : "USPS Two Letter Alphabetic Codes",
      "description" : "This value set defines two letter USPS alphabetic codes.",
      "systems" : ["https://www.usps.com/"],
      "oids" : ["2.16.840.1.113883.4.642.3.40"],
      "sources" : ["2.16.840.1.113883.4.642.3.40"],
      "uses" : {
      },
      "StructureDefinition-eicr-anon-organization.html" : "eICR Anonymized Organization",
      "StructureDefinition-eicr-anon-patient.html" : "eICR Anonymized Patient"
    },
    {
      "url" : "http://phinvads.cdc.gov/fhir/ValueSet/2.16.840.1.114222.4.11.7186",
      "version" : "1",
      "status" : "active",
      "name" : "PHVS_Occupation_CDC_Census2010",
      "title" : "Occupation CDC Census 2010",
      "description" : "2010 Occupation coding system used by CDC (NIOSH & NCHS) for coding occupation text.  Occupation describes a set of activities or tasks that individuals are paid to perform or, if unpaid, define a person’s contribution to a household/family business/community.  This code system includes  2010 U.S. Census Bureau occupation codes with modifications made by CDC for unpaid workers and military occupations.  The 2010 Census occupation categories  are based on the 2010 BLS Standard Occupational Classification (SOC) system.  The PH_Industry_CDC_Census2010  code system should be used in conjunction with this occupation code system when coding both industry and occupation.  For more information and instructions on using this coding system, see the instruction manual for CDC-Census I&O coding at:  http://www.cdc.gov/niosh/topics/coding/",
      "systems" : [
        "http://terminology.hl7.org/CodeSystem/PHOccupationCDCCensus2010"
      ],
      "uses" : {
      },
      "StructureDefinition-eicr-anon-past-or-present-job.html" : "eICR Anonymized Past or Present Job"
    },
    {
      "url" : "http://phinvads.cdc.gov/fhir/ValueSet/2.16.840.1.114222.4.11.7187",
      "version" : "1",
      "status" : "active",
      "name" : "PHVS_Industry_CDC_Census2010",
      "title" : "Industry CDC Census 2010",
      "description" : "2010 Industry coding system used by CDC (NIOSH & NCHS) for coding industry text.  Industry describes an economic/business sector comprised of businesses/ enterprises concerned with the output of a specified category of products or services (e.g., the construction industry or the agriculture industry).  This industry code system includes  2007 U.S. Census Bureau industry codes  and  three additional codes developed by CDC for unpaid workers.  The 2010 Census industry categories  are based on the 2007 North American Industry Classification System (NAICS).  The PH_Occupation_CDC_Census2010  code system should be used in conjunction with this industry code system when coding both industry and occupation.  For more information and instructions on using this coding system, see the instruction manual for CDC-Census I&O coding at:  http://www.cdc.gov/niosh/topics/coding/",
      "systems" : [
        "http://terminology.hl7.org/CodeSystem/PHIndustryCDCCensus2010"
      ],
      "uses" : {
      },
      "StructureDefinition-eicr-anon-past-or-present-job.html" : "eICR Anonymized Past or Present Job"
    },
    {
      "url" : "http://phinvads.cdc.gov/fhir/ValueSet/2.16.840.1.114222.4.11.7613",
      "version" : "3",
      "status" : "active",
      "name" : "PHVS_JobSupervisoryLevelorPayGrade_ODH",
      "title" : "Job Supervisory Level or Pay Grade (ODH)",
      "description" : "An indicator of responsibilities of a person's job for directing work and personnel management, as reported by the person. Pay grade is used to represent supervisory or personnel management responsibilities for U.S. military service, because it conveys similar meaning across branches of service.",
      "systems" : [
        "http://terminology.hl7.org/CodeSystem/PHOccupationalDataForHealthODH"
      ],
      "uses" : {
      },
      "StructureDefinition-eicr-anon-past-or-present-job.html" : "eICR Anonymized Past or Present Job"
    },
    {
      "url" : "http://phinvads.cdc.gov/fhir/ValueSet/2.16.840.1.114222.4.11.7900",
      "version" : "1",
      "status" : "active",
      "name" : "PHVS_Industry_CDC_NAICS2012_ODH",
      "title" : "Industry CDC NAICS 2012 (ODH)",
      "description" : "The Industry CDC NAICS 2012 (ODH) value set is to be used to capture self-reported industry within electronic health information systems to support direct patient care, population health and public health activities.  Industry is described as the economic or business sector of a business or enterprise.  For more information, a mapping to 2012 Census Industry Codes, and tips on using this value set go to the Occupational Data for Health (ODH) Hot Topics section on the PHIN VADS home page.",
      "systems" : [
        "http://terminology.hl7.org/CodeSystem/PHOccupationalDataForHealthODH"
      ],
      "uses" : {
      },
      "StructureDefinition-eicr-anon-past-or-present-job.html" : "eICR Anonymized Past or Present Job"
    },
    {
      "url" : "http://phinvads.cdc.gov/fhir/ValueSet/2.16.840.1.114222.4.11.7901",
      "version" : "1",
      "status" : "active",
      "name" : "PHVS_Occupation_CDC_ONET-SOC2010_ODH",
      "title" : "Occupation CDC ONET-SOC 2010 (ODH)",
      "description" : "The Occupation CDC O*NET-SOC 2010 (ODH) value set is to be used to capture self-reported occupation within electronic health information systems to support direct patient care, population health and public health activities.  Occupation is the type of work done by the subject.  It is based on the 2010 O*Net-SOC Classification System.  For more information, a mapping to 2010 Census Codes, and tips on using this value set go to the Occupational Data for Health (ODH) Hot Topics section on the PHIN VADS home page.",
      "systems" : [
        "http://terminology.hl7.org/CodeSystem/PHOccupationalDataForHealthODH"
      ],
      "uses" : {
      },
      "StructureDefinition-eicr-anon-past-or-present-job.html" : "eICR Anonymized Past or Present Job"
    },
    {
      "url" : "http://terminology.hl7.org/ValueSet/v2-0092",
      "version" : "2.0.0",
      "status" : "active",
      "name" : "Hl7VSReAdmissionIndicator",
      "title" : "hl7VS-re-admissionIndicator",
      "description" : "Value Set of codes which are used to specify that a patient is being re-admitted to a healthcare facility from which they were discharged, and indicates the circumstances around such re-admission.",
      "systems" : ["http://terminology.hl7.org/CodeSystem/v2-0092"],
      "oids" : ["2.16.840.1.113883.21.40"],
      "sources" : ["2.16.840.1.113883.21.40"],
      "uses" : {
      },
      "StructureDefinition-eicr-anon-encounter.html" : "eICR Anonymized Encounter"
    },
    {
      "url" : "http://terminology.hl7.org/ValueSet/v2-2.7-0360",
      "version" : "0360",
      "status" : "active",
      "name" : "v2.0360.2.7",
      "title" : "v2 table 0360, Version 2.7",
      "description" : "FHIR Value set/code system definition for HL7 v2 table 0360 ver 2.9 ( Degree/License/Certificate)",
      "systems" : ["http://terminology.hl7.org/CodeSystem/v2-0360|2.7"],
      "uses" : {
      },
      "StructureDefinition-eicr-anon-practitioner.html" : "eICR Anonymized Practitioner"
    },
    {
      "url" : "http://terminology.hl7.org/ValueSet/v3-ActCode",
      "version" : "3.0.0",
      "status" : "active",
      "name" : "ActCode",
      "title" : "v3 Code System ActCode",
      "description" : "A code specifying the particular kind of Act that the Act-instance represents within its class.  Constraints:\r\nThe kind of Act (e.g. physical examination, serum potassium, inpatient encounter, charge financial transaction, etc.) is specified with a code from one of several, typically external, coding systems.  The coding system will depend on the class of Act, such as LOINC for observations, etc. Conceptually, the Act.code must be a specialization of the Act.classCode. This is why the structure of ActClass domain should be reflected in the superstructure of the ActCode domain and then individual codes or externally referenced vocabularies subordinated under these domains that reflect the ActClass structure. Act.classCode and Act.code are not modifiers of each other but the Act.code concept should really imply the Act.classCode concept. For a negative example, it is not appropriate to use an Act.code \"potassium\" together with and Act.classCode for \"laboratory observation\" to somehow mean \"potassium laboratory observation\" and then use the same Act.code for \"potassium\" together with Act.classCode for \"medication\" to mean \"substitution of potassium\". This mutually modifying use of Act.code and Act.classCode is not permitted.",
      "systems" : ["http://terminology.hl7.org/CodeSystem/v3-ActCode"],
      "uses" : {
      },
      "StructureDefinition-eicr-anon-composition.html" : "eICR Anonymized Composition"
    },
    {
      "url" : "http://terminology.hl7.org/ValueSet/v3-ActEncounterCode",
      "version" : "3.0.0",
      "status" : "active",
      "name" : "ActEncounterCode",
      "title" : "ActEncounterCode",
      "description" : "Domain provides codes that qualify the ActEncounterClass (ENC)",
      "systems" : ["http://terminology.hl7.org/CodeSystem/v3-ActCode"],
      "oids" : ["2.16.840.1.113883.1.11.13955"],
      "sources" : ["2.16.840.1.113883.1.11.13955"],
      "uses" : {
      },
      "StructureDefinition-eicr-anon-encounter.html" : "eICR Anonymized Encounter"
    },
    {
      "url" : "http://terminology.hl7.org/ValueSet/v3-ActPriority",
      "version" : "3.0.0",
      "status" : "active",
      "name" : "ActPriority",
      "title" : "ActPriority",
      "description" : "A code or set of codes (e.g., for routine, emergency,) specifying the urgency under which the Act happened, can happen, is happening, is intended to happen, or is requested/demanded to happen.\r\n\r\n*Discussion:* This attribute is used in orders to indicate the ordered priority, and in event documentation it indicates the actual priority used to perform the act. In definition mood it indicates the available priorities.",
      "systems" : ["http://terminology.hl7.org/CodeSystem/v3-ActPriority"],
      "oids" : ["2.16.840.1.113883.1.11.16866"],
      "sources" : ["2.16.840.1.113883.1.11.16866"],
      "uses" : {
      },
      "StructureDefinition-eicr-anon-encounter.html" : "eICR Anonymized Encounter"
    },
    {
      "url" : "http://terminology.hl7.org/ValueSet/v3-ConfidentialityClassification",
      "version" : "2014-03-26",
      "status" : "active",
      "name" : "v3.ConfidentialityClassification",
      "title" : "V3 Value SetConfidentialityClassification",
      "description" : " Set of codes used to value Act.Confidentiality and Role.Confidentiality attribute in accordance with the definition for concept domain \"Confidentiality\".",
      "systems" : ["http://terminology.hl7.org/CodeSystem/v3-Confidentiality"],
      "oids" : ["2.16.840.1.113883.1.11.10228"],
      "sources" : ["2.16.840.1.113883.1.11.10228"],
      "uses" : {
      },
      "StructureDefinition-eicr-anon-composition.html" : "eICR Anonymized Composition"
    },
    {
      "url" : "http://terminology.hl7.org/ValueSet/v3-WorkClassificationODH",
      "version" : "3.0.0",
      "status" : "active",
      "name" : "WorkClassificationODH",
      "title" : "WorkClassificationODH",
      "description" : "Provide the concepts for the value element of the C-CDA Work Classification Observation entry template.",
      "systems" : [
        "http://terminology.hl7.org/CodeSystem/v3-WorkClassificationODH"
      ],
      "oids" : ["2.16.840.1.113883.1.11.20560"],
      "sources" : ["2.16.840.1.113883.1.11.20560"],
      "uses" : {
      },
      "StructureDefinition-eicr-anon-past-or-present-job.html" : "eICR Anonymized Past or Present Job"
    },
    {
      "url" : "http://terminology.hl7.org/ValueSet/v3-WorkScheduleODH",
      "version" : "3.0.0",
      "status" : "active",
      "name" : "WorkScheduleODH",
      "title" : "WorkScheduleODH",
      "description" : "Describes an individual's typical arrangement of working hours for an occupation.",
      "systems" : ["http://terminology.hl7.org/CodeSystem/v3-ObservationValue"],
      "oids" : ["2.16.840.1.113883.1.11.20561"],
      "sources" : ["2.16.840.1.113883.1.11.20561"],
      "uses" : {
      },
      "StructureDefinition-eicr-anon-past-or-present-job.html" : "eICR Anonymized Past or Present Job"
    }
  ]
}
