{"resourceType":"ImplementationGuide","id":"ecr.fhir.us.anonymized-eicr","text":{"status":"extensions","div":"<div xmlns=\"http://www.w3.org/1999/xhtml\"><h2>EICRAnonymized</h2><p>The official URL for this implementation guide is: </p><pre>http://fhir.org/fhir/us/anonymized-eicr/ImplementationGuide/ecr.fhir.us.anonymized-eicr</pre></div>"},"url":"http://fhir.org/fhir/us/anonymized-eicr/ImplementationGuide/ecr.fhir.us.anonymized-eicr","version":"1.0.0","name":"EICRAnonymized","title":"CDC FHIR® Implementation Guide: Anonymized Electronic Initial Case Reporting (eICR)","status":"active","date":"2024-06-26T06:31:28+10:00","publisher":"APHL","jurisdiction":[{"coding":[{"system":"urn:iso:std:iso:3166","code":"US"}]}],"packageId":"ecr.fhir.us.anonymized-eicr","license":"CC0-1.0","fhirVersion":["4.0.1"],"dependsOn":[{"id":"hl7tx","extension":[{"url":"http://hl7.org/fhir/tools/StructureDefinition/implementationguide-dependency-comment","valueMarkdown":"Automatically added as a dependency - all IGs depend on HL7 Terminology"}],"uri":"http://terminology.hl7.org/ImplementationGuide/hl7.terminology","packageId":"hl7.terminology.r4","version":"5.5.0"},{"id":"hl7ext","extension":[{"url":"http://hl7.org/fhir/tools/StructureDefinition/implementationguide-dependency-comment","valueMarkdown":"Automatically added as a dependency - all IGs depend on the HL7 Extension Pack"}],"uri":"http://hl7.org/fhir/extensions/ImplementationGuide/hl7.fhir.uv.extensions","packageId":"hl7.fhir.uv.extensions.r4","version":"5.1.0"},{"id":"hl7fhirusecr","uri":"http://hl7.org/fhir/us/ecr/ImplementationGuide/hl7.fhir.us.ecr","packageId":"hl7.fhir.us.ecr","version":"2.1.1"},{"id":"usnlmvsac","uri":"http://fhir.org/packages/us.nlm.vsac/ImplementationGuide/us.nlm.vsac","packageId":"us.nlm.vsac","version":"0.18.0"},{"id":"hl7fhiruscore","uri":"http://hl7.org/fhir/us/core/ImplementationGuide/hl7.fhir.us.core","packageId":"hl7.fhir.us.core","version":"4.0.0"},{"id":"hl7fhirusodh","uri":"http://hl7.org/fhir/us/odh/ImplementationGuide/hl7.fhir.us.odh","packageId":"hl7.fhir.us.odh","version":"1.1.0"}],"definition":{"extension":[{"extension":[{"url":"code","valueString":"copyrightyear"},{"url":"value","valueString":"2024+"}],"url":"http://hl7.org/fhir/tools/StructureDefinition/ig-parameter"},{"extension":[{"url":"code","valueString":"releaselabel"},{"url":"value","valueString":"ci-build"}],"url":"http://hl7.org/fhir/tools/StructureDefinition/ig-parameter"},{"extension":[{"url":"code","valueString":"show-inherited-invariants"},{"url":"value","valueString":"true"}],"url":"http://hl7.org/fhir/tools/StructureDefinition/ig-parameter"},{"extension":[{"url":"code","valueString":"autoload-resources"},{"url":"value","valueString":"true"}],"url":"http://hl7.org/fhir/tools/StructureDefinition/ig-parameter"},{"extension":[{"url":"code","valueString":"path-liquid"},{"url":"value","valueString":"template/liquid"}],"url":"http://hl7.org/fhir/tools/StructureDefinition/ig-parameter"},{"extension":[{"url":"code","valueString":"path-liquid"},{"url":"value","valueString":"input/liquid"}],"url":"http://hl7.org/fhir/tools/StructureDefinition/ig-parameter"},{"extension":[{"url":"code","valueString":"path-qa"},{"url":"value","valueString":"temp/qa"}],"url":"http://hl7.org/fhir/tools/StructureDefinition/ig-parameter"},{"extension":[{"url":"code","valueString":"path-temp"},{"url":"value","valueString":"temp/pages"}],"url":"http://hl7.org/fhir/tools/StructureDefinition/ig-parameter"},{"extension":[{"url":"code","valueString":"path-output"},{"url":"value","valueString":"output"}],"url":"http://hl7.org/fhir/tools/StructureDefinition/ig-parameter"},{"extension":[{"url":"code","valueString":"path-suppressed-warnings"},{"url":"value","valueString":"input/ignoreWarnings.txt"}],"url":"http://hl7.org/fhir/tools/StructureDefinition/ig-parameter"},{"extension":[{"url":"code","valueString":"path-history"},{"url":"value","valueString":"http://fhir.org/fhir/us/anonymized-eicr/history.html"}],"url":"http://hl7.org/fhir/tools/StructureDefinition/ig-parameter"},{"extension":[{"url":"code","valueString":"template-html"},{"url":"value","valueString":"template-page.html"}],"url":"http://hl7.org/fhir/tools/StructureDefinition/ig-parameter"},{"extension":[{"url":"code","valueString":"template-md"},{"url":"value","valueString":"template-page-md.html"}],"url":"http://hl7.org/fhir/tools/StructureDefinition/ig-parameter"},{"extension":[{"url":"code","valueString":"apply-contact"},{"url":"value","valueString":"true"}],"url":"http://hl7.org/fhir/tools/StructureDefinition/ig-parameter"},{"extension":[{"url":"code","valueString":"apply-context"},{"url":"value","valueString":"true"}],"url":"http://hl7.org/fhir/tools/StructureDefinition/ig-parameter"},{"extension":[{"url":"code","valueString":"apply-copyright"},{"url":"value","valueString":"true"}],"url":"http://hl7.org/fhir/tools/StructureDefinition/ig-parameter"},{"extension":[{"url":"code","valueString":"apply-jurisdiction"},{"url":"value","valueString":"true"}],"url":"http://hl7.org/fhir/tools/StructureDefinition/ig-parameter"},{"extension":[{"url":"code","valueString":"apply-license"},{"url":"value","valueString":"true"}],"url":"http://hl7.org/fhir/tools/StructureDefinition/ig-parameter"},{"extension":[{"url":"code","valueString":"apply-publisher"},{"url":"value","valueString":"true"}],"url":"http://hl7.org/fhir/tools/StructureDefinition/ig-parameter"},{"extension":[{"url":"code","valueString":"apply-version"},{"url":"value","valueString":"true"}],"url":"http://hl7.org/fhir/tools/StructureDefinition/ig-parameter"},{"extension":[{"url":"code","valueString":"apply-wg"},{"url":"value","valueString":"true"}],"url":"http://hl7.org/fhir/tools/StructureDefinition/ig-parameter"},{"extension":[{"url":"code","valueString":"active-tables"},{"url":"value","valueString":"true"}],"url":"http://hl7.org/fhir/tools/StructureDefinition/ig-parameter"},{"extension":[{"url":"code","valueString":"fmm-definition"},{"url":"value","valueString":"http://hl7.org/fhir/versions.html#maturity"}],"url":"http://hl7.org/fhir/tools/StructureDefinition/ig-parameter"},{"extension":[{"url":"code","valueString":"propagate-status"},{"url":"value","valueString":"true"}],"url":"http://hl7.org/fhir/tools/StructureDefinition/ig-parameter"},{"extension":[{"url":"code","valueString":"excludelogbinaryformat"},{"url":"value","valueString":"true"}],"url":"http://hl7.org/fhir/tools/StructureDefinition/ig-parameter"},{"extension":[{"url":"code","valueString":"tabbed-snapshots"},{"url":"value","valueString":"true"}],"url":"http://hl7.org/fhir/tools/StructureDefinition/ig-parameter"},{"url":"http://hl7.org/fhir/tools/StructureDefinition/ig-internal-dependency","valueCode":"hl7.fhir.uv.tools#0.1.0"},{"extension":[{"url":"code","valueCode":"copyrightyear"},{"url":"value","valueString":"2024+"}],"url":"http://hl7.org/fhir/tools/StructureDefinition/ig-parameter"},{"extension":[{"url":"code","valueCode":"releaselabel"},{"url":"value","valueString":"ci-build"}],"url":"http://hl7.org/fhir/tools/StructureDefinition/ig-parameter"},{"extension":[{"url":"code","valueCode":"show-inherited-invariants"},{"url":"value","valueString":"true"}],"url":"http://hl7.org/fhir/tools/StructureDefinition/ig-parameter"},{"extension":[{"url":"code","valueCode":"autoload-resources"},{"url":"value","valueString":"true"}],"url":"http://hl7.org/fhir/tools/StructureDefinition/ig-parameter"},{"extension":[{"url":"code","valueCode":"path-liquid"},{"url":"value","valueString":"template/liquid"}],"url":"http://hl7.org/fhir/tools/StructureDefinition/ig-parameter"},{"extension":[{"url":"code","valueCode":"path-liquid"},{"url":"value","valueString":"input/liquid"}],"url":"http://hl7.org/fhir/tools/StructureDefinition/ig-parameter"},{"extension":[{"url":"code","valueCode":"path-qa"},{"url":"value","valueString":"temp/qa"}],"url":"http://hl7.org/fhir/tools/StructureDefinition/ig-parameter"},{"extension":[{"url":"code","valueCode":"path-temp"},{"url":"value","valueString":"temp/pages"}],"url":"http://hl7.org/fhir/tools/StructureDefinition/ig-parameter"},{"extension":[{"url":"code","valueCode":"path-output"},{"url":"value","valueString":"output"}],"url":"http://hl7.org/fhir/tools/StructureDefinition/ig-parameter"},{"extension":[{"url":"code","valueCode":"path-suppressed-warnings"},{"url":"value","valueString":"input/ignoreWarnings.txt"}],"url":"http://hl7.org/fhir/tools/StructureDefinition/ig-parameter"},{"extension":[{"url":"code","valueCode":"path-history"},{"url":"value","valueString":"http://fhir.org/fhir/us/anonymized-eicr/history.html"}],"url":"http://hl7.org/fhir/tools/StructureDefinition/ig-parameter"},{"extension":[{"url":"code","valueCode":"template-html"},{"url":"value","valueString":"template-page.html"}],"url":"http://hl7.org/fhir/tools/StructureDefinition/ig-parameter"},{"extension":[{"url":"code","valueCode":"template-md"},{"url":"value","valueString":"template-page-md.html"}],"url":"http://hl7.org/fhir/tools/StructureDefinition/ig-parameter"},{"extension":[{"url":"code","valueCode":"apply-contact"},{"url":"value","valueString":"true"}],"url":"http://hl7.org/fhir/tools/StructureDefinition/ig-parameter"},{"extension":[{"url":"code","valueCode":"apply-context"},{"url":"value","valueString":"true"}],"url":"http://hl7.org/fhir/tools/StructureDefinition/ig-parameter"},{"extension":[{"url":"code","valueCode":"apply-copyright"},{"url":"value","valueString":"true"}],"url":"http://hl7.org/fhir/tools/StructureDefinition/ig-parameter"},{"extension":[{"url":"code","valueCode":"apply-jurisdiction"},{"url":"value","valueString":"true"}],"url":"http://hl7.org/fhir/tools/StructureDefinition/ig-parameter"},{"extension":[{"url":"code","valueCode":"apply-license"},{"url":"value","valueString":"true"}],"url":"http://hl7.org/fhir/tools/StructureDefinition/ig-parameter"},{"extension":[{"url":"code","valueCode":"apply-publisher"},{"url":"value","valueString":"true"}],"url":"http://hl7.org/fhir/tools/StructureDefinition/ig-parameter"},{"extension":[{"url":"code","valueCode":"apply-version"},{"url":"value","valueString":"true"}],"url":"http://hl7.org/fhir/tools/StructureDefinition/ig-parameter"},{"extension":[{"url":"code","valueCode":"apply-wg"},{"url":"value","valueString":"true"}],"url":"http://hl7.org/fhir/tools/StructureDefinition/ig-parameter"},{"extension":[{"url":"code","valueCode":"active-tables"},{"url":"value","valueString":"true"}],"url":"http://hl7.org/fhir/tools/StructureDefinition/ig-parameter"},{"extension":[{"url":"code","valueCode":"fmm-definition"},{"url":"value","valueString":"http://hl7.org/fhir/versions.html#maturity"}],"url":"http://hl7.org/fhir/tools/StructureDefinition/ig-parameter"},{"extension":[{"url":"code","valueCode":"propagate-status"},{"url":"value","valueString":"true"}],"url":"http://hl7.org/fhir/tools/StructureDefinition/ig-parameter"},{"extension":[{"url":"code","valueCode":"excludelogbinaryformat"},{"url":"value","valueString":"true"}],"url":"http://hl7.org/fhir/tools/StructureDefinition/ig-parameter"},{"extension":[{"url":"code","valueCode":"tabbed-snapshots"},{"url":"value","valueString":"true"}],"url":"http://hl7.org/fhir/tools/StructureDefinition/ig-parameter"},{"extension":[{"url":"code","valueCode":"copyrightyear"},{"url":"value","valueString":"2024+"}],"url":"http://hl7.org/fhir/tools/StructureDefinition/ig-parameter"},{"extension":[{"url":"code","valueCode":"releaselabel"},{"url":"value","valueString":"ci-build"}],"url":"http://hl7.org/fhir/tools/StructureDefinition/ig-parameter"},{"extension":[{"url":"code","valueCode":"show-inherited-invariants"},{"url":"value","valueString":"true"}],"url":"http://hl7.org/fhir/tools/StructureDefinition/ig-parameter"},{"extension":[{"url":"code","valueCode":"autoload-resources"},{"url":"value","valueString":"true"}],"url":"http://hl7.org/fhir/tools/StructureDefinition/ig-parameter"},{"extension":[{"url":"code","valueCode":"path-liquid"},{"url":"value","valueString":"template/liquid"}],"url":"http://hl7.org/fhir/tools/StructureDefinition/ig-parameter"},{"extension":[{"url":"code","valueCode":"path-liquid"},{"url":"value","valueString":"input/liquid"}],"url":"http://hl7.org/fhir/tools/StructureDefinition/ig-parameter"},{"extension":[{"url":"code","valueCode":"path-qa"},{"url":"value","valueString":"temp/qa"}],"url":"http://hl7.org/fhir/tools/StructureDefinition/ig-parameter"},{"extension":[{"url":"code","valueCode":"path-temp"},{"url":"value","valueString":"temp/pages"}],"url":"http://hl7.org/fhir/tools/StructureDefinition/ig-parameter"},{"extension":[{"url":"code","valueCode":"path-output"},{"url":"value","valueString":"output"}],"url":"http://hl7.org/fhir/tools/StructureDefinition/ig-parameter"},{"extension":[{"url":"code","valueCode":"path-suppressed-warnings"},{"url":"value","valueString":"input/ignoreWarnings.txt"}],"url":"http://hl7.org/fhir/tools/StructureDefinition/ig-parameter"},{"extension":[{"url":"code","valueCode":"path-history"},{"url":"value","valueString":"http://fhir.org/fhir/us/anonymized-eicr/history.html"}],"url":"http://hl7.org/fhir/tools/StructureDefinition/ig-parameter"},{"extension":[{"url":"code","valueCode":"template-html"},{"url":"value","valueString":"template-page.html"}],"url":"http://hl7.org/fhir/tools/StructureDefinition/ig-parameter"},{"extension":[{"url":"code","valueCode":"template-md"},{"url":"value","valueString":"template-page-md.html"}],"url":"http://hl7.org/fhir/tools/StructureDefinition/ig-parameter"},{"extension":[{"url":"code","valueCode":"apply-contact"},{"url":"value","valueString":"true"}],"url":"http://hl7.org/fhir/tools/StructureDefinition/ig-parameter"},{"extension":[{"url":"code","valueCode":"apply-context"},{"url":"value","valueString":"true"}],"url":"http://hl7.org/fhir/tools/StructureDefinition/ig-parameter"},{"extension":[{"url":"code","valueCode":"apply-copyright"},{"url":"value","valueString":"true"}],"url":"http://hl7.org/fhir/tools/StructureDefinition/ig-parameter"},{"extension":[{"url":"code","valueCode":"apply-jurisdiction"},{"url":"value","valueString":"true"}],"url":"http://hl7.org/fhir/tools/StructureDefinition/ig-parameter"},{"extension":[{"url":"code","valueCode":"apply-license"},{"url":"value","valueString":"true"}],"url":"http://hl7.org/fhir/tools/StructureDefinition/ig-parameter"},{"extension":[{"url":"code","valueCode":"apply-publisher"},{"url":"value","valueString":"true"}],"url":"http://hl7.org/fhir/tools/StructureDefinition/ig-parameter"},{"extension":[{"url":"code","valueCode":"apply-version"},{"url":"value","valueString":"true"}],"url":"http://hl7.org/fhir/tools/StructureDefinition/ig-parameter"},{"extension":[{"url":"code","valueCode":"apply-wg"},{"url":"value","valueString":"true"}],"url":"http://hl7.org/fhir/tools/StructureDefinition/ig-parameter"},{"extension":[{"url":"code","valueCode":"active-tables"},{"url":"value","valueString":"true"}],"url":"http://hl7.org/fhir/tools/StructureDefinition/ig-parameter"},{"extension":[{"url":"code","valueCode":"fmm-definition"},{"url":"value","valueString":"http://hl7.org/fhir/versions.html#maturity"}],"url":"http://hl7.org/fhir/tools/StructureDefinition/ig-parameter"},{"extension":[{"url":"code","valueCode":"propagate-status"},{"url":"value","valueString":"true"}],"url":"http://hl7.org/fhir/tools/StructureDefinition/ig-parameter"},{"extension":[{"url":"code","valueCode":"excludelogbinaryformat"},{"url":"value","valueString":"true"}],"url":"http://hl7.org/fhir/tools/StructureDefinition/ig-parameter"},{"extension":[{"url":"code","valueCode":"tabbed-snapshots"},{"url":"value","valueString":"true"}],"url":"http://hl7.org/fhir/tools/StructureDefinition/ig-parameter"}],"grouping":[{"id":"-str-profile","name":"Structures: Resource Profiles","description":"These define constraints on FHIR resources for systems conforming to this implementation guide."},{"id":"-ex-example","name":"Example: Example Instances","description":"These are example instances that show what data produced and consumed by systems conforming with this implementation guide might look like."}],"resource":[{"extension":[{"url":"http://hl7.org/fhir/tools/StructureDefinition/resource-sort","valueInteger":999999999},{"url":"http://hl7.org/fhir/StructureDefinition/implementationguide-page","valueUri":"StructureDefinition-eicr-anon-caculated-age.html"}],"reference":{"reference":"StructureDefinition/eicr-anon-caculated-age"},"name":"eICR Anonymized Calculated Age","description":"This Observation profile represents the patient's age, calculated by subtracting the date of birth from the current date.","exampleBoolean":false,"groupingId":"-str-profile"},{"extension":[{"url":"http://hl7.org/fhir/tools/StructureDefinition/resource-sort","valueInteger":999999999},{"url":"http://hl7.org/fhir/StructureDefinition/implementationguide-page","valueUri":"StructureDefinition-eicr-anon-composition.html"}],"reference":{"reference":"StructureDefinition/eicr-anon-composition"},"name":"eICR Anonymized Composition","description":"This Composition profile represents an anonymized eICR Composition.","exampleBoolean":false,"groupingId":"-str-profile"},{"extension":[{"url":"http://hl7.org/fhir/tools/StructureDefinition/resource-sort","valueInteger":999999999},{"url":"http://hl7.org/fhir/StructureDefinition/implementationguide-page","valueUri":"StructureDefinition-eicr-anon-document-bundle.html"}],"reference":{"reference":"StructureDefinition/eicr-anon-document-bundle"},"name":"eICR Anonymized Document Bundle","description":"This Composition profile represents an anonymized eICR Document Bundle.","exampleBoolean":false,"groupingId":"-str-profile"},{"extension":[{"url":"http://hl7.org/fhir/tools/StructureDefinition/resource-sort","valueInteger":999999999},{"url":"http://hl7.org/fhir/StructureDefinition/implementationguide-page","valueUri":"StructureDefinition-eicr-anon-encounter.html"}],"reference":{"reference":"StructureDefinition/eicr-anon-encounter"},"name":"eICR Anonymized Encounter","description":"This Encounter profile represents an anonymized eICR Encounter.","exampleBoolean":false,"groupingId":"-str-profile"},{"extension":[{"url":"http://hl7.org/fhir/tools/StructureDefinition/resource-sort","valueInteger":999999999},{"url":"http://hl7.org/fhir/StructureDefinition/implementationguide-page","valueUri":"StructureDefinition-eicr-anon-immunization.html"}],"reference":{"reference":"StructureDefinition/eicr-anon-immunization"},"name":"eICR Anonymized Immunization","description":"This Immunization profile represents an anonymized eICR Immunization.","exampleBoolean":false,"groupingId":"-str-profile"},{"extension":[{"url":"http://hl7.org/fhir/tools/StructureDefinition/resource-sort","valueInteger":999999999},{"url":"http://hl7.org/fhir/StructureDefinition/implementationguide-page","valueUri":"StructureDefinition-eicr-anon-organization.html"}],"reference":{"reference":"StructureDefinition/eicr-anon-organization"},"name":"eICR Anonymized Organization","description":"This Organization profile represents an anonymized eCR Organization.","exampleBoolean":false,"groupingId":"-str-profile"},{"extension":[{"url":"http://hl7.org/fhir/tools/StructureDefinition/resource-sort","valueInteger":999999999},{"url":"http://hl7.org/fhir/StructureDefinition/implementationguide-page","valueUri":"StructureDefinition-eicr-anon-past-or-present-job.html"}],"reference":{"reference":"StructureDefinition/eicr-anon-past-or-present-job"},"name":"eICR Anonymized Past or Present Job","description":"This Past or Present Job profile represents an anonymized eICR Past or Present Job.","exampleBoolean":false,"groupingId":"-str-profile"},{"extension":[{"url":"http://hl7.org/fhir/tools/StructureDefinition/resource-sort","valueInteger":999999999},{"url":"http://hl7.org/fhir/StructureDefinition/implementationguide-page","valueUri":"StructureDefinition-eicr-anon-patient.html"}],"reference":{"reference":"StructureDefinition/eicr-anon-patient"},"name":"eICR Anonymized Patient","description":"This Patient profile represents an anonymized eICR Patient.","exampleBoolean":false,"groupingId":"-str-profile"},{"extension":[{"url":"http://hl7.org/fhir/tools/StructureDefinition/resource-sort","valueInteger":999999999},{"url":"http://hl7.org/fhir/StructureDefinition/implementationguide-page","valueUri":"StructureDefinition-eicr-anon-practitioner.html"}],"reference":{"reference":"StructureDefinition/eicr-anon-practitioner"},"name":"eICR Anonymized Practitioner","description":"This Practitioner profile represents an anonymized eCR Practitioner.","exampleBoolean":false,"groupingId":"-str-profile"},{"extension":[{"url":"http://hl7.org/fhir/tools/StructureDefinition/resource-sort","valueInteger":999999999},{"url":"http://hl7.org/fhir/StructureDefinition/implementationguide-page","valueUri":"StructureDefinition-eicr-anon-practitionerrole.html"}],"reference":{"reference":"StructureDefinition/eicr-anon-practitionerrole"},"name":"eICR Anonymized PractitionerRole","description":"This PractitionerRole profile represents an anonymized eCR PractitionerRole.","exampleBoolean":false,"groupingId":"-str-profile"},{"extension":[{"url":"http://hl7.org/fhir/tools/StructureDefinition/resource-sort","valueInteger":999999999},{"url":"http://hl7.org/fhir/StructureDefinition/implementationguide-page","valueUri":"StructureDefinition-eicr-anon-relatedperson.html"}],"reference":{"reference":"StructureDefinition/eicr-anon-relatedperson"},"name":"eICR Anonymized RelatedPerson","description":"This RelatedPerson profile represents an anonymized eCR RelatedPerson.","exampleBoolean":false,"groupingId":"-str-profile"},{"extension":[{"url":"http://hl7.org/fhir/tools/StructureDefinition/resource-sort","valueInteger":999999999},{"url":"http://hl7.org/fhir/StructureDefinition/implementationguide-page","valueUri":"Observation-observation-calculated-age-anon.html"}],"reference":{"reference":"Observation/observation-calculated-age-anon"},"name":"Calculated Age Observation Example: anonymized","description":"Example of Calculated Age Observation (anonymized)","exampleCanonical":"http://fhir.org/fhir/us/anonymized-eicr/StructureDefinition/eicr-anon-caculated-age","groupingId":"-ex-example"},{"extension":[{"url":"http://hl7.org/fhir/tools/StructureDefinition/resource-sort","valueInteger":999999999},{"url":"http://hl7.org/fhir/StructureDefinition/implementationguide-page","valueUri":"Observation-observation-country-of-nationality-anon.html"}],"reference":{"reference":"Observation/observation-country-of-nationality-anon"},"name":"Country of Nationality Observation Example: anonymized","description":"Example of Country of Nationality Observation (anonymized)","exampleBoolean":true,"groupingId":"-ex-example"},{"extension":[{"url":"http://hl7.org/fhir/tools/StructureDefinition/resource-sort","valueInteger":999999999},{"url":"http://hl7.org/fhir/StructureDefinition/implementationguide-page","valueUri":"Observation-observation-country-of-residence-anon.html"}],"reference":{"reference":"Observation/observation-country-of-residence-anon"},"name":"Country of Residence Observation Example: anonymized","description":"Example of Country of Residence Observation (anonymized)","exampleBoolean":true,"groupingId":"-ex-example"},{"extension":[{"url":"http://hl7.org/fhir/tools/StructureDefinition/resource-sort","valueInteger":999999999},{"url":"http://hl7.org/fhir/StructureDefinition/implementationguide-page","valueUri":"Device-device-ecmo-anon.html"}],"reference":{"reference":"Device/device-ecmo-anon"},"name":"Device Example: ECMO, anonymized","description":"Example of Device Profile (anonymized, ECMO)","exampleBoolean":true,"groupingId":"-ex-example"},{"extension":[{"url":"http://hl7.org/fhir/tools/StructureDefinition/resource-sort","valueInteger":999999999},{"url":"http://hl7.org/fhir/StructureDefinition/implementationguide-page","valueUri":"Observation-observation-disability-status-anon.html"}],"reference":{"reference":"Observation/observation-disability-status-anon"},"name":"Disability Status Example: anonymized","description":"Example of Disability Status Profile (anonymized)","exampleBoolean":true,"groupingId":"-ex-example"},{"extension":[{"url":"http://hl7.org/fhir/tools/StructureDefinition/resource-sort","valueInteger":999999999},{"url":"http://hl7.org/fhir/StructureDefinition/implementationguide-page","valueUri":"Location-location-city-football-stadium-anon.html"}],"reference":{"reference":"Location/location-city-football-stadium-anon"},"name":"Location Example: City Football Stadium","description":"Example of Location resource (anonymized, City Football Stadium)","exampleBoolean":true,"groupingId":"-ex-example"},{"extension":[{"url":"http://hl7.org/fhir/tools/StructureDefinition/resource-sort","valueInteger":999999999},{"url":"http://hl7.org/fhir/StructureDefinition/implementationguide-page","valueUri":"MedicationAdministration-medicationadministration-azithromycin-anon.html"}],"reference":{"reference":"MedicationAdministration/medicationadministration-azithromycin-anon"},"name":"MedicationAdministration Example: anonymized, azithromycin","description":"Example of MedicationAdministration resource (anonymized, azithromycin)","exampleBoolean":true,"groupingId":"-ex-example"},{"extension":[{"url":"http://hl7.org/fhir/tools/StructureDefinition/resource-sort","valueInteger":999999999},{"url":"http://hl7.org/fhir/StructureDefinition/implementationguide-page","valueUri":"MedicationAdministration-medicationadministration-naloxone-response-anon.html"}],"reference":{"reference":"MedicationAdministration/medicationadministration-naloxone-response-anon"},"name":"MedicationAdministration Example: anonymized, naloxone response","description":"Example of MedicationAdministration resource with Therapeutic Medication Response extension (anonymized: naloxone response)","exampleBoolean":true,"groupingId":"-ex-example"},{"extension":[{"url":"http://hl7.org/fhir/tools/StructureDefinition/resource-sort","valueInteger":999999999},{"url":"http://hl7.org/fhir/StructureDefinition/implementationguide-page","valueUri":"Observation-observation-odh-usual-work-anon.html"}],"reference":{"reference":"Observation/observation-odh-usual-work-anon"},"name":"ODH Usual Work Example: observation-odh-usual-work-anonymized","description":"Example of ODH Usual Work profile (anonymized)","exampleBoolean":true,"groupingId":"-ex-example"},{"extension":[{"url":"http://hl7.org/fhir/tools/StructureDefinition/resource-sort","valueInteger":999999999},{"url":"http://hl7.org/fhir/StructureDefinition/implementationguide-page","valueUri":"DocumentReference-documentreference-add-reporting-needs-pdf.html"}],"reference":{"reference":"DocumentReference/documentreference-add-reporting-needs-pdf"},"name":"RR DocumentReference example: Additional reporting needs","description":"Example of RR DocumentReference profile: Additional reporting needs","exampleBoolean":true,"groupingId":"-ex-example"},{"extension":[{"url":"http://hl7.org/fhir/tools/StructureDefinition/resource-sort","valueInteger":999999999},{"url":"http://hl7.org/fhir/StructureDefinition/implementationguide-page","valueUri":"DocumentReference-documentreference-zika-follow-up-pdf.html"}],"reference":{"reference":"DocumentReference/documentreference-zika-follow-up-pdf"},"name":"RR DocumentReference example: Zika follow-up","description":"Example of RR DocumentReference profile: Zika follow-up","exampleBoolean":true,"groupingId":"-ex-example"},{"extension":[{"url":"http://hl7.org/fhir/tools/StructureDefinition/resource-sort","valueInteger":999999999},{"url":"http://hl7.org/fhir/StructureDefinition/implementationguide-page","valueUri":"DocumentReference-documentreference-zika-info-pdf.html"}],"reference":{"reference":"DocumentReference/documentreference-zika-info-pdf"},"name":"RR DocumentReference example: Zika info","description":"Example of RR DocumentReference profile: Zika info","exampleBoolean":true,"groupingId":"-ex-example"},{"extension":[{"url":"http://hl7.org/fhir/tools/StructureDefinition/resource-sort","valueInteger":999999999},{"url":"http://hl7.org/fhir/StructureDefinition/implementationguide-page","valueUri":"Observation-observation-rr-relevant-reportable-condition-anon.html"}],"reference":{"reference":"Observation/observation-rr-relevant-reportable-condition-anon"},"name":"RR Relevant Reportable Condition Observation Example - anonymized","description":"Example of RR Relevant Reportable Condition Observation profile - anonymized","exampleBoolean":true,"groupingId":"-ex-example"},{"extension":[{"url":"http://hl7.org/fhir/tools/StructureDefinition/resource-sort","valueInteger":999999999},{"url":"http://hl7.org/fhir/StructureDefinition/implementationguide-page","valueUri":"Observation-observation-rr-reportability-information-anon.html"}],"reference":{"reference":"Observation/observation-rr-reportability-information-anon"},"name":"RR Reportability Information Observation Example - anonymized","description":"Example of RR Reportability Information Observation profile - anonymized","exampleBoolean":true,"groupingId":"-ex-example"},{"extension":[{"url":"http://hl7.org/fhir/tools/StructureDefinition/resource-sort","valueInteger":999999999},{"url":"http://hl7.org/fhir/StructureDefinition/implementationguide-page","valueUri":"Organization-organization-rr-responsible-agency-haw.html"}],"reference":{"reference":"Organization/organization-rr-responsible-agency-haw"},"name":"RR Responsible Agency Organization Example: Health Authority West Responsible Agency","description":"Example of RR Responsible Agency Organization profile (Health Authority West Responsible Agency)","exampleBoolean":true,"groupingId":"-ex-example"},{"extension":[{"url":"http://hl7.org/fhir/tools/StructureDefinition/resource-sort","valueInteger":999999999},{"url":"http://hl7.org/fhir/StructureDefinition/implementationguide-page","valueUri":"Organization-organization-rr-routing-entity-haw.html"}],"reference":{"reference":"Organization/organization-rr-routing-entity-haw"},"name":"RR Routing Entity Organization Example: Health Authority West Routing Entity","description":"Example of RR Routing Entity Organization Example profile (Health Authority West Routing Entity)","exampleBoolean":true,"groupingId":"-ex-example"},{"extension":[{"url":"http://hl7.org/fhir/tools/StructureDefinition/resource-sort","valueInteger":999999999},{"url":"http://hl7.org/fhir/StructureDefinition/implementationguide-page","valueUri":"Organization-organization-rr-rules-authoring-agency-haw.html"}],"reference":{"reference":"Organization/organization-rr-rules-authoring-agency-haw"},"name":"RR Rules Authoring Agency Organization Example: Health Authority West Rules Authoring Agency","description":"Example of RR Rules Authoring Agency profile (Health Authority West Rules Authoring Agency)","exampleBoolean":true,"groupingId":"-ex-example"},{"extension":[{"url":"http://hl7.org/fhir/tools/StructureDefinition/resource-sort","valueInteger":999999999},{"url":"http://hl7.org/fhir/StructureDefinition/implementationguide-page","valueUri":"Observation-observation-travel-history-201801-anon.html"}],"reference":{"reference":"Observation/observation-travel-history-201801-anon"},"name":"Travel History Observation Example: observation-travel-history-anonymized-201801","description":"Example of Travel History Observation profile (anonymized, January 2018)","exampleBoolean":true,"groupingId":"-ex-example"},{"extension":[{"url":"http://hl7.org/fhir/tools/StructureDefinition/resource-sort","valueInteger":999999999},{"url":"http://hl7.org/fhir/StructureDefinition/implementationguide-page","valueUri":"Observation-observation-lab-result-lymphocytes-anon.html"}],"reference":{"reference":"Observation/observation-lab-result-lymphocytes-anon"},"name":"US Core Lab Result Observation Example: observation-lab-result-lymphocytes-anon","description":"Example of US Core Lab Result profile (anonymized, lymphocytes)","exampleBoolean":true,"groupingId":"-ex-example"},{"extension":[{"url":"http://hl7.org/fhir/tools/StructureDefinition/resource-sort","valueInteger":999999999},{"url":"http://hl7.org/fhir/StructureDefinition/implementationguide-page","valueUri":"Observation-observation-blood-pressure-anon.html"}],"reference":{"reference":"Observation/observation-blood-pressure-anon"},"name":"US Core Vital Sign Observation example","description":"Example of US Core Vital Sign Observation profile.","exampleBoolean":true,"groupingId":"-ex-example"},{"extension":[{"url":"http://hl7.org/fhir/tools/StructureDefinition/resource-sort","valueInteger":999999999},{"url":"http://hl7.org/fhir/StructureDefinition/implementationguide-page","valueUri":"Organization-organization-acme-laboratory.html"}],"reference":{"reference":"Organization/organization-acme-laboratory"},"name":"US PH Organization Example: Acme Labs","description":"Example of US Public Health Organization profile: Acme Labs","exampleBoolean":true,"groupingId":"-ex-example"},{"extension":[{"url":"http://hl7.org/fhir/tools/StructureDefinition/resource-sort","valueInteger":999999999},{"url":"http://hl7.org/fhir/StructureDefinition/implementationguide-page","valueUri":"Condition-condition-common-cold-anon.html"}],"reference":{"reference":"Condition/condition-common-cold-anon"},"name":"US Public Health Condition example: anonymized - common cold","description":"Example of US Public Health Condition profile (anonymized, common cold)","exampleBoolean":true,"groupingId":"-ex-example"},{"extension":[{"url":"http://hl7.org/fhir/tools/StructureDefinition/resource-sort","valueInteger":999999999},{"url":"http://hl7.org/fhir/StructureDefinition/implementationguide-page","valueUri":"Observation-observation-emergency-outbreak-info-anon.html"}],"reference":{"reference":"Observation/observation-emergency-outbreak-info-anon"},"name":"US Public Health Emergency Outbreak Information Example: anonymized","description":"Example of Emergency Outbreak Information profile (anonymized)","exampleBoolean":true,"groupingId":"-ex-example"},{"extension":[{"url":"http://hl7.org/fhir/tools/StructureDefinition/resource-sort","valueInteger":999999999},{"url":"http://hl7.org/fhir/StructureDefinition/implementationguide-page","valueUri":"Location-location-salem-medical-center.html"}],"reference":{"reference":"Location/location-salem-medical-center"},"name":"US Public Health Location Example: Clinic Bldg A, Salem Medical Center","description":"Example of US Public Health Location profile (Clinic Bldg A, Salem Medical Center)","exampleBoolean":true,"groupingId":"-ex-example"},{"extension":[{"url":"http://hl7.org/fhir/tools/StructureDefinition/resource-sort","valueInteger":999999999},{"url":"http://hl7.org/fhir/StructureDefinition/implementationguide-page","valueUri":"Organization-organization-custodian.html"}],"reference":{"reference":"Organization/organization-custodian"},"name":"US Public Health Organization Example: Custodian Organization","description":"Example of US Public Health Organization profile (Custodian Organization)","exampleBoolean":true,"groupingId":"-ex-example"},{"extension":[{"url":"http://hl7.org/fhir/tools/StructureDefinition/resource-sort","valueInteger":999999999},{"url":"http://hl7.org/fhir/StructureDefinition/implementationguide-page","valueUri":"Organization-organization-salem-medical-center.html"}],"reference":{"reference":"Organization/organization-salem-medical-center"},"name":"US Public Health Organization Example: Salem Medical Center","description":"Example of US Public Health Organization profile (Salem Medical Center)","exampleBoolean":true,"groupingId":"-ex-example"},{"extension":[{"url":"http://hl7.org/fhir/tools/StructureDefinition/resource-sort","valueInteger":999999999},{"url":"http://hl7.org/fhir/StructureDefinition/implementationguide-page","valueUri":"Observation-observation-pregnancy-status-anon.html"}],"reference":{"reference":"Observation/observation-pregnancy-status-anon"},"name":"US Public Health Pregnancy Status Observation Example: anonymized","description":"Example of US Public Health Pregnancy Status Observation profile (anonymized)","exampleBoolean":true,"groupingId":"-ex-example"},{"extension":[{"url":"http://hl7.org/fhir/tools/StructureDefinition/resource-sort","valueInteger":999999999},{"url":"http://hl7.org/fhir/StructureDefinition/implementationguide-page","valueUri":"Composition-composition-zika-anon.html"}],"reference":{"reference":"Composition/composition-zika-anon"},"name":"eICR Anonymized Composition Example: Initial Public Health Case Report - Anonymized, Zika","description":"Example of eICR Anonymized Composition profile (anonymized, Zika)","exampleCanonical":"http://fhir.org/fhir/us/anonymized-eicr/StructureDefinition/eicr-anon-composition","groupingId":"-ex-example"},{"extension":[{"url":"http://hl7.org/fhir/tools/StructureDefinition/resource-sort","valueInteger":999999999},{"url":"http://hl7.org/fhir/StructureDefinition/implementationguide-page","valueUri":"Bundle-bundle-document-zika-anon.html"}],"reference":{"reference":"Bundle/bundle-document-zika-anon"},"name":"eICR Anonymized Document Bundle Example: bundle-eicr-document-zika-anon","description":"Example of eICR Anonymized Document Bundle profile (anonymized, Zika)","exampleCanonical":"http://fhir.org/fhir/us/anonymized-eicr/StructureDefinition/eicr-anon-document-bundle","groupingId":"-ex-example"},{"extension":[{"url":"http://hl7.org/fhir/tools/StructureDefinition/resource-sort","valueInteger":999999999},{"url":"http://hl7.org/fhir/StructureDefinition/implementationguide-page","valueUri":"Encounter-encounter-outpatient-anon.html"}],"reference":{"reference":"Encounter/encounter-outpatient-anon"},"name":"eICR Anonymized Encounter Example: encounter-outpatient-anon","description":"Example of eICR Anonymized Encounter profile (anonymized, outpatient)","exampleCanonical":"http://fhir.org/fhir/us/anonymized-eicr/StructureDefinition/eicr-anon-encounter","groupingId":"-ex-example"},{"extension":[{"url":"http://hl7.org/fhir/tools/StructureDefinition/resource-sort","valueInteger":999999999},{"url":"http://hl7.org/fhir/StructureDefinition/implementationguide-page","valueUri":"Immunization-immunization-pneumo-anon.html"}],"reference":{"reference":"Immunization/immunization-pneumo-anon"},"name":"eICR Anonymized Immunization Example: immunization-ecr-pneumo-anonymized","description":"Example of eICR Anonymized Immunization profile (anonymized, pneumo)","exampleCanonical":"http://fhir.org/fhir/us/anonymized-eicr/StructureDefinition/eicr-anon-immunization","groupingId":"-ex-example"},{"extension":[{"url":"http://hl7.org/fhir/tools/StructureDefinition/resource-sort","valueInteger":999999999},{"url":"http://hl7.org/fhir/StructureDefinition/implementationguide-page","valueUri":"Organization-organization-name-tele-addr-anon.html"}],"reference":{"reference":"Organization/organization-name-tele-addr-anon"},"name":"eICR Anonymized Organization Example: anonymized Organization","description":"Example of eICR Anonymized Organization profile (anonymized)","exampleCanonical":"http://fhir.org/fhir/us/anonymized-eicr/StructureDefinition/eicr-anon-organization","groupingId":"-ex-example"},{"extension":[{"url":"http://hl7.org/fhir/tools/StructureDefinition/resource-sort","valueInteger":999999999},{"url":"http://hl7.org/fhir/StructureDefinition/implementationguide-page","valueUri":"Observation-observation-past-or-present-job-anon.html"}],"reference":{"reference":"Observation/observation-past-or-present-job-anon"},"name":"eICR Anonymized Past or Present Job Example: anonymized","description":"Example of eICR Anonymized Past or Present Job profile (anonymized)","exampleCanonical":"http://fhir.org/fhir/us/anonymized-eicr/StructureDefinition/eicr-anon-past-or-present-job","groupingId":"-ex-example"},{"extension":[{"url":"http://hl7.org/fhir/tools/StructureDefinition/resource-sort","valueInteger":999999999},{"url":"http://hl7.org/fhir/StructureDefinition/implementationguide-page","valueUri":"Patient-patient-anon.html"}],"reference":{"reference":"Patient/patient-anon"},"name":"eICR Anonymized Patient Example: Anonymized","description":"Example of eICR Anonymized Patient profile (anonymized)","exampleCanonical":"http://fhir.org/fhir/us/anonymized-eicr/StructureDefinition/eicr-anon-patient","groupingId":"-ex-example"},{"extension":[{"url":"http://hl7.org/fhir/tools/StructureDefinition/resource-sort","valueInteger":999999999},{"url":"http://hl7.org/fhir/StructureDefinition/implementationguide-page","valueUri":"Practitioner-practitioner-anon.html"}],"reference":{"reference":"Practitioner/practitioner-anon"},"name":"eICR Anonymized Practitioner Example: Anonymized","description":"Example of eICR Anonymized Practitioner (anonymized)","exampleCanonical":"http://fhir.org/fhir/us/anonymized-eicr/StructureDefinition/eicr-anon-practitioner","groupingId":"-ex-example"},{"extension":[{"url":"http://hl7.org/fhir/tools/StructureDefinition/resource-sort","valueInteger":999999999},{"url":"http://hl7.org/fhir/StructureDefinition/implementationguide-page","valueUri":"PractitionerRole-practitionerrole-anon.html"}],"reference":{"reference":"PractitionerRole/practitionerrole-anon"},"name":"eICR Anonymized PractitionerRole Example: anonymized","description":"Example of eICR Anonymized PractitionerRole profile (anonymized)","exampleCanonical":"http://fhir.org/fhir/us/anonymized-eicr/StructureDefinition/eicr-anon-practitionerrole","groupingId":"-ex-example"},{"extension":[{"url":"http://hl7.org/fhir/tools/StructureDefinition/resource-sort","valueInteger":999999999},{"url":"http://hl7.org/fhir/StructureDefinition/implementationguide-page","valueUri":"RelatedPerson-relatedperson-anon.html"}],"reference":{"reference":"RelatedPerson/relatedperson-anon"},"name":"eICR Anonymized RelatedPerson Example: Anonymized","description":"Example of eICR Anonymized RelatedPerson profile (anonymized)","exampleCanonical":"http://fhir.org/fhir/us/anonymized-eicr/StructureDefinition/eicr-anon-relatedperson","groupingId":"-ex-example"},{"extension":[{"url":"http://hl7.org/fhir/tools/StructureDefinition/resource-sort","valueInteger":999999999},{"url":"http://hl7.org/fhir/StructureDefinition/implementationguide-page","valueUri":"Condition-condition-zika-anon.html"}],"reference":{"reference":"Condition/condition-zika-anon"},"name":"eICR Condition example: anonymized - zika","description":"Example of eICR Condition profile (anonymized, zika)","exampleBoolean":true,"groupingId":"-ex-example"},{"extension":[{"url":"http://hl7.org/fhir/tools/StructureDefinition/resource-sort","valueInteger":999999999},{"url":"http://hl7.org/fhir/StructureDefinition/implementationguide-page","valueUri":"Patient-patient-anon-not.html"}],"reference":{"reference":"Patient/patient-anon-not"},"name":"eICR NOT Anonymized Patient Example: NOT Anonymized","description":"Example of US Public Health Patient (NOT anonymized)","exampleBoolean":true,"groupingId":"-ex-example"},{"extension":[{"url":"http://hl7.org/fhir/tools/StructureDefinition/resource-sort","valueInteger":999999999},{"url":"http://hl7.org/fhir/StructureDefinition/implementationguide-page","valueUri":"Procedure-procedure-ecmo-anon.html"}],"reference":{"reference":"Procedure/procedure-ecmo-anon"},"name":"eICR Procedure Example: ECMO","description":"Example of eICR Procedure (anonymized, ECMO)","exampleBoolean":true,"groupingId":"-ex-example"},{"extension":[{"url":"http://hl7.org/fhir/tools/StructureDefinition/resource-sort","valueInteger":999999999},{"url":"http://hl7.org/fhir/StructureDefinition/implementationguide-page","valueUri":"ServiceRequest-servicerequest-zika-anon.html"}],"reference":{"reference":"ServiceRequest/servicerequest-zika-anon"},"name":"eICR ServiceRequest Example","description":"Example of eICR ServiceRequest profile (anonymized, Zika RT-PCR)","exampleBoolean":true,"groupingId":"-ex-example"},{"extension":[{"url":"http://hl7.org/fhir/tools/StructureDefinition/resource-sort","valueInteger":999999999},{"url":"http://hl7.org/fhir/StructureDefinition/implementationguide-page","valueUri":"Observation-observation-vaccine-credential-assertion-anon.html"}],"reference":{"reference":"Observation/observation-vaccine-credential-assertion-anon"},"name":"eICR Vaccine Credential Patient Assertion Observation Example: anonymized","description":"Example of eICR Vaccine Credential Patient Assertion Observation (anonymized)","exampleBoolean":true,"groupingId":"-ex-example"}],"page":{"extension":[{"url":"http://hl7.org/fhir/tools/StructureDefinition/ig-page-name","valueUrl":"toc.html"}],"nameUrl":"toc.html","title":"Table of Contents","generation":"html","page":[{"extension":[{"url":"http://hl7.org/fhir/tools/StructureDefinition/ig-page-name","valueUrl":"index.html"}],"nameUrl":"index.html","title":"Home Page","generation":"markdown"},{"extension":[{"url":"http://hl7.org/fhir/tools/StructureDefinition/ig-page-name","valueUrl":"technical_guidance.html"}],"nameUrl":"technical_guidance.html","title":"Technical Guidance","generation":"markdown"},{"extension":[{"url":"http://hl7.org/fhir/tools/StructureDefinition/ig-page-name","valueUrl":"downloads.html"}],"nameUrl":"downloads.html","title":"Downloads","generation":"markdown"},{"extension":[{"url":"http://hl7.org/fhir/tools/StructureDefinition/ig-page-name","valueUrl":"getting_started.html"}],"nameUrl":"getting_started.html","title":"Getting Started","generation":"markdown"},{"extension":[{"url":"http://hl7.org/fhir/tools/StructureDefinition/ig-page-name","valueUrl":"artifacts.html"}],"nameUrl":"artifacts.html","title":"Artifacts Summary","generation":"html","page":[{"extension":[{"url":"http://hl7.org/fhir/tools/StructureDefinition/ig-page-name","valueUrl":"StructureDefinition-eicr-anon-caculated-age.html"}],"nameUrl":"StructureDefinition-eicr-anon-caculated-age.html","title":"eICR Anonymized Calculated Age","generation":"generated"},{"extension":[{"url":"http://hl7.org/fhir/tools/StructureDefinition/ig-page-name","valueUrl":"StructureDefinition-eicr-anon-composition.html"}],"nameUrl":"StructureDefinition-eicr-anon-composition.html","title":"eICR Anonymized Composition","generation":"generated"},{"extension":[{"url":"http://hl7.org/fhir/tools/StructureDefinition/ig-page-name","valueUrl":"StructureDefinition-eicr-anon-document-bundle.html"}],"nameUrl":"StructureDefinition-eicr-anon-document-bundle.html","title":"eICR Anonymized Document Bundle","generation":"generated"},{"extension":[{"url":"http://hl7.org/fhir/tools/StructureDefinition/ig-page-name","valueUrl":"StructureDefinition-eicr-anon-encounter.html"}],"nameUrl":"StructureDefinition-eicr-anon-encounter.html","title":"eICR Anonymized Encounter","generation":"generated"},{"extension":[{"url":"http://hl7.org/fhir/tools/StructureDefinition/ig-page-name","valueUrl":"StructureDefinition-eicr-anon-immunization.html"}],"nameUrl":"StructureDefinition-eicr-anon-immunization.html","title":"eICR Anonymized Immunization","generation":"generated"},{"extension":[{"url":"http://hl7.org/fhir/tools/StructureDefinition/ig-page-name","valueUrl":"StructureDefinition-eicr-anon-organization.html"}],"nameUrl":"StructureDefinition-eicr-anon-organization.html","title":"eICR Anonymized Organization","generation":"generated"},{"extension":[{"url":"http://hl7.org/fhir/tools/StructureDefinition/ig-page-name","valueUrl":"StructureDefinition-eicr-anon-past-or-present-job.html"}],"nameUrl":"StructureDefinition-eicr-anon-past-or-present-job.html","title":"eICR Anonymized Past or Present Job","generation":"generated"},{"extension":[{"url":"http://hl7.org/fhir/tools/StructureDefinition/ig-page-name","valueUrl":"StructureDefinition-eicr-anon-patient.html"}],"nameUrl":"StructureDefinition-eicr-anon-patient.html","title":"eICR Anonymized Patient","generation":"generated"},{"extension":[{"url":"http://hl7.org/fhir/tools/StructureDefinition/ig-page-name","valueUrl":"StructureDefinition-eicr-anon-practitioner.html"}],"nameUrl":"StructureDefinition-eicr-anon-practitioner.html","title":"eICR Anonymized Practitioner","generation":"generated"},{"extension":[{"url":"http://hl7.org/fhir/tools/StructureDefinition/ig-page-name","valueUrl":"StructureDefinition-eicr-anon-practitionerrole.html"}],"nameUrl":"StructureDefinition-eicr-anon-practitionerrole.html","title":"eICR Anonymized PractitionerRole","generation":"generated"},{"extension":[{"url":"http://hl7.org/fhir/tools/StructureDefinition/ig-page-name","valueUrl":"StructureDefinition-eicr-anon-relatedperson.html"}],"nameUrl":"StructureDefinition-eicr-anon-relatedperson.html","title":"eICR Anonymized RelatedPerson","generation":"generated"},{"extension":[{"url":"http://hl7.org/fhir/tools/StructureDefinition/ig-page-name","valueUrl":"Observation-observation-calculated-age-anon.html"}],"nameUrl":"Observation-observation-calculated-age-anon.html","title":"Calculated Age Observation Example: anonymized","generation":"generated"},{"extension":[{"url":"http://hl7.org/fhir/tools/StructureDefinition/ig-page-name","valueUrl":"Observation-observation-country-of-nationality-anon.html"}],"nameUrl":"Observation-observation-country-of-nationality-anon.html","title":"Country of Nationality Observation Example: anonymized","generation":"generated"},{"extension":[{"url":"http://hl7.org/fhir/tools/StructureDefinition/ig-page-name","valueUrl":"Observation-observation-country-of-residence-anon.html"}],"nameUrl":"Observation-observation-country-of-residence-anon.html","title":"Country of Residence Observation Example: anonymized","generation":"generated"},{"extension":[{"url":"http://hl7.org/fhir/tools/StructureDefinition/ig-page-name","valueUrl":"Device-device-ecmo-anon.html"}],"nameUrl":"Device-device-ecmo-anon.html","title":"Device Example: ECMO, anonymized","generation":"generated"},{"extension":[{"url":"http://hl7.org/fhir/tools/StructureDefinition/ig-page-name","valueUrl":"Observation-observation-disability-status-anon.html"}],"nameUrl":"Observation-observation-disability-status-anon.html","title":"Disability Status Example: anonymized","generation":"generated"},{"extension":[{"url":"http://hl7.org/fhir/tools/StructureDefinition/ig-page-name","valueUrl":"Composition-composition-zika-anon.html"}],"nameUrl":"Composition-composition-zika-anon.html","title":"eICR Anonymized Composition Example: Initial Public Health Case Report - Anonymized, Zika","generation":"generated"},{"extension":[{"url":"http://hl7.org/fhir/tools/StructureDefinition/ig-page-name","valueUrl":"Bundle-bundle-document-zika-anon.html"}],"nameUrl":"Bundle-bundle-document-zika-anon.html","title":"eICR Anonymized Document Bundle Example: bundle-eicr-document-zika-anon","generation":"generated"},{"extension":[{"url":"http://hl7.org/fhir/tools/StructureDefinition/ig-page-name","valueUrl":"Encounter-encounter-outpatient-anon.html"}],"nameUrl":"Encounter-encounter-outpatient-anon.html","title":"eICR Anonymized Encounter Example: encounter-outpatient-anon","generation":"generated"},{"extension":[{"url":"http://hl7.org/fhir/tools/StructureDefinition/ig-page-name","valueUrl":"Immunization-immunization-pneumo-anon.html"}],"nameUrl":"Immunization-immunization-pneumo-anon.html","title":"eICR Anonymized Immunization Example: immunization-ecr-pneumo-anonymized","generation":"generated"},{"extension":[{"url":"http://hl7.org/fhir/tools/StructureDefinition/ig-page-name","valueUrl":"Organization-organization-name-tele-addr-anon.html"}],"nameUrl":"Organization-organization-name-tele-addr-anon.html","title":"eICR Anonymized Organization Example: anonymized Organization","generation":"generated"},{"extension":[{"url":"http://hl7.org/fhir/tools/StructureDefinition/ig-page-name","valueUrl":"Observation-observation-past-or-present-job-anon.html"}],"nameUrl":"Observation-observation-past-or-present-job-anon.html","title":"eICR Anonymized Past or Present Job Example: anonymized","generation":"generated"},{"extension":[{"url":"http://hl7.org/fhir/tools/StructureDefinition/ig-page-name","valueUrl":"Patient-patient-anon.html"}],"nameUrl":"Patient-patient-anon.html","title":"eICR Anonymized Patient Example: Anonymized","generation":"generated"},{"extension":[{"url":"http://hl7.org/fhir/tools/StructureDefinition/ig-page-name","valueUrl":"Practitioner-practitioner-anon.html"}],"nameUrl":"Practitioner-practitioner-anon.html","title":"eICR Anonymized Practitioner Example: Anonymized","generation":"generated"},{"extension":[{"url":"http://hl7.org/fhir/tools/StructureDefinition/ig-page-name","valueUrl":"PractitionerRole-practitionerrole-anon.html"}],"nameUrl":"PractitionerRole-practitionerrole-anon.html","title":"eICR Anonymized PractitionerRole Example: anonymized","generation":"generated"},{"extension":[{"url":"http://hl7.org/fhir/tools/StructureDefinition/ig-page-name","valueUrl":"RelatedPerson-relatedperson-anon.html"}],"nameUrl":"RelatedPerson-relatedperson-anon.html","title":"eICR Anonymized RelatedPerson Example: Anonymized","generation":"generated"},{"extension":[{"url":"http://hl7.org/fhir/tools/StructureDefinition/ig-page-name","valueUrl":"Condition-condition-zika-anon.html"}],"nameUrl":"Condition-condition-zika-anon.html","title":"eICR Condition example: anonymized - zika","generation":"generated"},{"extension":[{"url":"http://hl7.org/fhir/tools/StructureDefinition/ig-page-name","valueUrl":"Patient-patient-anon-not.html"}],"nameUrl":"Patient-patient-anon-not.html","title":"eICR NOT Anonymized Patient Example: NOT Anonymized","generation":"generated"},{"extension":[{"url":"http://hl7.org/fhir/tools/StructureDefinition/ig-page-name","valueUrl":"Procedure-procedure-ecmo-anon.html"}],"nameUrl":"Procedure-procedure-ecmo-anon.html","title":"eICR Procedure Example: ECMO","generation":"generated"},{"extension":[{"url":"http://hl7.org/fhir/tools/StructureDefinition/ig-page-name","valueUrl":"ServiceRequest-servicerequest-zika-anon.html"}],"nameUrl":"ServiceRequest-servicerequest-zika-anon.html","title":"eICR ServiceRequest Example","generation":"generated"},{"extension":[{"url":"http://hl7.org/fhir/tools/StructureDefinition/ig-page-name","valueUrl":"Observation-observation-vaccine-credential-assertion-anon.html"}],"nameUrl":"Observation-observation-vaccine-credential-assertion-anon.html","title":"eICR Vaccine Credential Patient Assertion Observation Example: anonymized","generation":"generated"},{"extension":[{"url":"http://hl7.org/fhir/tools/StructureDefinition/ig-page-name","valueUrl":"Location-location-city-football-stadium-anon.html"}],"nameUrl":"Location-location-city-football-stadium-anon.html","title":"Location Example: City Football Stadium","generation":"generated"},{"extension":[{"url":"http://hl7.org/fhir/tools/StructureDefinition/ig-page-name","valueUrl":"MedicationAdministration-medicationadministration-azithromycin-anon.html"}],"nameUrl":"MedicationAdministration-medicationadministration-azithromycin-anon.html","title":"MedicationAdministration Example: anonymized, azithromycin","generation":"generated"},{"extension":[{"url":"http://hl7.org/fhir/tools/StructureDefinition/ig-page-name","valueUrl":"MedicationAdministration-medicationadministration-naloxone-response-anon.html"}],"nameUrl":"MedicationAdministration-medicationadministration-naloxone-response-anon.html","title":"MedicationAdministration Example: anonymized, naloxone response","generation":"generated"},{"extension":[{"url":"http://hl7.org/fhir/tools/StructureDefinition/ig-page-name","valueUrl":"Observation-observation-odh-usual-work-anon.html"}],"nameUrl":"Observation-observation-odh-usual-work-anon.html","title":"ODH Usual Work Example: observation-odh-usual-work-anonymized","generation":"generated"},{"extension":[{"url":"http://hl7.org/fhir/tools/StructureDefinition/ig-page-name","valueUrl":"DocumentReference-documentreference-add-reporting-needs-pdf.html"}],"nameUrl":"DocumentReference-documentreference-add-reporting-needs-pdf.html","title":"RR DocumentReference example: Additional reporting needs","generation":"generated"},{"extension":[{"url":"http://hl7.org/fhir/tools/StructureDefinition/ig-page-name","valueUrl":"DocumentReference-documentreference-zika-follow-up-pdf.html"}],"nameUrl":"DocumentReference-documentreference-zika-follow-up-pdf.html","title":"RR DocumentReference example: Zika follow-up","generation":"generated"},{"extension":[{"url":"http://hl7.org/fhir/tools/StructureDefinition/ig-page-name","valueUrl":"DocumentReference-documentreference-zika-info-pdf.html"}],"nameUrl":"DocumentReference-documentreference-zika-info-pdf.html","title":"RR DocumentReference example: Zika info","generation":"generated"},{"extension":[{"url":"http://hl7.org/fhir/tools/StructureDefinition/ig-page-name","valueUrl":"Observation-observation-rr-relevant-reportable-condition-anon.html"}],"nameUrl":"Observation-observation-rr-relevant-reportable-condition-anon.html","title":"RR Relevant Reportable Condition Observation Example - anonymized","generation":"generated"},{"extension":[{"url":"http://hl7.org/fhir/tools/StructureDefinition/ig-page-name","valueUrl":"Observation-observation-rr-reportability-information-anon.html"}],"nameUrl":"Observation-observation-rr-reportability-information-anon.html","title":"RR Reportability Information Observation Example - anonymized","generation":"generated"},{"extension":[{"url":"http://hl7.org/fhir/tools/StructureDefinition/ig-page-name","valueUrl":"Organization-organization-rr-responsible-agency-haw.html"}],"nameUrl":"Organization-organization-rr-responsible-agency-haw.html","title":"RR Responsible Agency Organization Example: Health Authority West Responsible Agency","generation":"generated"},{"extension":[{"url":"http://hl7.org/fhir/tools/StructureDefinition/ig-page-name","valueUrl":"Organization-organization-rr-routing-entity-haw.html"}],"nameUrl":"Organization-organization-rr-routing-entity-haw.html","title":"RR Routing Entity Organization Example: Health Authority West Routing Entity","generation":"generated"},{"extension":[{"url":"http://hl7.org/fhir/tools/StructureDefinition/ig-page-name","valueUrl":"Organization-organization-rr-rules-authoring-agency-haw.html"}],"nameUrl":"Organization-organization-rr-rules-authoring-agency-haw.html","title":"RR Rules Authoring Agency Organization Example: Health Authority West Rules Authoring Agency","generation":"generated"},{"extension":[{"url":"http://hl7.org/fhir/tools/StructureDefinition/ig-page-name","valueUrl":"Observation-observation-travel-history-201801-anon.html"}],"nameUrl":"Observation-observation-travel-history-201801-anon.html","title":"Travel History Observation Example: observation-travel-history-anonymized-201801","generation":"generated"},{"extension":[{"url":"http://hl7.org/fhir/tools/StructureDefinition/ig-page-name","valueUrl":"Observation-observation-lab-result-lymphocytes-anon.html"}],"nameUrl":"Observation-observation-lab-result-lymphocytes-anon.html","title":"US Core Lab Result Observation Example: observation-lab-result-lymphocytes-anon","generation":"generated"},{"extension":[{"url":"http://hl7.org/fhir/tools/StructureDefinition/ig-page-name","valueUrl":"Observation-observation-blood-pressure-anon.html"}],"nameUrl":"Observation-observation-blood-pressure-anon.html","title":"US Core Vital Sign Observation example","generation":"generated"},{"extension":[{"url":"http://hl7.org/fhir/tools/StructureDefinition/ig-page-name","valueUrl":"Organization-organization-acme-laboratory.html"}],"nameUrl":"Organization-organization-acme-laboratory.html","title":"US PH Organization Example: Acme Labs","generation":"generated"},{"extension":[{"url":"http://hl7.org/fhir/tools/StructureDefinition/ig-page-name","valueUrl":"Condition-condition-common-cold-anon.html"}],"nameUrl":"Condition-condition-common-cold-anon.html","title":"US Public Health Condition example: anonymized - common cold","generation":"generated"},{"extension":[{"url":"http://hl7.org/fhir/tools/StructureDefinition/ig-page-name","valueUrl":"Observation-observation-emergency-outbreak-info-anon.html"}],"nameUrl":"Observation-observation-emergency-outbreak-info-anon.html","title":"US Public Health Emergency Outbreak Information Example: anonymized","generation":"generated"},{"extension":[{"url":"http://hl7.org/fhir/tools/StructureDefinition/ig-page-name","valueUrl":"Location-location-salem-medical-center.html"}],"nameUrl":"Location-location-salem-medical-center.html","title":"US Public Health Location Example: Clinic Bldg A, Salem Medical Center","generation":"generated"},{"extension":[{"url":"http://hl7.org/fhir/tools/StructureDefinition/ig-page-name","valueUrl":"Organization-organization-custodian.html"}],"nameUrl":"Organization-organization-custodian.html","title":"US Public Health Organization Example: Custodian Organization","generation":"generated"},{"extension":[{"url":"http://hl7.org/fhir/tools/StructureDefinition/ig-page-name","valueUrl":"Organization-organization-salem-medical-center.html"}],"nameUrl":"Organization-organization-salem-medical-center.html","title":"US Public Health Organization Example: Salem Medical Center","generation":"generated"},{"extension":[{"url":"http://hl7.org/fhir/tools/StructureDefinition/ig-page-name","valueUrl":"Observation-observation-pregnancy-status-anon.html"}],"nameUrl":"Observation-observation-pregnancy-status-anon.html","title":"US Public Health Pregnancy Status Observation Example: anonymized","generation":"generated"}]}]},"parameter":[{"code":"path-resource","value":"input/capabilities"},{"code":"path-resource","value":"input/examples"},{"code":"path-resource","value":"input/extensions"},{"code":"path-resource","value":"input/models"},{"code":"path-resource","value":"input/operations"},{"code":"path-resource","value":"input/profiles"},{"code":"path-resource","value":"input/resources"},{"code":"path-resource","value":"input/vocabulary"},{"code":"path-resource","value":"input/maps"},{"code":"path-resource","value":"input/testing"},{"code":"path-resource","value":"input/history"},{"code":"path-resource","value":"fsh-generated/resources"},{"code":"path-pages","value":"template/config"},{"code":"path-pages","value":"input/images"},{"code":"path-tx-cache","value":"input-cache/txcache"}]}}