{
  "resourceType" : "Condition",
  "id" : "condition-zika-anon",
  "text" : {
    "extension" : [{
      "url" : "http://hl7.org/fhir/StructureDefinition/data-absent-reason",
      "valueCode" : "masked"
    }],
    "status" : "empty",
    "div" : "<div xmlns=\"http://www.w3.org/1999/xhtml\"><p>MASKED</p></div>"
  },
  "category" : [{
    "coding" : [{
      "system" : "http://terminology.hl7.org/CodeSystem/condition-category",
      "code" : "encounter-diagnosis",
      "display" : "Encounter Diagnosis"
    }]
  }],
  "code" : {
    "coding" : [{
      "system" : "http://snomed.info/sct",
      "code" : "3928002",
      "display" : "Zika virus disease (disorder)"
    }]
  },
  "subject" : {
    "reference" : "Patient/patient-anon"
  },
  "onsetDateTime" : "2017-08-23",
  "asserter" : {
    "reference" : "Practitioner/practitioner-anon"
  }
}