{
  "resourceType" : "Device",
  "id" : "device-ecmo-anon",
  "text" : {
    "extension" : [{
      "url" : "http://hl7.org/fhir/StructureDefinition/data-absent-reason",
      "valueCode" : "masked"
    }],
    "status" : "empty",
    "div" : "<div xmlns=\"http://www.w3.org/1999/xhtml\"><p>MASKED</p></div>"
  },
  "udiCarrier" : [{
    "deviceIdentifier" : "99863313444316",
    "carrierHRF" : "(01)99863313444316(17)220101(10)M320(21)AC222",
    "entryType" : "rfid"
  }],
  "status" : "active",
  "manufacturer" : "ACME Biomedical",
  "expirationDate" : "2022-01-01",
  "lotNumber" : "M320",
  "serialNumber" : "AC222",
  "deviceName" : [{
    "name" : "ACME Extracorporeal membrane oxygenator",
    "type" : "udi-label-name"
  }],
  "modelNumber" : "4.0",
  "type" : {
    "coding" : [{
      "system" : "http://snomed.info/sct",
      "code" : "469244005",
      "display" : "Extracorporeal membrane oxygenator (physical object)"
    }],
    "text" : "Extracorporeal membrane oxygenator (physical object)"
  },
  "patient" : {
    "reference" : "Patient/patient-anon"
  }
}