{
  "resourceType" : "DocumentReference",
  "id" : "documentreference-zika-info-pdf",
  "meta" : {
    "profile" : ["http://hl7.org/fhir/us/ecr/StructureDefinition/rr-documentreference"]
  },
  "text" : {
    "extension" : [{
      "url" : "http://hl7.org/fhir/StructureDefinition/data-absent-reason",
      "valueCode" : "masked"
    }],
    "status" : "empty",
    "div" : "<div xmlns=\"http://www.w3.org/1999/xhtml\"><p>MASKED</p></div>"
  },
  "extension" : [{
    "url" : "http://hl7.org/fhir/us/ecr/StructureDefinition/rr-priority-extension",
    "valueCodeableConcept" : {
      "coding" : [{
        "system" : "urn:oid:2.16.840.1.114222.4.5.274",
        "code" : "RRVS17",
        "display" : "Immediate action required"
      }]
    }
  }],
  "status" : "current",
  "type" : {
    "coding" : [{
      "system" : "http://loinc.org",
      "code" : "83910-0",
      "display" : "Public health Note"
    }],
    "text" : "Public health information"
  },
  "category" : [{
    "coding" : [{
      "system" : "urn:oid:2.16.840.1.114222.4.5.274",
      "code" : "RRVS13",
      "display" : "Outbreak- or Cluster Related"
    }],
    "text" : "Outbreak- or Cluster Related"
  }],
  "subject" : {
    "reference" : "Patient/patient-anon"
  },
  "description" : "Local mosquito-borne Zika virus creation was reported in your area. Increased watchfulness for symptoms of Zika virus in your patients is warranted.",
  "content" : [{
    "attachment" : {
      "contentType" : "application/pdf",
      "url" : "http://statedepartmentofhealth.gov/epi/disease/zika/outbreakinfo.pdf"
    }
  }]
}