{
  "resourceType" : "Location",
  "id" : "location-city-football-stadium-anon",
  "meta" : {
    "profile" : ["http://hl7.org/fhir/us/core/StructureDefinition/us-core-location"]
  },
  "text" : {
    "extension" : [{
      "url" : "http://hl7.org/fhir/StructureDefinition/data-absent-reason",
      "valueCode" : "masked"
    }],
    "status" : "empty",
    "div" : "<div xmlns=\"http://www.w3.org/1999/xhtml\"><p>MASKED</p></div>"
  },
  "status" : "active",
  "name" : "City Football Stadium",
  "type" : [{
    "coding" : [{
      "system" : "http://snomed.info/sct",
      "code" : "264379009",
      "display" : "Sports stadium (environment)"
    }],
    "text" : "City Football Stadium"
  }],
  "address" : {
    "line" : ["99 Football Stadium Road"],
    "city" : "My City",
    "state" : "AZ",
    "postalCode" : "8562"
  }
}