{
  "resourceType" : "Location",
  "id" : "location-salem-medical-center",
  "meta" : {
    "profile" : ["http://hl7.org/fhir/us/ecr/StructureDefinition/us-ph-location"]
  },
  "text" : {
    "extension" : [{
      "url" : "http://hl7.org/fhir/StructureDefinition/data-absent-reason",
      "valueCode" : "masked"
    }],
    "status" : "empty",
    "div" : "<div xmlns=\"http://www.w3.org/1999/xhtml\"><p>MASKED</p></div>"
  },
  "identifier" : [{
    "system" : "http://hl7.org.fhir/sid/us-npi",
    "value" : "1144221995"
  }],
  "status" : "active",
  "name" : "Clinic Bldg A, Salem Medical Center",
  "type" : [{
    "coding" : [{
      "system" : "http://terminology.hl7.org/CodeSystem/v3-RoleCode",
      "code" : "HOSP",
      "display" : "Hospital"
    }]
  }],
  "telecom" : [{
    "system" : "phone",
    "value" : "(+1) (555)555-3001"
  },
  {
    "system" : "fax",
    "value" : "(+1) (555)555-3002"
  },
  {
    "system" : "email",
    "value" : "mail@smc.org"
  }],
  "address" : {
    "line" : ["Clinic Bldg A",
    "4444 Healthcare Drive"],
    "city" : "Ann Arbor",
    "state" : "MI",
    "postalCode" : "99999"
  },
  "managingOrganization" : {
    "reference" : "Organization/organization-salem-medical-center"
  }
}