{
  "resourceType" : "Location",
  "id" : "location-city-football-stadium-anon",
  "meta" : {
    "profile" : ["http://hl7.org/fhir/us/core/StructureDefinition/us-core-location"]
  },
  "text" : {
    "status" : "generated",
    "div" : "<div xmlns=\"http://www.w3.org/1999/xhtml\"><p><b>Generated Narrative: Location </b><a name=\"location-city-football-stadium-anon\"> </a><a name=\"hclocation-city-football-stadium-anon\"> </a></p><div style=\"display: inline-block; background-color: #d9e0e7; padding: 6px; margin: 4px; border: 1px solid #8da1b4; border-radius: 5px; line-height: 60%\"><p style=\"margin-bottom: 0px\">ResourceLocation &quot;location-city-football-stadium-anon&quot; </p><p style=\"margin-bottom: 0px\">Profile: <a href=\"http://hl7.org/fhir/us/core/STU4/StructureDefinition-us-core-location.html\">US Core Location Profile</a></p></div><p><b>status</b>: active</p><p><b>name</b>: City Football Stadium</p><p><b>type</b>: City Football Stadium <span style=\"background: LightGoldenRodYellow; margin: 4px; border: 1px solid khaki\"> (<a href=\"https://browser.ihtsdotools.org/\">SNOMED CT</a>#264379009 &quot;Sports stadium (environment)&quot;)</span></p><p><b>address</b>: 99 Football Stadium Road My City AZ 8562 </p></div>"
  },
  "status" : "active",
  "name" : "City Football Stadium",
  "type" : [{
    "coding" : [{
      "system" : "http://snomed.info/sct",
      "code" : "264379009",
      "display" : "Sports stadium (environment)"
    }],
    "text" : "City Football Stadium"
  }],
  "address" : {
    "line" : ["99 Football Stadium Road"],
    "city" : "My City",
    "state" : "AZ",
    "postalCode" : "8562"
  }
}