{
  "resourceType" : "MedicationAdministration",
  "id" : "medicationadministration-azithromycin-anon",
  "meta" : {
    "profile" : ["http://hl7.org/fhir/us/ecr/StructureDefinition/us-ph-medicationadministration"]
  },
  "text" : {
    "extension" : [{
      "url" : "http://hl7.org/fhir/StructureDefinition/data-absent-reason",
      "valueCode" : "masked"
    }],
    "status" : "empty",
    "div" : "<div xmlns=\"http://www.w3.org/1999/xhtml\"><p>MASKED</p></div>"
  },
  "status" : "completed",
  "medicationCodeableConcept" : {
    "coding" : [{
      "system" : "http://www.nlm.nih.gov/research/umls/rxnorm",
      "code" : "248656",
      "display" : "Azithromycin 500 MG Oral Tablet"
    }],
    "text" : "Azithromycin 500 MG Oral Tablet"
  },
  "subject" : {
    "reference" : "Patient/patient-anon"
  },
  "effectivePeriod" : {
    "start" : "2018-03-07",
    "end" : "2018-03-07"
  },
  "dosage" : {
    "text" : "Two tablets at once",
    "route" : {
      "coding" : [{
        "system" : "http://snomed.info/sct",
        "code" : "26643006",
        "display" : "Oral route"
      }]
    },
    "method" : {
      "coding" : [{
        "system" : "http://snomed.info/sct",
        "code" : "421521009",
        "display" : "Swallow - dosing instruction imperative (qualifier value)"
      }]
    },
    "dose" : {
      "value" : 2,
      "unit" : "TAB",
      "system" : "http://terminology.hl7.org/CodeSystem/v3-orderableDrugForm",
      "code" : "TAB"
    }
  }
}