{
  "resourceType" : "Observation",
  "id" : "observation-odh-usual-work-anon",
  "meta" : {
    "profile" : ["http://hl7.org/fhir/us/odh/StructureDefinition/odh-UsualWork"]
  },
  "text" : {
    "extension" : [{
      "url" : "http://hl7.org/fhir/StructureDefinition/data-absent-reason",
      "valueCode" : "masked"
    }],
    "status" : "empty",
    "div" : "<div xmlns=\"http://www.w3.org/1999/xhtml\"><p>MASKED</p></div>"
  },
  "status" : "final",
  "code" : {
    "coding" : [{
      "system" : "http://loinc.org",
      "code" : "21843-8",
      "display" : "History of Usual occupation"
    }]
  },
  "subject" : {
    "reference" : "Patient/patient-anon"
  },
  "effectivePeriod" : {
    "start" : "2015-01-01",
    "end" : "2018-03-07"
  },
  "valueCodeableConcept" : {
    "coding" : [{
      "system" : "urn:oid:2.16.840.1.114222.4.5.314",
      "code" : "0136",
      "display" : "Human Resources Managers"
    }]
  },
  "component" : [{
    "code" : {
      "coding" : [{
        "system" : "http://loinc.org",
        "code" : "21844-6",
        "display" : "History of Usual industry"
      }]
    },
    "valueCodeableConcept" : {
      "coding" : [{
        "system" : "urn:oid:2.16.840.1.114222.4.5.315",
        "code" : "8190",
        "display" : "Hospitals"
      }]
    }
  }]
}