{
  "resourceType" : "Observation",
  "id" : "observation-disability-status-anon",
  "meta" : {
    "profile" : ["http://hl7.org/fhir/us/ecr/StructureDefinition/us-ph-disability-status"]
  },
  "text" : {
    "extension" : [{
      "url" : "http://hl7.org/fhir/StructureDefinition/data-absent-reason",
      "valueCode" : "masked"
    }],
    "status" : "empty",
    "div" : "<div xmlns=\"http://www.w3.org/1999/xhtml\"><p>MASKED</p></div>"
  },
  "status" : "final",
  "code" : {
    "coding" : [{
      "system" : "http://loinc.org",
      "code" : "69856-3",
      "display" : "Are you deaf, or do you have serious difficulty hearing"
    }]
  },
  "subject" : {
    "reference" : "Patient/patient-anon"
  },
  "effectiveDateTime" : "2020-11-10T22:33:22Z",
  "valueBoolean" : true
}