{
  "resourceType" : "Observation",
  "id" : "observation-rr-relevant-reportable-condition-anon",
  "meta" : {
    "profile" : ["http://hl7.org/fhir/us/ecr/StructureDefinition/rr-relevant-reportable-condition-observation"]
  },
  "text" : {
    "extension" : [{
      "url" : "http://hl7.org/fhir/StructureDefinition/data-absent-reason",
      "valueCode" : "masked"
    }],
    "status" : "empty",
    "div" : "<div xmlns=\"http://www.w3.org/1999/xhtml\"><p>MASKED</p></div>"
  },
  "status" : "final",
  "code" : {
    "coding" : [{
      "system" : "http://snomed.info/sct",
      "code" : "64572001"
    },
    {
      "system" : "http://loinc.org",
      "code" : "75323-6"
    }],
    "text" : "Condition"
  },
  "subject" : {
    "reference" : "Patient/patient-anon"
  },
  "valueCodeableConcept" : {
    "coding" : [{
      "system" : "http://snomed.info/sct",
      "code" : "3928002",
      "display" : "Zika virus disease (disorder)"
    }]
  },
  "hasMember" : [{
    "reference" : "Observation/observation-rr-reportability-information-anon"
  }]
}