{
  "resourceType" : "Observation",
  "id" : "observation-rr-reportability-information-anon",
  "meta" : {
    "profile" : ["http://hl7.org/fhir/us/ecr/StructureDefinition/rr-reportability-information-observation"]
  },
  "text" : {
    "extension" : [{
      "url" : "http://hl7.org/fhir/StructureDefinition/data-absent-reason",
      "valueCode" : "masked"
    }],
    "status" : "empty",
    "div" : "<div xmlns=\"http://www.w3.org/1999/xhtml\"><p>MASKED</p></div>"
  },
  "extension" : [{
    "url" : "http://hl7.org/fhir/us/ecr/StructureDefinition/us-ph-determination-of-reportability-extension",
    "valueCodeableConcept" : {
      "coding" : [{
        "system" : "urn:oid:2.16.840.1.114222.4.5.274",
        "code" : "RRVS1",
        "display" : "Reportable"
      }]
    }
  },
  {
    "url" : "http://hl7.org/fhir/us/ecr/StructureDefinition/us-ph-determination-of-reportability-reason-extension",
    "valueString" : "Condition is reportable"
  },
  {
    "url" : "http://hl7.org/fhir/us/ecr/StructureDefinition/us-ph-determination-of-reportability-rule-extension",
    "valueString" : "Description of rule used in reportability determination"
  },
  {
    "url" : "http://hl7.org/fhir/us/ecr/StructureDefinition/rr-external-resource-extension",
    "valueReference" : {
      "reference" : "DocumentReference/documentreference-add-reporting-needs-pdf"
    }
  },
  {
    "url" : "http://hl7.org/fhir/us/ecr/StructureDefinition/rr-external-resource-extension",
    "valueReference" : {
      "reference" : "DocumentReference/documentreference-zika-info-pdf"
    }
  },
  {
    "url" : "http://hl7.org/fhir/us/ecr/StructureDefinition/rr-external-resource-extension",
    "valueReference" : {
      "reference" : "DocumentReference/documentreference-zika-follow-up-pdf"
    }
  }],
  "status" : "final",
  "code" : {
    "coding" : [{
      "system" : "urn:oid:2.16.840.1.114222.4.5.274",
      "code" : "RRVS5",
      "display" : "Patient home address"
    }]
  },
  "subject" : {
    "reference" : "Patient/patient-anon"
  },
  "performer" : [{
    "reference" : "Organization/organization-rr-rules-authoring-agency-haw"
  },
  {
    "reference" : "Organization/organization-rr-routing-entity-haw"
  },
  {
    "reference" : "Organization/organization-rr-responsible-agency-haw"
  }],
  "component" : [{
    "code" : {
      "coding" : [{
        "system" : "urn:oid:2.16.840.1.114222.4.5.232",
        "code" : "RR4",
        "display" : "Timeframe to report (urgency)"
      }]
    },
    "valueQuantity" : {
      "value" : 24,
      "unit" : "H",
      "system" : "http://unitsofmeasure.org",
      "code" : "H"
    }
  }]
}