{
  "resourceType" : "Observation",
  "id" : "observation-emergency-outbreak-info-anon",
  "meta" : {
    "profile" : ["http://hl7.org/fhir/us/ecr/StructureDefinition/us-ph-emergency-outbreak-information"]
  },
  "text" : {
    "extension" : [{
      "url" : "http://hl7.org/fhir/StructureDefinition/data-absent-reason",
      "valueCode" : "masked"
    }],
    "status" : "empty",
    "div" : "<div xmlns=\"http://www.w3.org/1999/xhtml\"><p>MASKED</p></div>"
  },
  "status" : "final",
  "code" : {
    "text" : "Employee desk distance from mail sorter"
  },
  "subject" : {
    "reference" : "Patient/patient-anon"
  },
  "effectiveDateTime" : "2020-11-18T22:33:22Z",
  "valueQuantity" : {
    "value" : 2,
    "unit" : "m"
  }
}