{
  "resourceType" : "Observation",
  "id" : "observation-lab-result-lymphocytes-anon",
  "meta" : {
    "profile" : ["http://hl7.org/fhir/us/core/StructureDefinition/us-core-observation-lab"]
  },
  "text" : {
    "status" : "generated",
    "div" : "<div xmlns=\"http://www.w3.org/1999/xhtml\"><p><b>Generated Narrative: Observation </b><a name=\"observation-lab-result-lymphocytes-anon\"> </a><a name=\"hcobservation-lab-result-lymphocytes-anon\"> </a></p><div style=\"display: inline-block; background-color: #d9e0e7; padding: 6px; margin: 4px; border: 1px solid #8da1b4; border-radius: 5px; line-height: 60%\"><p style=\"margin-bottom: 0px\">ResourceObservation &quot;observation-lab-result-lymphocytes-anon&quot; </p><p style=\"margin-bottom: 0px\">Profile: <a href=\"http://hl7.org/fhir/us/core/STU4/StructureDefinition-us-core-observation-lab.html\">US Core Laboratory Result Observation Profile</a></p></div><p><b>status</b>: final</p><p><b>category</b>: Laboratory <span style=\"background: LightGoldenRodYellow; margin: 4px; border: 1px solid khaki\"> (<a href=\"http://terminology.hl7.org/5.5.0/CodeSystem-observation-category.html\">Observation Category Codes</a>#laboratory)</span></p><p><b>code</b>: Lymphocytes [#/volume] in Blood by Automated count <span style=\"background: LightGoldenRodYellow; margin: 4px; border: 1px solid khaki\"> (<a href=\"https://loinc.org/\">LOINC</a>#731-0)</span></p><p><b>subject</b>: <a href=\"Patient-patient-anon.html\">Patient/patient-anon</a> &quot;&quot;</p><p><b>effective</b>: 2018-03-07</p><p><b>value</b>: 5.2 10*3/uL<span style=\"background: LightGoldenRodYellow\"> (Details: UCUM  code10*3/uL = '10*3/uL')</span></p><p><b>interpretation</b>: High <span style=\"background: LightGoldenRodYellow; margin: 4px; border: 1px solid khaki\"> (<a href=\"http://terminology.hl7.org/5.5.0/CodeSystem-v3-ObservationInterpretation.html\">ObservationInterpretation</a>#H)</span></p><h3>ReferenceRanges</h3><table class=\"grid\"><tr><td style=\"display: none\">-</td><td><b>Low</b></td><td><b>High</b></td></tr><tr><td style=\"display: none\">*</td><td>1 10*3/uL<span style=\"background: LightGoldenRodYellow\"> (Details: UCUM  code10*3/uL = '10*3/uL')</span></td><td>4.8 10*3/uL<span style=\"background: LightGoldenRodYellow\"> (Details: UCUM  code10*3/uL = '10*3/uL')</span></td></tr></table></div>"
  },
  "status" : "final",
  "category" : [{
    "coding" : [{
      "system" : "http://terminology.hl7.org/CodeSystem/observation-category",
      "code" : "laboratory",
      "display" : "Laboratory"
    }],
    "text" : "Laboratory"
  }],
  "code" : {
    "coding" : [{
      "system" : "http://loinc.org",
      "code" : "731-0",
      "display" : "Lymphocytes [#/volume] in Blood by Automated count"
    }]
  },
  "subject" : {
    "reference" : "Patient/patient-anon"
  },
  "effectiveDateTime" : "2018-03-07",
  "valueQuantity" : {
    "value" : 5.2,
    "system" : "http://unitsofmeasure.org",
    "code" : "10*3/uL"
  },
  "interpretation" : [{
    "coding" : [{
      "system" : "http://terminology.hl7.org/CodeSystem/v3-ObservationInterpretation",
      "code" : "H",
      "display" : "High"
    }]
  }],
  "referenceRange" : [{
    "low" : {
      "value" : 1,
      "system" : "http://unitsofmeasure.org",
      "code" : "10*3/uL"
    },
    "high" : {
      "value" : 4.8,
      "system" : "http://unitsofmeasure.org",
      "code" : "10*3/uL"
    }
  }]
}