{
  "resourceType" : "Observation",
  "id" : "observation-pregnancy-status-anon",
  "meta" : {
    "profile" : ["http://hl7.org/fhir/us/ecr/StructureDefinition/us-ph-pregnancy-status-observation"]
  },
  "text" : {
    "status" : "extensions",
    "div" : "<div xmlns=\"http://www.w3.org/1999/xhtml\"><p><b>Generated Narrative: Observation </b><a name=\"observation-pregnancy-status-anon\"> </a><a name=\"hcobservation-pregnancy-status-anon\"> </a></p><div style=\"display: inline-block; background-color: #d9e0e7; padding: 6px; margin: 4px; border: 1px solid #8da1b4; border-radius: 5px; line-height: 60%\"><p style=\"margin-bottom: 0px\">ResourceObservation &quot;observation-pregnancy-status-anon&quot; </p><p style=\"margin-bottom: 0px\">Profile: <a href=\"http://hl7.org/fhir/us/ecr/STU2.1/StructureDefinition-us-ph-pregnancy-status-observation.html\">US Public Health Pregnancy Status Observation</a></p></div><p><b>US Public Health Date Recorded Extension</b>: 2017-10-01</p><p><b>US Public Health Date Determined Extension</b>: 2017-10-01</p><p><b>status</b>: final</p><p><b>code</b>: Pregnancy status <span style=\"background: LightGoldenRodYellow; margin: 4px; border: 1px solid khaki\"> (<a href=\"https://loinc.org/\">LOINC</a>#82810-3)</span></p><p><b>subject</b>: <a href=\"Patient-patient-anon.html\">Patient/patient-anon</a> &quot;&quot;</p><p><b>effective</b>: 2017-08-26 --&gt; (ongoing)</p><p><b>value</b>: Pregnancy (finding) <span style=\"background: LightGoldenRodYellow; margin: 4px; border: 1px solid khaki\"> (<a href=\"https://browser.ihtsdotools.org/\">SNOMED CT</a>#77386006)</span></p><p><b>method</b>: Ultrasonography (procedure) <span style=\"background: LightGoldenRodYellow; margin: 4px; border: 1px solid khaki\"> (<a href=\"https://browser.ihtsdotools.org/\">SNOMED CT</a>#16310003)</span></p><blockquote><p><b>component</b></p><p><b>US Public Health Date Determined Extension</b>: 2017-10-01</p><p><b>code</b>: Gestational age Estimated from patient reported estimated date of conception <span style=\"background: LightGoldenRodYellow; margin: 4px; border: 1px solid khaki\"> (<a href=\"https://loinc.org/\">LOINC</a>#53691-2)</span></p><p><b>value</b>: 143 d</p></blockquote><blockquote><p><b>component</b></p><p><b>US Public Health Date Determined Extension</b>: 2017-10-01</p><p><b>code</b>: Delivery date Estimated from date fundal height reaches umb <span style=\"background: LightGoldenRodYellow; margin: 4px; border: 1px solid khaki\"> (<a href=\"https://loinc.org/\">LOINC</a>#57064-8)</span></p><p><b>value</b>: 2018-05-01</p></blockquote></div>"
  },
  "extension" : [{
    "url" : "http://hl7.org/fhir/us/ecr/StructureDefinition/us-ph-date-recorded-extension",
    "valueDateTime" : "2017-10-01"
  },
  {
    "url" : "http://hl7.org/fhir/us/ecr/StructureDefinition/us-ph-date-determined-extension",
    "valueDateTime" : "2017-10-01"
  }],
  "status" : "final",
  "code" : {
    "coding" : [{
      "system" : "http://loinc.org",
      "code" : "82810-3",
      "display" : "Pregnancy status"
    }]
  },
  "subject" : {
    "reference" : "Patient/patient-anon"
  },
  "effectivePeriod" : {
    "start" : "2017-08-26"
  },
  "valueCodeableConcept" : {
    "coding" : [{
      "system" : "http://snomed.info/sct",
      "code" : "77386006",
      "display" : "Pregnancy (finding)"
    }]
  },
  "method" : {
    "coding" : [{
      "system" : "http://snomed.info/sct",
      "code" : "16310003",
      "display" : "Ultrasonography (procedure)"
    }]
  },
  "component" : [{
    "extension" : [{
      "url" : "http://hl7.org/fhir/us/ecr/StructureDefinition/us-ph-date-determined-extension",
      "valueDateTime" : "2017-10-01"
    }],
    "code" : {
      "coding" : [{
        "system" : "http://loinc.org",
        "code" : "53691-2",
        "display" : "Gestational age Estimated from patient reported estimated date of conception"
      }]
    },
    "valueQuantity" : {
      "value" : 143,
      "unit" : "d"
    }
  },
  {
    "extension" : [{
      "url" : "http://hl7.org/fhir/us/ecr/StructureDefinition/us-ph-date-determined-extension",
      "valueDateTime" : "2017-10-01"
    }],
    "code" : {
      "coding" : [{
        "system" : "http://loinc.org",
        "code" : "57064-8",
        "display" : "Delivery date Estimated from date fundal height reaches umb"
      }]
    },
    "valueDateTime" : "2018-05-01"
  }]
}