{
  "resourceType" : "Organization",
  "id" : "organization-telecom-anon",
  "meta" : {
    "profile" : ["http://fhir.org/fhir/us/anonymized-eicr/StructureDefinition/eicr-anon-org-tele"]
  },
  "text" : {
    "status" : "generated",
    "div" : "<div xmlns=\"http://www.w3.org/1999/xhtml\"><p><b>Generated Narrative: Organization </b><a name=\"organization-telecom-anon\"> </a><a name=\"hcorganization-telecom-anon\"> </a></p><div style=\"display: inline-block; background-color: #d9e0e7; padding: 6px; margin: 4px; border: 1px solid #8da1b4; border-radius: 5px; line-height: 60%\"><p style=\"margin-bottom: 0px\">ResourceOrganization &quot;organization-telecom-anon&quot; </p><p style=\"margin-bottom: 0px\">Profile: <a href=\"StructureDefinition-eicr-anon-org-tele.html\">eICR Anonymized Organization - Telecom</a></p></div><p><b>identifier</b>: <code>http://hl7.org.fhir/sid/us-npi</code>/545454545</p><p><b>active</b>: true</p><p><b>name</b>: Telecom Anonymized Organization</p><p><b>telecom</b>: -unknown-</p><p><b>address</b>: 11111 Custodian Drive Ann Arbor MI 99999 </p></div>"
  },
  "identifier" : [{
    "system" : "http://hl7.org.fhir/sid/us-npi",
    "value" : "545454545"
  }],
  "active" : true,
  "name" : "Telecom Anonymized Organization",
  "telecom" : [{
    "extension" : [{
      "url" : "http://hl7.org/fhir/StructureDefinition/data-absent-reason",
      "valueCode" : "masked"
    }]
  }],
  "address" : [{
    "line" : ["11111 Custodian Drive"],
    "city" : "Ann Arbor",
    "state" : "MI",
    "postalCode" : "99999"
  }]
}