{
  "resourceType" : "Organization",
  "id" : "organization-acme-laboratory",
  "meta" : {
    "profile" : ["http://hl7.org/fhir/us/ecr/StructureDefinition/us-ph-organization"]
  },
  "text" : {
    "status" : "generated",
    "div" : "<div xmlns=\"http://www.w3.org/1999/xhtml\"><p><b>Generated Narrative: Organization </b><a name=\"organization-acme-laboratory\"> </a><a name=\"hcorganization-acme-laboratory\"> </a></p><div style=\"display: inline-block; background-color: #d9e0e7; padding: 6px; margin: 4px; border: 1px solid #8da1b4; border-radius: 5px; line-height: 60%\"><p style=\"margin-bottom: 0px\">ResourceOrganization &quot;organization-acme-laboratory&quot; </p><p style=\"margin-bottom: 0px\">Profile: <a href=\"http://hl7.org/fhir/us/ecr/STU2.1/StructureDefinition-us-ph-organization.html\">US Public Health Organization</a></p></div><p><b>identifier</b>: <code>http://hl7.org.fhir/sid/us-npi</code>/1144221999</p><p><b>active</b>: true</p><p><b>type</b>: outpatient laboratory <span style=\"background: LightGoldenRodYellow; margin: 4px; border: 1px solid khaki\"> (<a href=\"http://terminology.hl7.org/5.5.0/CodeSystem-v3-RoleCode.html\">RoleCode</a>#OUTLAB)</span></p><p><b>name</b>: Acme Labs</p><p><b>telecom</b>: <a href=\"tel:+1-555-555-2222\">+1-555-555-2222</a>, <a href=\"mailto:mail@acmelabs.com\">mail@acmelabs.com</a></p><p><b>address</b>: 7777 Laboratory Drive Ann Arbor MI 99999 </p></div>"
  },
  "identifier" : [{
    "system" : "http://hl7.org.fhir/sid/us-npi",
    "value" : "1144221999"
  }],
  "active" : true,
  "type" : [{
    "coding" : [{
      "system" : "http://terminology.hl7.org/CodeSystem/v3-RoleCode",
      "code" : "OUTLAB",
      "display" : "outpatient laboratory"
    }]
  }],
  "name" : "Acme Labs",
  "telecom" : [{
    "system" : "phone",
    "value" : "+1-555-555-2222"
  },
  {
    "system" : "email",
    "value" : "mail@acmelabs.com"
  }],
  "address" : [{
    "line" : ["7777 Laboratory Drive"],
    "city" : "Ann Arbor",
    "state" : "MI",
    "postalCode" : "99999"
  }]
}