{
  "resourceType" : "Organization",
  "id" : "organization-salem-medical-center-anon",
  "meta" : {
    "profile" : ["http://fhir.org/fhir/us/anonymized-eicr/StructureDefinition/eicr-anon-organization"]
  },
  "text" : {
    "status" : "generated",
    "div" : "<div xmlns=\"http://www.w3.org/1999/xhtml\"><p><b>Generated Narrative: Organization </b><a name=\"organization-salem-medical-center-anon\"> </a><a name=\"hcorganization-salem-medical-center-anon\"> </a></p><div style=\"display: inline-block; background-color: #d9e0e7; padding: 6px; margin: 4px; border: 1px solid #8da1b4; border-radius: 5px; line-height: 60%\"><p style=\"margin-bottom: 0px\">ResourceOrganization &quot;organization-salem-medical-center-anon&quot; </p><p style=\"margin-bottom: 0px\">Profile: <a href=\"StructureDefinition-eicr-anon-organization.html\">eICR Anonymized Organization - Address, Telecom</a></p></div><p><b>identifier</b>: <code>http://hl7.org.fhir/sid/us-npi</code>/55555555</p><p><b>active</b>: true</p><p><b>name</b>: Salem Medical Center</p><p><b>telecom</b>: -unknown-</p><p><b>address</b>: </p></div>"
  },
  "identifier" : [{
    "system" : "http://hl7.org.fhir/sid/us-npi",
    "value" : "55555555"
  }],
  "active" : true,
  "name" : "Salem Medical Center",
  "telecom" : [{
    "extension" : [{
      "url" : "http://hl7.org/fhir/StructureDefinition/data-absent-reason",
      "valueCode" : "masked"
    }]
  }],
  "address" : [{
    "extension" : [{
      "url" : "http://hl7.org/fhir/StructureDefinition/data-absent-reason",
      "valueCode" : "masked"
    }]
  }]
}