{
  "resourceType" : "Organization",
  "id" : "organization-name-tele-addr-anon",
  "meta" : {
    "profile" : ["http://fhir.org/fhir/us/anonymized-eicr/StructureDefinition/eicr-anon-organization"]
  },
  "text" : {
    "extension" : [{
      "url" : "http://hl7.org/fhir/StructureDefinition/data-absent-reason",
      "valueCode" : "masked"
    }],
    "status" : "empty",
    "div" : "<div xmlns=\"http://www.w3.org/1999/xhtml\"><p>MASKED</p></div>"
  },
  "identifier" : [{
    "system" : "http://hl7.org.fhir/sid/us-npi",
    "value" : "7878787878"
  }],
  "active" : true,
  "_name" : {
    "extension" : [{
      "url" : "http://hl7.org/fhir/StructureDefinition/data-absent-reason",
      "valueCode" : "masked"
    }]
  },
  "telecom" : [{
    "extension" : [{
      "url" : "http://hl7.org/fhir/StructureDefinition/data-absent-reason",
      "valueCode" : "masked"
    }]
  }],
  "address" : [{
    "extension" : [{
      "url" : "http://hl7.org/fhir/StructureDefinition/data-absent-reason",
      "valueCode" : "masked"
    }]
  }]
}