{
  "resourceType" : "Organization",
  "id" : "organization-rr-rules-authoring-agency-haw",
  "meta" : {
    "profile" : ["http://hl7.org/fhir/us/ecr/StructureDefinition/rr-rules-authoring-agency-organization"]
  },
  "text" : {
    "status" : "generated",
    "div" : "<div xmlns=\"http://www.w3.org/1999/xhtml\"><p><b>Generated Narrative: Organization </b><a name=\"organization-rr-rules-authoring-agency-haw\"> </a><a name=\"hcorganization-rr-rules-authoring-agency-haw\"> </a></p><div style=\"display: inline-block; background-color: #d9e0e7; padding: 6px; margin: 4px; border: 1px solid #8da1b4; border-radius: 5px; line-height: 60%\"><p style=\"margin-bottom: 0px\">ResourceOrganization &quot;organization-rr-rules-authoring-agency-haw&quot; </p><p style=\"margin-bottom: 0px\">Profile: <a href=\"http://hl7.org/fhir/us/ecr/STU2.1/StructureDefinition-rr-rules-authoring-agency-organization.html\">Rules Authoring Agency Organization</a></p></div><p><b>identifier</b>: <code>http://hl7.org.fhir/sid/us-npi</code>/12341234</p><p><b>active</b>: true</p><p><b>type</b>: Rules Authoring Agency <span style=\"background: LightGoldenRodYellow; margin: 4px; border: 1px solid khaki\"> (unknown#RR12)</span></p><p><b>name</b>: Health Authority West Rules Authoring Agency</p><p><b>telecom</b>: <a href=\"tel:+1-555-555-3555\">+1-555-555-3555</a>, <a href=\"mailto:mail@healthauthoritywest.gov\">mail@healthauthoritywest.gov</a></p><p><b>address</b>: 7777 Health Authority Drive Ann Arbor MI 99999 </p></div>"
  },
  "identifier" : [{
    "system" : "http://hl7.org.fhir/sid/us-npi",
    "value" : "12341234"
  }],
  "active" : true,
  "type" : [{
    "coding" : [{
      "system" : "urn:oid:2.16.840.1.114222.4.5.232",
      "code" : "RR12",
      "display" : "Rules Authoring Agency"
    }]
  }],
  "name" : "Health Authority West Rules Authoring Agency",
  "telecom" : [{
    "system" : "phone",
    "value" : "+1-555-555-3555"
  },
  {
    "system" : "email",
    "value" : "mail@healthauthoritywest.gov"
  }],
  "address" : [{
    "line" : ["7777 Health Authority Drive"],
    "city" : "Ann Arbor",
    "state" : "MI",
    "postalCode" : "99999"
  }]
}