{
  "resourceType" : "Organization",
  "id" : "organization-acme-laboratory-telecom-anon",
  "meta" : {
    "profile" : ["http://fhir.org/fhir/us/anonymized-eicr/StructureDefinition/eicr-anon-org-telecom"]
  },
  "text" : {
    "status" : "generated",
    "div" : "<div xmlns=\"http://www.w3.org/1999/xhtml\"><p><b>Generated Narrative: Organization </b><a name=\"organization-acme-laboratory-telecom-anon\"> </a><a name=\"hcorganization-acme-laboratory-telecom-anon\"> </a></p><div style=\"display: inline-block; background-color: #d9e0e7; padding: 6px; margin: 4px; border: 1px solid #8da1b4; border-radius: 5px; line-height: 60%\"><p style=\"margin-bottom: 0px\">ResourceOrganization &quot;organization-acme-laboratory-telecom-anon&quot; </p><p style=\"margin-bottom: 0px\">Profile: <a href=\"StructureDefinition-eicr-anon-org-telecom.html\">eICR Anonymized Organization - Telecom</a></p></div><p><b>identifier</b>: <code>http://hl7.org.fhir/sid/us-npi</code>/1144221999</p><p><b>active</b>: true</p><p><b>type</b>: outpatient laboratory <span style=\"background: LightGoldenRodYellow; margin: 4px; border: 1px solid khaki\"> (<a href=\"http://terminology.hl7.org/5.5.0/CodeSystem-v3-RoleCode.html\">RoleCode</a>#OUTLAB)</span></p><p><b>name</b>: Acme Labs</p><p><b>telecom</b>: -unknown-</p><p><b>address</b>: 7777 Laboratory Drive Ann Arbor MI 99999 </p></div>"
  },
  "identifier" : [{
    "system" : "http://hl7.org.fhir/sid/us-npi",
    "value" : "1144221999"
  }],
  "active" : true,
  "type" : [{
    "coding" : [{
      "system" : "http://terminology.hl7.org/CodeSystem/v3-RoleCode",
      "code" : "OUTLAB",
      "display" : "outpatient laboratory"
    }]
  }],
  "name" : "Acme Labs",
  "telecom" : [{
    "extension" : [{
      "url" : "http://hl7.org/fhir/StructureDefinition/data-absent-reason",
      "valueCode" : "masked"
    }]
  }],
  "address" : [{
    "line" : ["7777 Laboratory Drive"],
    "city" : "Ann Arbor",
    "state" : "MI",
    "postalCode" : "99999"
  }]
}