{
  "resourceType" : "Procedure",
  "id" : "procedure-ecmo-anon",
  "meta" : {
    "profile" : ["http://hl7.org/fhir/us/ecr/StructureDefinition/eicr-procedure"]
  },
  "text" : {
    "extension" : [{
      "url" : "http://hl7.org/fhir/StructureDefinition/data-absent-reason",
      "valueCode" : "masked"
    }],
    "status" : "empty",
    "div" : "<div xmlns=\"http://www.w3.org/1999/xhtml\"><p>MASKED</p></div>"
  },
  "identifier" : [{
    "system" : "urn:ietf:rfc:3986",
    "value" : "urn:uuid:b2a737f2-2fdb-49c1-b097-dac173d07afd"
  }],
  "status" : "completed",
  "code" : {
    "coding" : [{
      "system" : "http://snomed.info/sct",
      "code" : "233573008",
      "display" : "Extracorporeal membrane oxygenation (procedure)"
    }],
    "text" : "Extracorporeal membrane oxygenation (procedure)"
  },
  "subject" : {
    "reference" : "Patient/patient-anon"
  },
  "performedPeriod" : {
    "start" : "2020-11-01T12:55:26-07:00",
    "end" : "2020-11-01T13:25:26-07:00"
  },
  "focalDevice" : [{
    "manipulated" : {
      "reference" : "Device/device-ecmo-anon"
    }
  }]
}