{
  "resourceType" : "RelatedPerson",
  "id" : "relatedperson-anon",
  "meta" : {
    "profile" : ["http://fhir.org/fhir/us/anonymized-eicr/StructureDefinition/eicr-anon-relatedperson"]
  },
  "text" : {
    "status" : "generated",
    "div" : "<div xmlns=\"http://www.w3.org/1999/xhtml\"><p><b>Generated Narrative: RelatedPerson </b><a name=\"relatedperson-anon\"> </a><a name=\"hcrelatedperson-anon\"> </a></p><div style=\"display: inline-block; background-color: #d9e0e7; padding: 6px; margin: 4px; border: 1px solid #8da1b4; border-radius: 5px; line-height: 60%\"><p style=\"margin-bottom: 0px\">ResourceRelatedPerson &quot;relatedperson-anon&quot; </p><p style=\"margin-bottom: 0px\">Profile: <a href=\"StructureDefinition-eicr-anon-relatedperson.html\">eICR Anonymized RelatedPerson</a></p></div><p><b>identifier</b>: ?ngen-9?</p><p><b>active</b>: true</p><p><b>patient</b>: <a href=\"Patient-patient-anon.html\">Patient/patient-anon</a> &quot;&quot;</p><p><b>relationship</b>: Gestational Mother <span style=\"background: LightGoldenRodYellow; margin: 4px; border: 1px solid khaki\"> (<a href=\"http://terminology.hl7.org/5.5.0/CodeSystem-v3-RoleCode.html\">RoleCode</a>#GESTM &quot;gestational mother&quot;)</span></p><p><b>name</b>: </p><p><b>telecom</b>: -unknown-</p><p><b>gender</b>: female</p><p><b>birthDate</b>: Absent because : <code>masked</code></p><p><b>address</b>: </p></div>"
  },
  "identifier" : [{
    "extension" : [{
      "url" : "http://hl7.org/fhir/StructureDefinition/data-absent-reason",
      "valueCode" : "masked"
    }]
  }],
  "active" : true,
  "patient" : {
    "reference" : "Patient/patient-anon"
  },
  "relationship" : [{
    "coding" : [{
      "system" : "http://terminology.hl7.org/CodeSystem/v3-RoleCode",
      "code" : "GESTM",
      "display" : "gestational mother"
    }],
    "text" : "Gestational Mother"
  }],
  "name" : [{
    "extension" : [{
      "url" : "http://hl7.org/fhir/StructureDefinition/data-absent-reason",
      "valueCode" : "masked"
    }]
  }],
  "telecom" : [{
    "extension" : [{
      "url" : "http://hl7.org/fhir/StructureDefinition/data-absent-reason",
      "valueCode" : "masked"
    }]
  }],
  "gender" : "female",
  "_birthDate" : {
    "extension" : [{
      "url" : "http://hl7.org/fhir/StructureDefinition/data-absent-reason",
      "valueCode" : "masked"
    }]
  },
  "address" : [{
    "extension" : [{
      "url" : "http://hl7.org/fhir/StructureDefinition/data-absent-reason",
      "valueCode" : "masked"
    }]
  }]
}