{
  "resourceType" : "ServiceRequest",
  "id" : "servicerequest-zika-anon",
  "meta" : {
    "profile" : ["http://hl7.org/fhir/us/ecr/StructureDefinition/eicr-servicerequest"]
  },
  "text" : {
    "status" : "generated",
    "div" : "<div xmlns=\"http://www.w3.org/1999/xhtml\"><p><b>Generated Narrative: ServiceRequest </b><a name=\"servicerequest-zika-anon\"> </a><a name=\"hcservicerequest-zika-anon\"> </a></p><div style=\"display: inline-block; background-color: #d9e0e7; padding: 6px; margin: 4px; border: 1px solid #8da1b4; border-radius: 5px; line-height: 60%\"><p style=\"margin-bottom: 0px\">ResourceServiceRequest &quot;servicerequest-zika-anon&quot; </p><p style=\"margin-bottom: 0px\">Profile: <a href=\"http://hl7.org/fhir/us/ecr/STU2.1/StructureDefinition-eicr-servicerequest.html\">eICR ServiceRequest</a></p></div><p><b>identifier</b>: <code>http://lab.smarthealthit.org</code>/061ef612-344f-4e7b-81a8-1059ae7bbe11</p><p><b>status</b>: completed</p><p><b>intent</b>: order</p><p><b>category</b>: Diagnostics Procedure <span style=\"background: LightGoldenRodYellow; margin: 4px; border: 1px solid khaki\"> (<a href=\"https://browser.ihtsdotools.org/\">SNOMED CT</a>#103693007 &quot;Diagnostic procedure (procedure)&quot;)</span></p><p><b>code</b>: Zika RT-PCR <span style=\"background: LightGoldenRodYellow; margin: 4px; border: 1px solid khaki\"> (<a href=\"https://loinc.org/\">LOINC</a>#80825-3 &quot;Zika virus envelope E gene [Presence] in Serum by NAA with probe detection&quot;)</span></p><p><b>subject</b>: <a href=\"Patient-patient-anon.html\">Patient/patient-anon</a> &quot;&quot;</p><p><b>performer</b>: <a href=\"Organization-organization-acme-laboratory.html\">Organization/organization-acme-laboratory</a> &quot;Acme Labs&quot;</p></div>"
  },
  "identifier" : [{
    "system" : "http://lab.smarthealthit.org",
    "value" : "061ef612-344f-4e7b-81a8-1059ae7bbe11"
  }],
  "status" : "completed",
  "intent" : "order",
  "category" : [{
    "coding" : [{
      "system" : "http://snomed.info/sct",
      "code" : "103693007",
      "display" : "Diagnostic procedure (procedure)"
    }],
    "text" : "Diagnostics Procedure"
  }],
  "code" : {
    "coding" : [{
      "system" : "http://loinc.org",
      "code" : "80825-3",
      "display" : "Zika virus envelope E gene [Presence] in Serum by NAA with probe detection"
    }],
    "text" : "Zika RT-PCR"
  },
  "subject" : {
    "reference" : "Patient/patient-anon"
  },
  "performer" : [{
    "reference" : "Organization/organization-acme-laboratory"
  }]
}