Source File	Size	loadResources	load-configure	scan	loadDepInfo	loadInfo	load	generateSnapshots	checkR4R4B	generateNarratives	validate	loadLists	checkConformanceResources	checkConformanceResources2	checkConformanceResources3	generateLogicalMaps	validateExpressions	scanForUsageStats	checkURLsUnique	processProvenanceDetails	generate1	generate2	generateLogicals	makeDependencies	generateExampleZip	generateValidationPack	scanProfilesForR5	scanExamplesForR5
\fsh-generated\resources\ImplementationGuide-ecr.fhir.us.anonymized-eicr.json	20477	-	0	0	0	0	0	0	5	34	0	0	0	0	0	0	0	1	0	0	167	446	0	0	0	6	0	1
fsh-generated/resources/Bundle-bundle-document-zika-anon.json	90357	26	1	0	1	0	82	0	3	1719	0	0	0	0	0	0	0	1	0	0	407	302	0	0	1	0	0	0
fsh-generated/resources/Composition-composition-zika-anon.json	43593	16	0	0	0	0	0	0	1	56	0	0	0	0	0	0	0	0	0	0	191	234	0	0	0	0	0	0
fsh-generated/resources/Condition-condition-common-cold-anon.json	757	5	0	0	0	0	0	0	0	26	0	0	0	0	0	0	0	0	0	0	27	56	0	0	0	0	0	0
fsh-generated/resources/Condition-condition-zika-anon.json	649	7	0	0	0	0	0	0	0	26	0	0	0	0	0	0	0	0	0	0	25	46	0	0	0	0	0	0
fsh-generated/resources/Device-device-ecmo-anon.json	853	7	0	0	0	0	0	0	0	47	0	0	0	0	0	0	0	0	0	0	28	51	0	0	0	0	0	0
fsh-generated/resources/Encounter-encounter-outpatient-anon.json	2347	6	0	0	0	0	0	0	0	98	0	0	0	0	0	0	0	0	0	0	36	69	0	0	0	0	0	0
fsh-generated/resources/Immunization-immunization-pneumo-anon.json	540	4	0	0	0	0	0	0	0	30	0	0	0	0	0	0	0	0	0	0	25	36	0	0	0	0	0	0
fsh-generated/resources/Location-location-city-football-stadium-anon.json	634	7	1	0	0	0	0	0	0	16	0	0	0	0	0	0	0	0	0	0	25	32	0	0	0	0	0	0
fsh-generated/resources/Location-location-salem-medical-center-anon.json	1056	6	0	0	0	0	0	0	0	26	0	0	0	0	0	0	0	0	0	0	24	38	0	0	0	0	0	0
fsh-generated/resources/MedicationAdministration-medicationadministration-azithromycin-anon.json	1276	6	0	0	0	0	0	0	0	34	0	0	0	0	0	0	0	0	0	0	29	39	0	0	0	0	0	0
fsh-generated/resources/MedicationAdministration-medicationadministration-naloxone-response-anon.json	1564	5	0	0	0	0	0	0	0	29	0	0	0	0	0	0	0	0	0	0	29	37	0	0	0	0	0	0
fsh-generated/resources/Observation-observation-blood-pressure-anon.json	1700	4	0	0	0	0	0	0	0	31	0	0	0	0	0	0	0	0	0	0	29	34	0	0	0	0	0	0
fsh-generated/resources/Observation-observation-calculated-age-anon.json	619	4	0	0	0	0	0	0	0	31	0	0	0	0	0	0	0	0	0	0	26	41	0	0	0	0	0	0
fsh-generated/resources/Observation-observation-country-of-nationality-anon.json	710	3	0	0	0	0	0	0	1	20	0	0	0	0	0	0	0	0	0	0	23	36	0	0	0	0	0	0
fsh-generated/resources/Observation-observation-country-of-residence-anon.json	711	4	0	0	0	0	0	0	0	18	0	0	0	0	0	0	0	0	0	0	22	41	0	0	0	0	0	0
fsh-generated/resources/Observation-observation-disability-status-anon.json	550	6	0	0	0	0	0	0	0	20	0	0	0	0	0	0	0	0	0	0	26	42	0	0	1	0	0	0
fsh-generated/resources/Observation-observation-emergency-outbreak-info-anon.json	477	5	0	0	0	0	0	0	0	21	0	0	0	0	0	0	0	0	0	0	23	45	0	0	0	0	0	0
fsh-generated/resources/Observation-observation-exposure-contact-info-football-game-anon.json	1901	5	0	0	0	0	0	0	0	57	0	0	0	0	0	0	0	0	0	0	31	51	0	0	0	0	0	0
fsh-generated/resources/Observation-observation-lab-result-lymphocytes-anon.json	1380	5	0	0	0	0	0	0	0	37	0	0	0	0	0	0	0	0	0	0	30	41	0	0	0	0	0	0
fsh-generated/resources/Observation-observation-odh-usual-work-anon.json	1166	6	1	0	0	0	0	0	0	23	0	0	0	0	0	0	0	0	0	0	26	37	0	0	0	1	0	0
fsh-generated/resources/Observation-observation-pregnancy-status-anon.json	2200	6	0	0	0	0	0	0	0	52	0	0	0	0	0	0	0	0	0	0	34	39	0	0	0	0	0	0
fsh-generated/resources/Observation-observation-travel-history-201801-anon.json	1465	4	0	0	0	0	0	0	0	23	0	0	0	0	0	0	0	0	0	0	28	41	0	0	0	0	0	0
fsh-generated/resources/Observation-observation-vaccine-credential-assertion-anon.json	714	4	0	0	0	0	0	0	0	17	0	0	0	0	0	0	0	0	0	0	22	41	0	0	0	0	0	0
fsh-generated/resources/Organization-organization-acme-laboratory-telecom-anon.json	952	5	0	0	0	0	0	0	0	17	0	0	0	0	0	0	0	0	0	0	25	33	0	0	0	0	0	0
fsh-generated/resources/Organization-organization-name-tele-addr-anon.json	899	6	0	0	0	0	0	0	0	18	0	0	0	0	0	0	0	0	0	0	23	33	0	0	0	0	0	0
fsh-generated/resources/Organization-organization-salem-medical-center-anon.json	765	7	0	0	0	0	0	0	1	20	0	0	0	0	0	0	0	0	0	0	22	33	0	0	0	0	0	0
fsh-generated/resources/Organization-organization-telecom-anon.json	736	5	0	0	0	0	0	0	0	17	0	0	0	0	0	0	0	0	0	0	25	30	0	0	0	0	0	0
fsh-generated/resources/Patient-patient-anon-not.json	4360	4	0	0	0	0	0	0	0	126	0	0	0	0	0	0	0	0	0	0	43	36	0	0	0	0	0	0
fsh-generated/resources/Patient-patient-anon.json	5264	8	0	0	0	0	0	0	0	60	0	0	0	0	0	0	0	0	0	0	45	36	0	0	0	0	0	1
fsh-generated/resources/Practitioner-practitioner-anon.json	1083	7	1	0	0	0	0	0	0	14	0	0	0	0	0	0	0	0	0	0	26	31	0	0	0	0	0	0
fsh-generated/resources/PractitionerRole-practitionerrole-anon.json	1256	6	0	0	0	0	0	0	0	40	0	0	0	0	0	0	0	0	0	0	28	54	0	0	0	0	0	0
fsh-generated/resources/Procedure-procedure-ecmo-anon.json	878	7	0	0	0	0	0	0	0	30	0	0	0	0	0	0	0	0	0	0	28	42	0	0	0	0	0	0
fsh-generated/resources/ServiceRequest-servicerequest-zika-anon.json	1037	8	0	0	0	0	0	0	0	28	0	0	0	0	0	0	0	0	0	0	23	46	0	0	0	0	0	0
fsh-generated/resources/StructureDefinition-caculated-age-observation.json	2916	5	0	0	0	0	0	196	1	59	0	0	2	0	0	0	0	2	0	0	450	2361	0	0	1	8	1	0
fsh-generated/resources/StructureDefinition-eicr-anon-composition.json	9283	6	0	0	0	0	0	520	0	226	0	0	1	0	0	0	0	4	0	0	2715	4497	0	0	0	43	0	2
fsh-generated/resources/StructureDefinition-eicr-anon-document-bundle.json	6674	6	0	0	0	0	0	77	0	32	0	0	0	0	0	0	0	1	0	0	463	673	0	0	0	6	0	0
fsh-generated/resources/StructureDefinition-eicr-anon-employer-extension.json	1766	5	0	0	0	0	0	66	0	12	0	0	0	0	0	0	0	1	0	0	82	227	0	1	0	2	0	0
fsh-generated/resources/StructureDefinition-eicr-anon-encounter.json	2684	4	0	0	0	0	0	36	0	37	0	0	0	0	0	0	0	1	0	0	500	843	0	0	0	9	0	0
fsh-generated/resources/StructureDefinition-eicr-anon-immunization.json	1740	5	1	0	0	0	0	39	0	21	0	0	0	0	0	0	0	1	0	0	355	542	0	0	0	4	1	1
fsh-generated/resources/StructureDefinition-eicr-anon-location.json	2703	5	0	0	0	0	0	26	0	23	0	0	0	0	0	0	0	1	0	0	329	577	0	0	0	6	0	0
fsh-generated/resources/StructureDefinition-eicr-anon-org-name-addr-tele.json	2608	6	0	0	0	0	0	64	0	37	0	0	0	0	0	0	0	1	0	0	398	666	0	0	0	6	0	0
fsh-generated/resources/StructureDefinition-eicr-anon-org-telecom.json	2438	6	0	0	0	0	0	0	0	28	0	0	1	0	0	0	0	1	0	0	379	526	0	0	0	5	0	1
fsh-generated/resources/StructureDefinition-eicr-anon-organization.json	2530	5	0	0	0	0	0	0	0	20	0	0	0	0	0	0	0	1	0	0	339	584	0	0	0	8	0	0
fsh-generated/resources/StructureDefinition-eicr-anon-past-or-present-job.json	3151	5	0	0	0	0	0	138	0	97	0	0	0	0	0	0	0	4	0	0	1900	2168	0	0	0	37	0	2
fsh-generated/resources/StructureDefinition-eicr-anon-patient.json	11832	6	0	0	0	0	0	59	0	104	0	0	1	0	0	0	0	4	0	0	1470	1919	0	0	0	22	1	2
fsh-generated/resources/StructureDefinition-eicr-anon-practitioner.json	7164	7	1	0	0	0	0	18	0	33	0	0	0	0	0	0	0	1	0	0	495	635	0	0	0	9	0	1
fsh-generated/resources/StructureDefinition-eicr-anon-practitionerrole.json	3782	6	0	0	0	0	0	10	0	28	0	0	0	0	0	0	0	1	0	0	312	471	0	0	0	4	0	0
fsh-generated/resources/StructureDefinition-eicr-anon-relatedperson.json	7590	6	0	0	0	0	0	15	0	33	0	0	0	0	0	0	0	2	0	0	515	561	0	0	0	8	0	0
