{
  "date" : "Tue, 11 Jun, 2024 20:23:02 +1000",
  "doco" : "For each file: start is seconds after start activity occurred. Length = milliseconds activity took",
  "files" : [
    {
      "name" : "\\fsh-generated\\resources\\ImplementationGuide-ecr.fhir.us.anonymized-eicr.json",
      "size" : 20477,
      "processes" : [
        {
          "activity" : "load",
          "start" : 89,
          "length" : 11
        },
        {
          "activity" : "checkR4R4B",
          "start" : 90,
          "length" : 5
        },
        {
          "activity" : "generateNarratives",
          "start" : 90,
          "length" : 34
        },
        {
          "activity" : "validate",
          "start" : 108,
          "length" : 799
        },
        {
          "activity" : "scanForUsageStats",
          "start" : 108,
          "length" : 1
        },
        {
          "activity" : "generate1",
          "start" : 116,
          "length" : 167
        },
        {
          "activity" : "generate2",
          "start" : 132,
          "length" : 446
        },
        {
          "activity" : "generateValidationPack",
          "start" : 204,
          "length" : 6
        },
        {
          "activity" : "scanExamplesForR5",
          "start" : 246,
          "length" : 1
        }
      ]
    },
    {
      "name" : "fsh-generated/resources/Bundle-bundle-document-zika-anon.json",
      "size" : 90357,
      "processes" : [
        {
          "activity" : "loadResources",
          "start" : 88,
          "length" : 26
        },
        {
          "activity" : "load-configure",
          "start" : 89,
          "length" : 1
        },
        {
          "activity" : "loadDepInfo",
          "start" : 89,
          "length" : 1
        },
        {
          "activity" : "load",
          "start" : 89,
          "length" : 82
        },
        {
          "activity" : "checkR4R4B",
          "start" : 90,
          "length" : 3
        },
        {
          "activity" : "generateNarratives",
          "start" : 90,
          "length" : 1719
        },
        {
          "activity" : "scanForUsageStats",
          "start" : 108,
          "length" : 1
        },
        {
          "activity" : "validate",
          "start" : 108,
          "length" : 5860
        },
        {
          "activity" : "generate1",
          "start" : 117,
          "length" : 407
        },
        {
          "activity" : "generate2",
          "start" : 132,
          "length" : 302
        },
        {
          "activity" : "generateExampleZip",
          "start" : 203,
          "length" : 1
        },
        {
          "activity" : "generateExampleZip",
          "start" : 203,
          "length" : 1
        }
      ]
    },
    {
      "name" : "fsh-generated/resources/Composition-composition-zika-anon.json",
      "size" : 43593,
      "processes" : [
        {
          "activity" : "loadResources",
          "start" : 88,
          "length" : 16
        },
        {
          "activity" : "checkR4R4B",
          "start" : 90,
          "length" : 1
        },
        {
          "activity" : "generateNarratives",
          "start" : 92,
          "length" : 56
        },
        {
          "activity" : "validate",
          "start" : 114,
          "length" : 899
        },
        {
          "activity" : "generate1",
          "start" : 117,
          "length" : 191
        },
        {
          "activity" : "generate2",
          "start" : 133,
          "length" : 234
        }
      ]
    },
    {
      "name" : "fsh-generated/resources/Condition-condition-common-cold-anon.json",
      "size" : 757,
      "processes" : [
        {
          "activity" : "loadResources",
          "start" : 88,
          "length" : 5
        },
        {
          "activity" : "generateNarratives",
          "start" : 92,
          "length" : 26
        },
        {
          "activity" : "validate",
          "start" : 115,
          "length" : 15
        },
        {
          "activity" : "generate1",
          "start" : 117,
          "length" : 27
        },
        {
          "activity" : "generate2",
          "start" : 133,
          "length" : 56
        }
      ]
    },
    {
      "name" : "fsh-generated/resources/Condition-condition-zika-anon.json",
      "size" : 649,
      "processes" : [
        {
          "activity" : "loadResources",
          "start" : 88,
          "length" : 7
        },
        {
          "activity" : "generateNarratives",
          "start" : 92,
          "length" : 26
        },
        {
          "activity" : "validate",
          "start" : 115,
          "length" : 9
        },
        {
          "activity" : "generate1",
          "start" : 117,
          "length" : 25
        },
        {
          "activity" : "generate2",
          "start" : 133,
          "length" : 46
        }
      ]
    },
    {
      "name" : "fsh-generated/resources/Device-device-ecmo-anon.json",
      "size" : 853,
      "processes" : [
        {
          "activity" : "loadResources",
          "start" : 88,
          "length" : 7
        },
        {
          "activity" : "generateNarratives",
          "start" : 92,
          "length" : 47
        },
        {
          "activity" : "validate",
          "start" : 115,
          "length" : 6
        },
        {
          "activity" : "generate1",
          "start" : 117,
          "length" : 28
        },
        {
          "activity" : "generate2",
          "start" : 133,
          "length" : 51
        },
        {
          "activity" : "generateExampleZip",
          "start" : 203,
          "length" : 2
        }
      ]
    },
    {
      "name" : "fsh-generated/resources/Encounter-encounter-outpatient-anon.json",
      "size" : 2347,
      "processes" : [
        {
          "activity" : "loadResources",
          "start" : 88,
          "length" : 6
        },
        {
          "activity" : "generateNarratives",
          "start" : 92,
          "length" : 98
        },
        {
          "activity" : "validate",
          "start" : 115,
          "length" : 49
        },
        {
          "activity" : "generate1",
          "start" : 117,
          "length" : 36
        },
        {
          "activity" : "generate2",
          "start" : 133,
          "length" : 69
        }
      ]
    },
    {
      "name" : "fsh-generated/resources/Immunization-immunization-pneumo-anon.json",
      "size" : 540,
      "processes" : [
        {
          "activity" : "loadResources",
          "start" : 88,
          "length" : 4
        },
        {
          "activity" : "generateNarratives",
          "start" : 92,
          "length" : 30
        },
        {
          "activity" : "validate",
          "start" : 115,
          "length" : 6
        },
        {
          "activity" : "generate1",
          "start" : 117,
          "length" : 25
        },
        {
          "activity" : "generate2",
          "start" : 133,
          "length" : 36
        }
      ]
    },
    {
      "name" : "fsh-generated/resources/Location-location-city-football-stadium-anon.json",
      "size" : 634,
      "processes" : [
        {
          "activity" : "loadResources",
          "start" : 88,
          "length" : 7
        },
        {
          "activity" : "load-configure",
          "start" : 89,
          "length" : 1
        },
        {
          "activity" : "generateNarratives",
          "start" : 92,
          "length" : 16
        },
        {
          "activity" : "validate",
          "start" : 115,
          "length" : 6
        },
        {
          "activity" : "generate1",
          "start" : 117,
          "length" : 25
        },
        {
          "activity" : "generate2",
          "start" : 133,
          "length" : 32
        }
      ]
    },
    {
      "name" : "fsh-generated/resources/Location-location-salem-medical-center-anon.json",
      "size" : 1056,
      "processes" : [
        {
          "activity" : "loadResources",
          "start" : 88,
          "length" : 6
        },
        {
          "activity" : "generateNarratives",
          "start" : 92,
          "length" : 26
        },
        {
          "activity" : "validate",
          "start" : 115,
          "length" : 13
        },
        {
          "activity" : "generate1",
          "start" : 117,
          "length" : 24
        },
        {
          "activity" : "generate2",
          "start" : 133,
          "length" : 38
        }
      ]
    },
    {
      "name" : "fsh-generated/resources/MedicationAdministration-medicationadministration-azithromycin-anon.json",
      "size" : 1276,
      "processes" : [
        {
          "activity" : "loadResources",
          "start" : 88,
          "length" : 6
        },
        {
          "activity" : "generateNarratives",
          "start" : 92,
          "length" : 34
        },
        {
          "activity" : "validate",
          "start" : 115,
          "length" : 20
        },
        {
          "activity" : "generate1",
          "start" : 117,
          "length" : 29
        },
        {
          "activity" : "generate2",
          "start" : 133,
          "length" : 39
        }
      ]
    },
    {
      "name" : "fsh-generated/resources/MedicationAdministration-medicationadministration-naloxone-response-anon.json",
      "size" : 1564,
      "processes" : [
        {
          "activity" : "loadResources",
          "start" : 88,
          "length" : 5
        },
        {
          "activity" : "generateNarratives",
          "start" : 92,
          "length" : 29
        },
        {
          "activity" : "validate",
          "start" : 115,
          "length" : 19
        },
        {
          "activity" : "generate1",
          "start" : 117,
          "length" : 29
        },
        {
          "activity" : "generate2",
          "start" : 133,
          "length" : 37
        }
      ]
    },
    {
      "name" : "fsh-generated/resources/Observation-observation-blood-pressure-anon.json",
      "size" : 1700,
      "processes" : [
        {
          "activity" : "loadResources",
          "start" : 88,
          "length" : 4
        },
        {
          "activity" : "generateNarratives",
          "start" : 92,
          "length" : 31
        },
        {
          "activity" : "validate",
          "start" : 115,
          "length" : 39
        },
        {
          "activity" : "generate1",
          "start" : 117,
          "length" : 29
        },
        {
          "activity" : "generate2",
          "start" : 133,
          "length" : 34
        },
        {
          "activity" : "generateExampleZip",
          "start" : 203,
          "length" : 1
        }
      ]
    },
    {
      "name" : "fsh-generated/resources/Observation-observation-calculated-age-anon.json",
      "size" : 619,
      "processes" : [
        {
          "activity" : "loadResources",
          "start" : 88,
          "length" : 4
        },
        {
          "activity" : "generateNarratives",
          "start" : 92,
          "length" : 31
        },
        {
          "activity" : "validate",
          "start" : 115,
          "length" : 11
        },
        {
          "activity" : "generate1",
          "start" : 117,
          "length" : 26
        },
        {
          "activity" : "generate2",
          "start" : 133,
          "length" : 41
        }
      ]
    },
    {
      "name" : "fsh-generated/resources/Observation-observation-country-of-nationality-anon.json",
      "size" : 710,
      "processes" : [
        {
          "activity" : "loadResources",
          "start" : 88,
          "length" : 3
        },
        {
          "activity" : "checkR4R4B",
          "start" : 90,
          "length" : 1
        },
        {
          "activity" : "generateNarratives",
          "start" : 93,
          "length" : 20
        },
        {
          "activity" : "validate",
          "start" : 115,
          "length" : 12
        },
        {
          "activity" : "generate1",
          "start" : 117,
          "length" : 23
        },
        {
          "activity" : "generate2",
          "start" : 133,
          "length" : 36
        }
      ]
    },
    {
      "name" : "fsh-generated/resources/Observation-observation-country-of-residence-anon.json",
      "size" : 711,
      "processes" : [
        {
          "activity" : "loadResources",
          "start" : 88,
          "length" : 4
        },
        {
          "activity" : "generateNarratives",
          "start" : 93,
          "length" : 18
        },
        {
          "activity" : "validate",
          "start" : 115,
          "length" : 14
        },
        {
          "activity" : "generate1",
          "start" : 118,
          "length" : 22
        },
        {
          "activity" : "generate2",
          "start" : 133,
          "length" : 41
        },
        {
          "activity" : "generateExampleZip",
          "start" : 203,
          "length" : 1
        }
      ]
    },
    {
      "name" : "fsh-generated/resources/Observation-observation-disability-status-anon.json",
      "size" : 550,
      "processes" : [
        {
          "activity" : "loadResources",
          "start" : 88,
          "length" : 6
        },
        {
          "activity" : "generateNarratives",
          "start" : 93,
          "length" : 20
        },
        {
          "activity" : "validate",
          "start" : 115,
          "length" : 8
        },
        {
          "activity" : "generate1",
          "start" : 118,
          "length" : 26
        },
        {
          "activity" : "generate2",
          "start" : 134,
          "length" : 42
        },
        {
          "activity" : "generateExampleZip",
          "start" : 203,
          "length" : 1
        }
      ]
    },
    {
      "name" : "fsh-generated/resources/Observation-observation-emergency-outbreak-info-anon.json",
      "size" : 477,
      "processes" : [
        {
          "activity" : "loadResources",
          "start" : 88,
          "length" : 5
        },
        {
          "activity" : "generateNarratives",
          "start" : 93,
          "length" : 21
        },
        {
          "activity" : "validate",
          "start" : 115,
          "length" : 8
        },
        {
          "activity" : "generate1",
          "start" : 118,
          "length" : 23
        },
        {
          "activity" : "generate2",
          "start" : 134,
          "length" : 45
        }
      ]
    },
    {
      "name" : "fsh-generated/resources/Observation-observation-exposure-contact-info-football-game-anon.json",
      "size" : 1901,
      "processes" : [
        {
          "activity" : "loadResources",
          "start" : 88,
          "length" : 5
        },
        {
          "activity" : "generateNarratives",
          "start" : 93,
          "length" : 57
        },
        {
          "activity" : "validate",
          "start" : 115,
          "length" : 250
        },
        {
          "activity" : "generate1",
          "start" : 118,
          "length" : 31
        },
        {
          "activity" : "generate2",
          "start" : 134,
          "length" : 51
        }
      ]
    },
    {
      "name" : "fsh-generated/resources/Observation-observation-lab-result-lymphocytes-anon.json",
      "size" : 1380,
      "processes" : [
        {
          "activity" : "loadResources",
          "start" : 88,
          "length" : 5
        },
        {
          "activity" : "generateNarratives",
          "start" : 93,
          "length" : 37
        },
        {
          "activity" : "validate",
          "start" : 116,
          "length" : 9
        },
        {
          "activity" : "generate1",
          "start" : 118,
          "length" : 30
        },
        {
          "activity" : "generate2",
          "start" : 134,
          "length" : 41
        }
      ]
    },
    {
      "name" : "fsh-generated/resources/Observation-observation-odh-usual-work-anon.json",
      "size" : 1166,
      "processes" : [
        {
          "activity" : "loadResources",
          "start" : 88,
          "length" : 6
        },
        {
          "activity" : "load-configure",
          "start" : 89,
          "length" : 1
        },
        {
          "activity" : "generateNarratives",
          "start" : 93,
          "length" : 23
        },
        {
          "activity" : "validate",
          "start" : 116,
          "length" : 11
        },
        {
          "activity" : "generate1",
          "start" : 118,
          "length" : 26
        },
        {
          "activity" : "generate2",
          "start" : 134,
          "length" : 37
        },
        {
          "activity" : "generateValidationPack",
          "start" : 204,
          "length" : 1
        }
      ]
    },
    {
      "name" : "fsh-generated/resources/Observation-observation-pregnancy-status-anon.json",
      "size" : 2200,
      "processes" : [
        {
          "activity" : "loadResources",
          "start" : 88,
          "length" : 6
        },
        {
          "activity" : "generateNarratives",
          "start" : 93,
          "length" : 52
        },
        {
          "activity" : "validate",
          "start" : 116,
          "length" : 17
        },
        {
          "activity" : "generate1",
          "start" : 118,
          "length" : 34
        },
        {
          "activity" : "generate2",
          "start" : 134,
          "length" : 39
        }
      ]
    },
    {
      "name" : "fsh-generated/resources/Observation-observation-travel-history-201801-anon.json",
      "size" : 1465,
      "processes" : [
        {
          "activity" : "loadResources",
          "start" : 88,
          "length" : 4
        },
        {
          "activity" : "scan",
          "start" : 89,
          "length" : 1
        },
        {
          "activity" : "generateNarratives",
          "start" : 93,
          "length" : 23
        },
        {
          "activity" : "validate",
          "start" : 116,
          "length" : 16
        },
        {
          "activity" : "generate1",
          "start" : 118,
          "length" : 28
        },
        {
          "activity" : "generate2",
          "start" : 134,
          "length" : 41
        }
      ]
    },
    {
      "name" : "fsh-generated/resources/Observation-observation-vaccine-credential-assertion-anon.json",
      "size" : 714,
      "processes" : [
        {
          "activity" : "loadResources",
          "start" : 88,
          "length" : 4
        },
        {
          "activity" : "generateNarratives",
          "start" : 93,
          "length" : 17
        },
        {
          "activity" : "validate",
          "start" : 116,
          "length" : 7
        },
        {
          "activity" : "generate1",
          "start" : 118,
          "length" : 22
        },
        {
          "activity" : "generate2",
          "start" : 134,
          "length" : 41
        },
        {
          "activity" : "generateExampleZip",
          "start" : 203,
          "length" : 1
        }
      ]
    },
    {
      "name" : "fsh-generated/resources/Organization-organization-acme-laboratory-telecom-anon.json",
      "size" : 952,
      "processes" : [
        {
          "activity" : "loadResources",
          "start" : 88,
          "length" : 5
        },
        {
          "activity" : "generateNarratives",
          "start" : 93,
          "length" : 17
        },
        {
          "activity" : "validate",
          "start" : 116,
          "length" : 106
        },
        {
          "activity" : "generate1",
          "start" : 118,
          "length" : 25
        },
        {
          "activity" : "generate2",
          "start" : 134,
          "length" : 33
        }
      ]
    },
    {
      "name" : "fsh-generated/resources/Organization-organization-name-tele-addr-anon.json",
      "size" : 899,
      "processes" : [
        {
          "activity" : "loadResources",
          "start" : 88,
          "length" : 6
        },
        {
          "activity" : "generateNarratives",
          "start" : 93,
          "length" : 18
        },
        {
          "activity" : "validate",
          "start" : 116,
          "length" : 16
        },
        {
          "activity" : "generate1",
          "start" : 118,
          "length" : 23
        },
        {
          "activity" : "generate2",
          "start" : 134,
          "length" : 33
        },
        {
          "activity" : "generateExampleZip",
          "start" : 203,
          "length" : 1
        }
      ]
    },
    {
      "name" : "fsh-generated/resources/Organization-organization-salem-medical-center-anon.json",
      "size" : 765,
      "processes" : [
        {
          "activity" : "loadResources",
          "start" : 88,
          "length" : 7
        },
        {
          "activity" : "checkR4R4B",
          "start" : 90,
          "length" : 1
        },
        {
          "activity" : "generateNarratives",
          "start" : 93,
          "length" : 20
        },
        {
          "activity" : "validate",
          "start" : 116,
          "length" : 12
        },
        {
          "activity" : "generate1",
          "start" : 118,
          "length" : 22
        },
        {
          "activity" : "generate2",
          "start" : 134,
          "length" : 33
        }
      ]
    },
    {
      "name" : "fsh-generated/resources/Organization-organization-telecom-anon.json",
      "size" : 736,
      "processes" : [
        {
          "activity" : "loadResources",
          "start" : 88,
          "length" : 5
        },
        {
          "activity" : "generateNarratives",
          "start" : 93,
          "length" : 17
        },
        {
          "activity" : "validate",
          "start" : 116,
          "length" : 9
        },
        {
          "activity" : "generate1",
          "start" : 118,
          "length" : 25
        },
        {
          "activity" : "generate2",
          "start" : 134,
          "length" : 30
        }
      ]
    },
    {
      "name" : "fsh-generated/resources/Patient-patient-anon-not.json",
      "size" : 4360,
      "processes" : [
        {
          "activity" : "loadResources",
          "start" : 88,
          "length" : 4
        },
        {
          "activity" : "generateNarratives",
          "start" : 93,
          "length" : 126
        },
        {
          "activity" : "validate",
          "start" : 116,
          "length" : 105
        },
        {
          "activity" : "generate1",
          "start" : 118,
          "length" : 43
        },
        {
          "activity" : "generate2",
          "start" : 134,
          "length" : 36
        }
      ]
    },
    {
      "name" : "fsh-generated/resources/Patient-patient-anon.json",
      "size" : 5264,
      "processes" : [
        {
          "activity" : "loadResources",
          "start" : 88,
          "length" : 8
        },
        {
          "activity" : "load",
          "start" : 89,
          "length" : 1
        },
        {
          "activity" : "generateNarratives",
          "start" : 93,
          "length" : 60
        },
        {
          "activity" : "validate",
          "start" : 116,
          "length" : 123
        },
        {
          "activity" : "generate1",
          "start" : 118,
          "length" : 45
        },
        {
          "activity" : "generate2",
          "start" : 134,
          "length" : 36
        },
        {
          "activity" : "scanExamplesForR5",
          "start" : 246,
          "length" : 1
        }
      ]
    },
    {
      "name" : "fsh-generated/resources/Practitioner-practitioner-anon.json",
      "size" : 1083,
      "processes" : [
        {
          "activity" : "loadResources",
          "start" : 88,
          "length" : 7
        },
        {
          "activity" : "load-configure",
          "start" : 89,
          "length" : 1
        },
        {
          "activity" : "generateNarratives",
          "start" : 93,
          "length" : 14
        },
        {
          "activity" : "validate",
          "start" : 116,
          "length" : 16
        },
        {
          "activity" : "generate1",
          "start" : 118,
          "length" : 26
        },
        {
          "activity" : "generate2",
          "start" : 134,
          "length" : 31
        }
      ]
    },
    {
      "name" : "fsh-generated/resources/PractitionerRole-practitionerrole-anon.json",
      "size" : 1256,
      "processes" : [
        {
          "activity" : "loadResources",
          "start" : 88,
          "length" : 6
        },
        {
          "activity" : "generateNarratives",
          "start" : 93,
          "length" : 40
        },
        {
          "activity" : "validate",
          "start" : 116,
          "length" : 16
        },
        {
          "activity" : "generate1",
          "start" : 118,
          "length" : 28
        },
        {
          "activity" : "generate2",
          "start" : 134,
          "length" : 54
        }
      ]
    },
    {
      "name" : "fsh-generated/resources/Procedure-procedure-ecmo-anon.json",
      "size" : 878,
      "processes" : [
        {
          "activity" : "loadResources",
          "start" : 88,
          "length" : 7
        },
        {
          "activity" : "generateNarratives",
          "start" : 93,
          "length" : 30
        },
        {
          "activity" : "validate",
          "start" : 116,
          "length" : 10
        },
        {
          "activity" : "generate1",
          "start" : 118,
          "length" : 28
        },
        {
          "activity" : "generate2",
          "start" : 134,
          "length" : 42
        }
      ]
    },
    {
      "name" : "fsh-generated/resources/ServiceRequest-servicerequest-zika-anon.json",
      "size" : 1037,
      "processes" : [
        {
          "activity" : "loadResources",
          "start" : 88,
          "length" : 8
        },
        {
          "activity" : "generateNarratives",
          "start" : 93,
          "length" : 28
        },
        {
          "activity" : "validate",
          "start" : 116,
          "length" : 10
        },
        {
          "activity" : "generate1",
          "start" : 118,
          "length" : 23
        },
        {
          "activity" : "generate2",
          "start" : 134,
          "length" : 46
        },
        {
          "activity" : "generateExampleZip",
          "start" : 203,
          "length" : 1
        }
      ]
    },
    {
      "name" : "fsh-generated/resources/StructureDefinition-caculated-age-observation.json",
      "size" : 2916,
      "processes" : [
        {
          "activity" : "loadResources",
          "start" : 88,
          "length" : 5
        },
        {
          "activity" : "load",
          "start" : 89,
          "length" : 18
        },
        {
          "activity" : "generateSnapshots",
          "start" : 89,
          "length" : 196
        },
        {
          "activity" : "checkR4R4B",
          "start" : 90,
          "length" : 1
        },
        {
          "activity" : "generateNarratives",
          "start" : 93,
          "length" : 59
        },
        {
          "activity" : "validate",
          "start" : 94,
          "length" : 1004
        },
        {
          "activity" : "checkConformanceResources",
          "start" : 108,
          "length" : 2
        },
        {
          "activity" : "scanForUsageStats",
          "start" : 108,
          "length" : 2
        },
        {
          "activity" : "generate1",
          "start" : 118,
          "length" : 450
        },
        {
          "activity" : "generate2",
          "start" : 134,
          "length" : 2361
        },
        {
          "activity" : "generateExampleZip",
          "start" : 203,
          "length" : 1
        },
        {
          "activity" : "generateValidationPack",
          "start" : 204,
          "length" : 8
        },
        {
          "activity" : "scanProfilesForR5",
          "start" : 246,
          "length" : 1
        }
      ]
    },
    {
      "name" : "fsh-generated/resources/StructureDefinition-eicr-anon-composition.json",
      "size" : 9283,
      "processes" : [
        {
          "activity" : "loadResources",
          "start" : 88,
          "length" : 6
        },
        {
          "activity" : "load",
          "start" : 89,
          "length" : 13
        },
        {
          "activity" : "generateSnapshots",
          "start" : 89,
          "length" : 520
        },
        {
          "activity" : "generateNarratives",
          "start" : 93,
          "length" : 226
        },
        {
          "activity" : "validate",
          "start" : 95,
          "length" : 3889
        },
        {
          "activity" : "checkConformanceResources",
          "start" : 108,
          "length" : 1
        },
        {
          "activity" : "scanForUsageStats",
          "start" : 108,
          "length" : 4
        },
        {
          "activity" : "generate1",
          "start" : 118,
          "length" : 2715
        },
        {
          "activity" : "generate2",
          "start" : 137,
          "length" : 4497
        },
        {
          "activity" : "generateValidationPack",
          "start" : 204,
          "length" : 43
        },
        {
          "activity" : "scanExamplesForR5",
          "start" : 246,
          "length" : 2
        }
      ]
    },
    {
      "name" : "fsh-generated/resources/StructureDefinition-eicr-anon-document-bundle.json",
      "size" : 6674,
      "processes" : [
        {
          "activity" : "loadResources",
          "start" : 88,
          "length" : 6
        },
        {
          "activity" : "load",
          "start" : 89,
          "length" : 5
        },
        {
          "activity" : "generateSnapshots",
          "start" : 90,
          "length" : 77
        },
        {
          "activity" : "generateNarratives",
          "start" : 93,
          "length" : 32
        },
        {
          "activity" : "validate",
          "start" : 99,
          "length" : 1739
        },
        {
          "activity" : "scanForUsageStats",
          "start" : 108,
          "length" : 1
        },
        {
          "activity" : "generate1",
          "start" : 121,
          "length" : 463
        },
        {
          "activity" : "generate2",
          "start" : 141,
          "length" : 673
        },
        {
          "activity" : "generateValidationPack",
          "start" : 204,
          "length" : 6
        }
      ]
    },
    {
      "name" : "fsh-generated/resources/StructureDefinition-eicr-anon-employer-extension.json",
      "size" : 1766,
      "processes" : [
        {
          "activity" : "loadResources",
          "start" : 88,
          "length" : 5
        },
        {
          "activity" : "load",
          "start" : 89,
          "length" : 5
        },
        {
          "activity" : "generateSnapshots",
          "start" : 90,
          "length" : 66
        },
        {
          "activity" : "generateNarratives",
          "start" : 93,
          "length" : 12
        },
        {
          "activity" : "validate",
          "start" : 101,
          "length" : 46
        },
        {
          "activity" : "scanForUsageStats",
          "start" : 108,
          "length" : 1
        },
        {
          "activity" : "generate1",
          "start" : 122,
          "length" : 82
        },
        {
          "activity" : "generate2",
          "start" : 142,
          "length" : 227
        },
        {
          "activity" : "makeDependencies",
          "start" : 166,
          "length" : 1
        },
        {
          "activity" : "generateValidationPack",
          "start" : 204,
          "length" : 2
        }
      ]
    },
    {
      "name" : "fsh-generated/resources/StructureDefinition-eicr-anon-encounter.json",
      "size" : 2684,
      "processes" : [
        {
          "activity" : "loadResources",
          "start" : 88,
          "length" : 4
        },
        {
          "activity" : "load",
          "start" : 89,
          "length" : 5
        },
        {
          "activity" : "generateSnapshots",
          "start" : 90,
          "length" : 36
        },
        {
          "activity" : "generateNarratives",
          "start" : 94,
          "length" : 37
        },
        {
          "activity" : "validate",
          "start" : 101,
          "length" : 542
        },
        {
          "activity" : "scanForUsageStats",
          "start" : 108,
          "length" : 1
        },
        {
          "activity" : "generate1",
          "start" : 122,
          "length" : 500
        },
        {
          "activity" : "generate2",
          "start" : 142,
          "length" : 843
        },
        {
          "activity" : "generateValidationPack",
          "start" : 204,
          "length" : 9
        }
      ]
    },
    {
      "name" : "fsh-generated/resources/StructureDefinition-eicr-anon-immunization.json",
      "size" : 1740,
      "processes" : [
        {
          "activity" : "loadResources",
          "start" : 88,
          "length" : 5
        },
        {
          "activity" : "load-configure",
          "start" : 89,
          "length" : 1
        },
        {
          "activity" : "load",
          "start" : 89,
          "length" : 5
        },
        {
          "activity" : "generateSnapshots",
          "start" : 90,
          "length" : 39
        },
        {
          "activity" : "generateNarratives",
          "start" : 94,
          "length" : 21
        },
        {
          "activity" : "validate",
          "start" : 101,
          "length" : 432
        },
        {
          "activity" : "scanForUsageStats",
          "start" : 108,
          "length" : 1
        },
        {
          "activity" : "generate1",
          "start" : 122,
          "length" : 355
        },
        {
          "activity" : "generate2",
          "start" : 143,
          "length" : 542
        },
        {
          "activity" : "generateValidationPack",
          "start" : 204,
          "length" : 4
        },
        {
          "activity" : "scanProfilesForR5",
          "start" : 246,
          "length" : 1
        },
        {
          "activity" : "scanExamplesForR5",
          "start" : 246,
          "length" : 1
        }
      ]
    },
    {
      "name" : "fsh-generated/resources/StructureDefinition-eicr-anon-location.json",
      "size" : 2703,
      "processes" : [
        {
          "activity" : "loadResources",
          "start" : 88,
          "length" : 5
        },
        {
          "activity" : "load",
          "start" : 89,
          "length" : 6
        },
        {
          "activity" : "generateSnapshots",
          "start" : 90,
          "length" : 26
        },
        {
          "activity" : "generateNarratives",
          "start" : 94,
          "length" : 23
        },
        {
          "activity" : "validate",
          "start" : 102,
          "length" : 338
        },
        {
          "activity" : "scanForUsageStats",
          "start" : 108,
          "length" : 1
        },
        {
          "activity" : "generate1",
          "start" : 123,
          "length" : 329
        },
        {
          "activity" : "generate2",
          "start" : 143,
          "length" : 577
        },
        {
          "activity" : "generateExampleZip",
          "start" : 203,
          "length" : 1
        },
        {
          "activity" : "generateValidationPack",
          "start" : 204,
          "length" : 6
        }
      ]
    },
    {
      "name" : "fsh-generated/resources/StructureDefinition-eicr-anon-org-name-addr-tele.json",
      "size" : 2608,
      "processes" : [
        {
          "activity" : "loadResources",
          "start" : 88,
          "length" : 6
        },
        {
          "activity" : "load",
          "start" : 89,
          "length" : 8
        },
        {
          "activity" : "generateSnapshots",
          "start" : 90,
          "length" : 64
        },
        {
          "activity" : "generateNarratives",
          "start" : 94,
          "length" : 37
        },
        {
          "activity" : "validate",
          "start" : 102,
          "length" : 464
        },
        {
          "activity" : "scanForUsageStats",
          "start" : 108,
          "length" : 1
        },
        {
          "activity" : "generate1",
          "start" : 123,
          "length" : 398
        },
        {
          "activity" : "generate2",
          "start" : 144,
          "length" : 666
        },
        {
          "activity" : "generateValidationPack",
          "start" : 204,
          "length" : 6
        }
      ]
    },
    {
      "name" : "fsh-generated/resources/StructureDefinition-eicr-anon-org-telecom.json",
      "size" : 2438,
      "processes" : [
        {
          "activity" : "loadResources",
          "start" : 88,
          "length" : 6
        },
        {
          "activity" : "load",
          "start" : 89,
          "length" : 5
        },
        {
          "activity" : "generateNarratives",
          "start" : 94,
          "length" : 28
        },
        {
          "activity" : "validate",
          "start" : 102,
          "length" : 315
        },
        {
          "activity" : "checkConformanceResources",
          "start" : 108,
          "length" : 1
        },
        {
          "activity" : "scanForUsageStats",
          "start" : 108,
          "length" : 1
        },
        {
          "activity" : "generate1",
          "start" : 123,
          "length" : 379
        },
        {
          "activity" : "generate2",
          "start" : 145,
          "length" : 526
        },
        {
          "activity" : "generateValidationPack",
          "start" : 204,
          "length" : 5
        },
        {
          "activity" : "scanExamplesForR5",
          "start" : 246,
          "length" : 1
        }
      ]
    },
    {
      "name" : "fsh-generated/resources/StructureDefinition-eicr-anon-organization.json",
      "size" : 2530,
      "processes" : [
        {
          "activity" : "loadResources",
          "start" : 88,
          "length" : 5
        },
        {
          "activity" : "load",
          "start" : 89,
          "length" : 6
        },
        {
          "activity" : "generateNarratives",
          "start" : 94,
          "length" : 20
        },
        {
          "activity" : "validate",
          "start" : 103,
          "length" : 291
        },
        {
          "activity" : "scanForUsageStats",
          "start" : 108,
          "length" : 1
        },
        {
          "activity" : "generate1",
          "start" : 124,
          "length" : 339
        },
        {
          "activity" : "generate2",
          "start" : 145,
          "length" : 584
        },
        {
          "activity" : "generateValidationPack",
          "start" : 204,
          "length" : 8
        }
      ]
    },
    {
      "name" : "fsh-generated/resources/StructureDefinition-eicr-anon-past-or-present-job.json",
      "size" : 3151,
      "processes" : [
        {
          "activity" : "loadResources",
          "start" : 88,
          "length" : 5
        },
        {
          "activity" : "load",
          "start" : 89,
          "length" : 7
        },
        {
          "activity" : "generateSnapshots",
          "start" : 90,
          "length" : 138
        },
        {
          "activity" : "generateNarratives",
          "start" : 94,
          "length" : 97
        },
        {
          "activity" : "validate",
          "start" : 103,
          "length" : 1799
        },
        {
          "activity" : "scanForUsageStats",
          "start" : 108,
          "length" : 4
        },
        {
          "activity" : "generate1",
          "start" : 124,
          "length" : 1900
        },
        {
          "activity" : "generate2",
          "start" : 146,
          "length" : 2168
        },
        {
          "activity" : "generateValidationPack",
          "start" : 204,
          "length" : 37
        },
        {
          "activity" : "scanExamplesForR5",
          "start" : 246,
          "length" : 2
        }
      ]
    },
    {
      "name" : "fsh-generated/resources/StructureDefinition-eicr-anon-patient.json",
      "size" : 11832,
      "processes" : [
        {
          "activity" : "loadResources",
          "start" : 88,
          "length" : 6
        },
        {
          "activity" : "load",
          "start" : 89,
          "length" : 11
        },
        {
          "activity" : "generateSnapshots",
          "start" : 90,
          "length" : 59
        },
        {
          "activity" : "generateNarratives",
          "start" : 94,
          "length" : 104
        },
        {
          "activity" : "validate",
          "start" : 105,
          "length" : 1501
        },
        {
          "activity" : "checkConformanceResources",
          "start" : 108,
          "length" : 1
        },
        {
          "activity" : "scanForUsageStats",
          "start" : 108,
          "length" : 4
        },
        {
          "activity" : "generate1",
          "start" : 126,
          "length" : 1470
        },
        {
          "activity" : "generate2",
          "start" : 148,
          "length" : 1919
        },
        {
          "activity" : "generateValidationPack",
          "start" : 204,
          "length" : 22
        },
        {
          "activity" : "scanProfilesForR5",
          "start" : 246,
          "length" : 1
        },
        {
          "activity" : "scanExamplesForR5",
          "start" : 246,
          "length" : 2
        }
      ]
    },
    {
      "name" : "fsh-generated/resources/StructureDefinition-eicr-anon-practitioner.json",
      "size" : 7164,
      "processes" : [
        {
          "activity" : "loadResources",
          "start" : 88,
          "length" : 7
        },
        {
          "activity" : "load-configure",
          "start" : 89,
          "length" : 1
        },
        {
          "activity" : "load",
          "start" : 89,
          "length" : 8
        },
        {
          "activity" : "generateSnapshots",
          "start" : 90,
          "length" : 18
        },
        {
          "activity" : "generateNarratives",
          "start" : 94,
          "length" : 33
        },
        {
          "activity" : "validate",
          "start" : 106,
          "length" : 481
        },
        {
          "activity" : "scanForUsageStats",
          "start" : 108,
          "length" : 1
        },
        {
          "activity" : "generate1",
          "start" : 127,
          "length" : 495
        },
        {
          "activity" : "generate2",
          "start" : 150,
          "length" : 635
        },
        {
          "activity" : "generateValidationPack",
          "start" : 204,
          "length" : 9
        },
        {
          "activity" : "scanExamplesForR5",
          "start" : 246,
          "length" : 1
        }
      ]
    },
    {
      "name" : "fsh-generated/resources/StructureDefinition-eicr-anon-practitionerrole.json",
      "size" : 3782,
      "processes" : [
        {
          "activity" : "loadResources",
          "start" : 88,
          "length" : 6
        },
        {
          "activity" : "load",
          "start" : 89,
          "length" : 5
        },
        {
          "activity" : "generateSnapshots",
          "start" : 90,
          "length" : 10
        },
        {
          "activity" : "generateNarratives",
          "start" : 94,
          "length" : 28
        },
        {
          "activity" : "validate",
          "start" : 107,
          "length" : 321
        },
        {
          "activity" : "scanForUsageStats",
          "start" : 108,
          "length" : 1
        },
        {
          "activity" : "generate1",
          "start" : 128,
          "length" : 312
        },
        {
          "activity" : "generate2",
          "start" : 150,
          "length" : 471
        },
        {
          "activity" : "generateExampleZip",
          "start" : 203,
          "length" : 1
        },
        {
          "activity" : "generateValidationPack",
          "start" : 204,
          "length" : 4
        }
      ]
    },
    {
      "name" : "fsh-generated/resources/StructureDefinition-eicr-anon-relatedperson.json",
      "size" : 7590,
      "processes" : [
        {
          "activity" : "loadResources",
          "start" : 88,
          "length" : 6
        },
        {
          "activity" : "load",
          "start" : 89,
          "length" : 7
        },
        {
          "activity" : "generateSnapshots",
          "start" : 90,
          "length" : 15
        },
        {
          "activity" : "generateNarratives",
          "start" : 94,
          "length" : 33
        },
        {
          "activity" : "validate",
          "start" : 107,
          "length" : 468
        },
        {
          "activity" : "scanForUsageStats",
          "start" : 108,
          "length" : 2
        },
        {
          "activity" : "generate1",
          "start" : 128,
          "length" : 515
        },
        {
          "activity" : "generate2",
          "start" : 151,
          "length" : 561
        },
        {
          "activity" : "generateValidationPack",
          "start" : 204,
          "length" : 8
        }
      ]
    }
  ]
}
