{
  "url" : "http://fhir.org/fhir/us/anonymized-eicr/ImplementationGuide/ecr.fhir.us.anonymized-eicr",
  "name" : "EICRAnonymized",
  "title" : "CDC FHIR® Implementation Guide: Anonymized Electronic Initial Case Reporting (eICR)",
  "description" : null,
  "status" : "active",
  "package-id" : "ecr.fhir.us.anonymized-eicr",
  "ig-ver" : "1.0.0",
  "date" : "Tue, 11 Jun, 2024 20:23:02 +1000",
  "dateISO8601" : "2024-06-11T20:23:02+10:00",
  "errs" : 6,
  "warnings" : 45,
  "hints" : 54,
  "suppressed-hints" : 0,
  "suppressed-warnings" : 0,
  "version" : "4.0.1",
  "tool" : "5.0.0 (3)",
  "maxMemory" : 2455635768
}
